year,state_name,state_code,district_name,district_code,registration_circles,murder_homicide,rape_sexual_violence,attempted_rape,assault_modesty,kidnapping_abduction,kidnapping_ransom,human_trafficking,crimes_against_children,pocso_crimes,cruelty_domestic_violence,dowry_crimes,acid_attack,suicide_abetment,hurt_grievous_hurt,juvenile_crimes,cybercrime,cyber_fraud,identity_privacy_crimes,cyber_harassment_threats,online_sexual_obscene_crimes,cheating_fraud,theft_property_crimes,forgery_counterfeiting,immoral_traffic_prostitution,other_ipc_special_laws
2017,Andaman And Nicobar Islands,35,Nicobars,603,Nicobar,0,5,0,0,0,0,0,8,7,0,0,0,0,0,1,0,0,0,0,0,0,0,0,0,0
2017,Andaman And Nicobar Islands,35,North And Middle Andaman,632,North & Middle Andaman,3,5,0,0,0,0,0,0,0,0,0,0,0,0,0,0,0,0,0,0,3,0,1,0,8
2017,Andaman And Nicobar Islands,35,North And Middle Andaman,632,North And Middle Andaman,0,0,0,0,7,0,0,42,26,0,0,0,0,0,4,0,0,0,0,0,0,0,0,0,0
2017,Andaman And Nicobar Islands,35,North And Middle Andaman,632,North Andmiddle Andaman,0,28,0,19,0,0,0,0,0,3,0,0,0,0,0,0,0,0,0,0,0,0,0,0,0
2017,Andaman And Nicobar Islands,35,South Andamans,602,South Andaman,6,36,0,34,26,0,0,69,32,1,1,0,0,2,12,3,0,2,0,1,14,8,0,0,4
2017,Andhra Pradesh,28,Anantapur,502,Anantapur,4,23,0,10,33,4,1,120,3,0,0,0,1,19,0,0,0,0,0,0,0,0,0,0,0
2017,Andhra Pradesh,28,Anantapur,502,Guntakal Railway,1,0,0,0,0,0,0,3,2,0,0,0,0,0,0,0,0,0,0,0,0,0,0,0,0
2017,Andhra Pradesh,28,Ananthapuramu,502,Anantapur,113,86,11,425,46,8,5,0,0,471,14,0,55,0,188,86,15,0,14,0,152,28,4,10,209
2017,Andhra Pradesh,28,Ananthapuramu,502,Guntakal Railway,11,0,0,7,0,0,0,0,0,1,3,0,1,0,0,0,0,0,0,0,0,6,0,0,6
2017,Andhra Pradesh,28,Chittoor,503,Chittoor,74,72,9,185,11,2,0,81,9,212,36,0,25,4,16,6,1,0,0,1,142,12,8,0,473
2017,Andhra Pradesh,28,East Godavari,505,East Godavari,73,305,12,679,24,4,0,167,2,601,12,1,18,3,136,78,18,2,10,0,302,18,34,0,95
2017,Andhra Pradesh,28,East Godavari,505,Rajahmundry,16,63,4,140,12,0,6,46,0,163,1,0,12,0,127,10,5,0,0,0,61,14,6,9,17
2017,Andhra Pradesh,28,Guntur,506,Guntur,103,238,27,749,24,1,0,185,0,558,14,0,49,0,98,63,18,3,5,0,373,19,11,5,763
2017,Andhra Pradesh,28,Guntur,506,Guntur Urban,34,100,8,372,177,0,0,167,5,335,2,0,35,0,33,88,39,4,2,0,415,16,0,45,198
2017,Andhra Pradesh,28,Krishna,510,Krishna,37,208,18,704,148,0,0,183,0,620,14,0,33,8,32,21,10,0,0,0,322,10,0,4,1249
2017,Andhra Pradesh,28,Kurnool,511,Kurnool,97,100,6,753,39,0,0,99,26,313,413,0,70,3,40,53,0,0,0,0,334,12,6,6,1147
2017,Andhra Pradesh,28,Ntr,749,Vijayawada City,36,196,2,470,33,1,26,252,0,460,10,0,18,15,171,364,148,7,20,0,511,53,64,4,346
2017,Andhra Pradesh,28,Ntr,749,Vijayawada Railway,8,0,0,10,1,0,0,6,0,1,0,0,3,0,5,0,0,0,0,0,1,16,0,0,0
2017,Andhra Pradesh,28,Prakasam,517,Prakasham,97,294,13,382,75,0,21,218,96,598,7,0,37,0,48,32,0,11,0,2,149,30,18,0,295
2017,Andhra Pradesh,28,Spsr Nellore,515,Nellore,2,43,0,2,16,0,0,89,14,0,0,0,1,0,0,0,0,0,0,0,0,0,0,0,0
2017,Andhra Pradesh,28,Sri Potti Sriramulu Nellore,515,Nellore,67,116,15,386,25,0,2,0,1,469,6,0,28,0,84,0,0,0,0,0,169,44,10,13,317
2017,Andhra Pradesh,28,Srikakulam,519,Srikakulam,33,103,0,113,12,0,2,61,3,224,7,0,20,2,33,51,16,5,3,0,115,3,3,1,103
2017,Andhra Pradesh,28,Tirupati,752,Tirupathi Urban,38,64,4,140,26,0,0,51,18,86,7,0,10,0,0,55,15,0,4,0,254,14,30,1,236
2017,Andhra Pradesh,28,Visakhapatanam,520,Visakha Rural,2,8,0,7,7,0,0,36,3,0,0,0,0,0,0,0,0,0,0,0,0,0,0,0,0
2017,Andhra Pradesh,28,Visakhapatanam,520,Visakhapatnam,0,27,0,18,125,0,0,204,3,0,0,0,4,12,0,0,0,0,0,0,0,0,0,0,0
2017,Andhra Pradesh,28,Visakhapatnam,520,Visakha Rural,39,70,5,172,18,0,0,0,0,116,1,0,6,0,21,3,1,1,0,0,77,4,4,0,490
2017,Andhra Pradesh,28,Visakhapatnam,520,Visakhapatnam,40,180,0,390,83,1,6,0,1,449,7,0,16,0,170,366,43,187,10,0,543,49,41,9,527
2017,Andhra Pradesh,28,Vizianagaram,521,Vizianagaram,30,94,2,160,12,0,1,50,8,221,3,0,7,7,32,29,13,0,0,0,94,6,4,0,1929
2017,Andhra Pradesh,28,West Godavari,523,West Godavari,60,190,33,594,102,3,8,261,165,777,7,1,33,15,131,77,19,0,5,1,436,25,15,11,277
2017,Andhra Pradesh,28,Y.S.R.,504,Cuddapah,94,115,6,561,25,0,6,118,22,481,22,0,137,3,65,54,6,11,0,2,212,19,45,4,453
2017,Arunachal Pradesh,12,Anjaw,628,Anjaw,2,0,0,2,2,0,0,2,0,0,0,0,0,0,0,0,0,0,0,0,1,0,0,0,3
2017,Arunachal Pradesh,12,Changlang,229,Changlang,9,8,0,4,6,1,0,7,0,1,0,0,0,0,6,0,0,0,0,0,2,3,1,0,4
2017,Arunachal Pradesh,12,Dibang Valley,230,Dibang Valley,1,2,0,0,1,0,0,1,0,0,0,0,0,0,0,0,0,0,0,0,0,0,0,0,0
2017,Arunachal Pradesh,12,East Kameng,231,Kameng East,4,9,0,6,1,0,0,1,0,1,0,0,0,0,0,0,0,0,0,0,3,1,1,0,9
2017,Arunachal Pradesh,12,East Kameng,231,Kameng West,0,2,0,1,1,0,0,4,0,0,0,0,0,0,0,0,0,0,0,0,0,0,0,0,0
2017,Arunachal Pradesh,12,East Siang,232,Siang East,5,19,6,9,8,0,0,13,0,11,0,0,1,0,10,0,0,0,0,0,7,10,4,0,34
2017,Arunachal Pradesh,12,Kamle,718,Kamle,0,3,0,1,0,0,0,1,0,0,0,0,0,0,1,0,0,0,0,0,0,0,0,0,2
2017,Arunachal Pradesh,12,Kurung Kumey,233,Kurung Kumey,9,0,0,4,0,0,0,4,0,1,0,0,0,0,0,0,0,0,0,0,0,0,0,0,10
2017,Arunachal Pradesh,12,Lohit,234,Lohit,1,4,0,3,10,1,0,3,0,3,0,0,0,0,12,0,0,0,0,0,2,1,0,1,12
2017,Arunachal Pradesh,12,Longding,666,Longding,3,19,0,2,0,3,0,10,0,0,0,0,0,5,0,0,0,0,0,0,2,6,0,0,12
2017,Arunachal Pradesh,12,Lower Dibang Valley,235,Lower Dibang Valley,2,0,0,2,0,0,0,0,0,0,0,0,0,0,1,0,0,0,0,0,4,6,0,0,2
2017,Arunachal Pradesh,12,Lower Siang,719,Lower Siang,1,5,6,3,1,0,0,3,0,0,0,0,0,1,0,0,0,0,0,0,4,2,0,0,2
2017,Arunachal Pradesh,12,Lower Subansiri,236,Subansiri Lower,6,0,0,2,2,0,0,0,0,2,0,0,0,0,0,0,0,0,0,0,3,4,0,0,19
2017,Arunachal Pradesh,12,Namsai,678,Namsai,8,9,1,7,1,0,0,10,6,0,0,0,0,0,0,0,0,0,0,0,2,11,1,0,6
2017,Arunachal Pradesh,12,Papum Pare,237,Crime Branch,1,0,0,0,0,1,0,0,0,0,0,0,0,0,0,1,0,1,0,0,0,0,0,0,0
2017,Arunachal Pradesh,12,Papum Pare,237,Papum Pare City,11,33,8,43,51,3,2,50,3,30,0,0,3,2,4,0,0,0,0,0,16,16,15,2,107
2017,Arunachal Pradesh,12,Papum Pare,237,Papum Pare Rural,6,10,0,0,0,0,0,5,2,0,0,0,0,0,5,0,0,0,0,0,0,0,1,0,18
2017,Arunachal Pradesh,12,Siang,679,Siang,0,7,0,0,0,0,0,1,0,0,0,0,0,0,0,0,0,0,0,0,0,1,0,0,2
2017,Arunachal Pradesh,12,Tawang,238,Tawang,2,3,0,0,0,0,0,2,0,0,0,0,0,0,0,0,0,0,0,0,5,0,1,0,11
2017,Arunachal Pradesh,12,Tirap,239,Tirap,3,0,1,3,0,0,0,0,0,0,0,0,0,0,0,0,0,0,0,0,0,0,0,0,3
2017,Arunachal Pradesh,12,Upper Siang,240,Siang Upper,1,3,0,1,3,0,0,1,0,0,0,0,0,0,0,0,0,0,0,0,0,0,0,0,6
2017,Arunachal Pradesh,12,Upper Subansiri,241,Subansiri Upper,5,6,2,9,3,0,0,9,3,5,0,0,1,1,8,0,0,0,0,0,3,0,0,0,12
2017,Arunachal Pradesh,12,West Kameng,242,Kameng West,5,4,0,4,2,0,0,0,0,1,0,0,0,0,8,0,0,0,0,0,1,3,2,0,19
2017,Arunachal Pradesh,12,West Siang,243,Siang West,2,16,0,9,7,0,0,11,0,1,0,0,0,0,0,0,0,0,0,0,9,0,1,0,17
2017,Assam,18,Baksa,616,Baksa,33,96,1,45,167,0,2,119,38,92,3,0,0,0,5,18,0,0,3,11,56,23,11,0,38
2017,Assam,18,Barpeta,280,Barpeta,53,361,52,261,393,3,15,186,172,792,22,0,0,0,0,140,0,0,70,0,0,30,68,6,1478
2017,Assam,18,Biswanath,705,Biswanath,39,52,0,57,72,0,11,98,28,111,6,0,2,0,0,15,0,0,0,15,40,4,30,0,0
2017,Assam,18,Bongaigaon,281,Bongaigaon,17,119,13,56,93,0,6,76,39,338,9,0,0,0,0,39,0,0,0,0,164,33,0,0,697
2017,Assam,18,Cachar,282,Cachar,57,139,8,149,459,0,2,94,37,457,25,0,0,0,32,70,0,0,0,0,99,48,68,3,1450
2017,Assam,18,Charaideo,708,Charaideo,32,41,0,15,74,0,4,106,24,81,1,0,1,0,0,12,0,1,0,8,39,13,3,2,105
2017,Assam,18,Chirang,612,Chirang,16,68,0,17,30,2,4,11,8,74,0,0,3,0,2,11,0,0,0,0,35,7,5,0,0
2017,Assam,18,Darrang,283,Darrang,34,181,18,366,135,0,10,165,37,552,6,0,0,0,25,113,0,0,36,77,239,16,42,0,969
2017,Assam,18,Dhemaji,284,Dhemaji,20,101,20,98,54,0,2,96,27,149,7,0,1,0,8,23,0,3,0,0,40,22,4,2,140
2017,Assam,18,Dhubri,285,Dhubri,47,230,54,562,261,11,28,304,93,1054,18,0,1,0,0,0,0,0,0,0,71,50,37,5,118
2017,Assam,18,Dibrugarh,286,Dibrugarh,55,93,2,52,306,0,2,106,41,299,27,0,8,0,0,60,0,7,3,16,107,55,9,0,1729
2017,Assam,18,Dima Hasao,299,Dima Hasao,11,2,0,0,27,14,2,15,0,8,0,0,0,0,0,0,0,0,0,0,0,5,0,0,0
2017,Assam,18,Goalpara,287,Goalpara,22,107,28,100,169,2,7,102,13,123,6,3,0,0,30,20,0,0,0,0,80,11,0,0,535
2017,Assam,18,Golaghat,288,Golaghat,49,130,4,125,193,2,8,119,33,310,2,0,0,0,0,30,0,20,0,8,84,46,0,4,565
2017,Assam,18,Hailakandi,289,Hailakandi,19,178,8,88,79,0,0,28,22,273,7,0,0,0,0,17,0,0,0,1,87,41,12,0,0
2017,Assam,18,Hojai,709,Hojai,30,135,26,391,229,4,10,248,33,268,10,0,4,0,14,58,23,1,1,4,293,25,6,0,25
2017,Assam,18,Jorhat,290,Jorhat,43,94,12,115,223,0,4,162,36,388,2,0,0,0,0,69,0,0,0,0,175,35,55,4,1240
2017,Assam,18,Kamrup,291,Kamrup,44,221,5,150,156,4,14,196,76,350,3,0,0,0,0,42,0,11,0,14,1,55,0,0,2217
2017,Assam,18,Kamrup Metro,618,Bieo,0,0,0,0,0,0,0,0,0,0,0,0,0,0,0,0,0,0,0,0,1,0,4,0,0
2017,Assam,18,Kamrup Metro,618,Cid,0,0,0,0,0,0,0,0,0,0,0,0,0,0,0,5,0,5,0,0,11,0,0,0,1
2017,Assam,18,Kamrup Metro,618,Grp,9,1,0,5,1,0,3,5,1,0,0,0,0,0,0,0,0,0,0,0,4,6,0,0,52
2017,Assam,18,Kamrup Metro,618,Guwahati City,85,378,6,264,319,4,15,529,106,688,50,0,15,0,0,267,0,34,10,20,1262,340,282,4,80
2017,Assam,18,Kamrup Metro,618,Rpo,7,6,0,1,0,0,0,0,0,15,0,0,0,0,0,0,0,0,0,0,0,1,8,0,30
2017,Assam,18,Kamrup Metro,618,Sou,0,0,0,0,0,0,0,0,0,0,0,0,0,0,0,0,0,0,0,0,0,0,0,0,0
2017,Assam,18,Kamrup Metro,618,Stf,0,0,0,0,0,0,0,0,0,0,0,0,0,0,0,0,0,0,0,0,0,0,0,0,0
2017,Assam,18,Karbi Anglong,292,Karbi Anglong,33,33,1,39,81,9,13,102,11,69,3,0,0,13,0,21,0,2,5,4,29,5,12,4,20
2017,Assam,18,Karimganj,293,Karimganj,33,146,8,99,166,6,2,96,14,259,11,0,0,0,18,24,0,2,10,0,89,14,17,0,1091
2017,Assam,18,Kokrajhar,294,Kokrajhar,33,88,12,67,71,0,17,48,18,168,4,0,0,0,0,0,0,0,0,0,82,15,0,0,0
2017,Assam,18,Lakhimpur,295,Lakhimpur,41,187,0,26,552,19,32,337,57,438,66,0,0,0,4,14,0,0,0,0,2,39,0,0,1521
2017,Assam,18,Majuli,706,Majuli,0,12,3,15,0,0,0,6,0,33,0,0,1,0,0,7,0,0,0,0,11,2,0,2,0
2017,Assam,18,Marigaon,296,Morigaon,42,231,0,28,229,0,32,206,63,355,5,0,0,0,0,0,0,0,0,0,156,31,0,0,434
2017,Assam,18,Nagaon,297,Nagaon,71,249,29,304,215,6,22,760,63,963,36,1,5,460,0,58,0,49,0,0,0,101,0,4,625
2017,Assam,18,Nalbari,298,Nalbari,14,100,0,73,135,0,4,48,2,184,4,0,0,10,65,18,0,0,0,0,30,26,25,0,503
2017,Assam,18,Sivasagar,300,Sibsagar,39,39,9,32,281,0,0,131,31,233,15,0,1,0,38,33,0,6,0,38,134,30,7,4,218
2017,Assam,18,Sonitpur,301,Sonitpur,54,129,7,77,506,0,37,231,39,383,0,0,0,0,0,39,0,0,0,0,230,15,0,0,1787
2017,Assam,18,South Salmara Mancachar,707,South Salmara,19,175,0,0,13,3,4,45,21,0,6,0,0,0,5,13,0,0,0,13,24,3,8,0,387
2017,Assam,18,Tinsukia,302,Sadia,5,6,0,14,0,0,5,1,0,0,0,0,0,0,0,0,0,0,0,0,3,7,1,0,38
2017,Assam,18,Tinsukia,302,Tinsukia,57,177,20,59,164,0,5,81,48,220,4,0,6,0,0,49,0,3,0,10,65,69,15,0,355
2017,Assam,18,Udalguri,617,Udalguri,23,93,32,37,57,0,8,84,0,40,4,0,0,0,0,13,0,0,0,0,14,19,0,0,90
2017,Assam,18,West Karbi Anglong,710,Hamren,6,34,0,11,25,0,0,10,0,15,0,0,0,0,0,0,0,0,0,0,0,4,0,0,162
2017,Bihar,10,Araria,188,Araria,47,100,0,0,151,0,0,52,30,63,11,1,0,0,0,30,15,0,0,0,79,38,97,0,15
2017,Bihar,10,Arwal,611,Arwal,11,11,0,2,48,0,2,30,7,28,6,0,0,0,0,0,0,0,0,0,43,15,6,1,1
2017,Bihar,10,Aurangabad,189,Aurangabad,42,23,6,38,66,0,2,55,32,39,40,0,0,0,0,0,0,0,0,0,44,18,41,0,0
2017,Bihar,10,Balod,646,Balod,2,31,0,13,30,1,0,134,45,0,0,0,0,2,0,0,0,0,0,0,0,0,0,0,0
2017,Bihar,10,Baloda Bazar,644,Balodbazar,2,59,0,35,97,0,0,346,99,0,0,0,0,20,0,0,0,0,0,0,0,0,0,0,0
2017,Bihar,10,Balrampur,127,Balrampur,2,44,0,0,34,0,3,128,44,0,0,0,0,0,0,0,0,0,0,0,0,0,0,0,0
2017,Bihar,10,Banka,190,Banka,64,31,0,1,181,0,0,86,8,32,52,1,0,0,8,0,0,0,0,0,0,32,14,2,0
2017,Bihar,10,Bastar,374,Jagdalpur,2,39,0,0,30,0,0,157,46,0,0,0,0,0,0,0,0,0,0,0,0,0,0,0,0
2017,Bihar,10,Begusarai,191,Begusarai,88,32,10,10,182,0,0,93,47,46,45,1,0,0,0,0,0,0,0,0,31,72,56,0,0
2017,Bihar,10,Bemetara,650,Bemetra,3,25,0,21,52,0,0,184,46,0,0,0,0,3,0,0,0,0,0,0,0,0,0,0,0
2017,Bihar,10,Bhagalpur,192,Bhagalpur,75,119,6,6,283,5,1,66,43,114,155,0,0,0,50,0,0,0,0,0,191,62,95,0,0
2017,Bihar,10,Bhagalpur,192,Naugachia,33,8,1,5,140,0,0,58,9,23,33,0,0,0,0,0,0,0,0,0,29,22,8,0,0
2017,Bihar,10,Bhojpur,193,Bhojpur,90,23,19,3,200,0,0,122,27,180,34,0,0,0,0,0,0,0,0,0,370,38,157,0,0
2017,Bihar,10,Bijapur,636,Bizapur,1,7,0,4,7,0,0,61,9,0,0,0,0,0,0,0,0,0,0,0,0,0,0,0,0
2017,Bihar,10,Bilaspur,375,Bilaspur,0,71,0,77,239,0,0,559,147,0,0,0,0,18,0,0,0,0,0,0,0,0,0,0,0
2017,Bihar,10,Buxar,194,Buxar,44,21,4,5,95,0,0,77,34,41,88,0,0,0,5,18,9,0,0,0,123,19,32,0,11
2017,Bihar,10,Dantewada,376,Dantewara,0,15,0,4,15,0,1,79,20,0,0,0,0,1,0,0,0,0,0,0,0,0,0,0,0
2017,Bihar,10,Darbhanga,195,Darbhanga,36,50,0,10,368,3,0,238,52,195,17,0,0,23,0,18,9,0,0,0,262,40,18,0,9
2017,Bihar,10,Dhamtari,377,Dhamtari,2,34,0,14,17,0,0,146,53,0,0,0,0,1,0,0,0,0,0,0,0,0,0,0,0
2017,Bihar,10,Durg,378,Durg,3,66,0,74,238,0,0,691,148,0,0,0,0,120,0,0,0,0,0,0,0,0,0,0,0
2017,Bihar,10,Gariyaband,645,Gariyaband,1,20,0,5,9,0,1,78,26,0,0,0,0,8,0,0,0,0,0,0,0,0,0,0,0
2017,Bihar,10,Gaya,196,Gaya,167,59,22,5,424,1,2,227,49,141,108,0,0,0,151,30,15,0,0,0,104,82,45,0,15
2017,Bihar,10,Gopalganj,197,Gopalganj,69,16,0,0,278,2,0,171,21,54,61,0,0,0,24,10,5,0,0,0,44,45,83,0,5
2017,Bihar,10,Jamui,198,Jamui,49,23,0,1,149,4,0,94,12,75,11,0,0,0,120,0,0,0,0,0,0,14,3,0,1
2017,Bihar,10,Janjgir-Champa,379,Janjgir,4,52,0,34,82,0,0,338,87,0,0,0,1,25,0,0,0,0,0,0,0,0,0,0,0
2017,Bihar,10,Jashpur,380,Jashpur,2,50,0,12,55,0,9,220,66,0,0,0,0,1,0,0,0,0,0,0,0,0,0,0,0
2017,Bihar,10,Jehanabad,199,Jehanabad,40,28,3,9,88,0,0,30,25,31,18,0,0,0,0,54,25,0,2,0,85,22,23,0,27
2017,Bihar,10,Kabirdham,382,Kabirdham,2,22,0,14,60,0,0,117,0,0,0,0,1,13,0,0,0,0,0,0,0,0,0,0,0
2017,Bihar,10,Kaimur (Bhabua),200,Bhabhua,38,38,2,0,128,1,0,102,37,72,23,0,0,0,12,38,19,0,0,0,95,33,28,0,19
2017,Bihar,10,Kanker,381,Kanker,3,40,0,6,38,0,1,150,49,0,0,0,0,0,0,0,0,0,0,0,0,0,0,0,0
2017,Bihar,10,Katihar,201,Katihar,90,123,97,0,297,1,4,230,67,106,78,0,0,0,3,156,78,0,0,0,78,56,46,0,78
2017,Bihar,10,Katihar,201,Katihar Railway,4,0,0,4,4,0,0,2,1,0,0,0,0,0,0,0,0,0,0,0,4,10,3,0,9
2017,Bihar,10,Khagaria,202,Khagaria,56,15,5,3,65,0,0,17,12,78,10,0,0,0,0,18,9,0,0,0,191,23,1,0,9
2017,Bihar,10,Kishanganj,203,Kishanganj,39,59,0,0,91,0,2,19,19,33,42,0,0,0,0,0,0,0,0,0,42,22,19,1,0
2017,Bihar,10,Kondagaon,643,Kondagaon,0,25,0,4,13,0,2,73,29,0,0,0,0,0,0,0,0,0,0,0,0,0,0,0,0
2017,Bihar,10,Korba,383,Korba,8,47,0,29,74,0,0,278,74,0,0,0,0,15,0,0,0,0,0,0,0,0,0,0,0
2017,Bihar,10,Korea,384,Koriya,1,23,0,63,84,0,2,223,25,0,0,0,0,14,0,0,0,0,0,0,0,0,0,0,0
2017,Bihar,10,Lakhisarai,204,Lakhisarai,51,23,5,0,9,0,7,47,45,41,11,0,0,0,69,0,0,0,0,0,24,23,36,0,0
2017,Bihar,10,Madhepura,205,Madhepura,69,35,12,0,215,0,2,106,14,96,11,0,0,0,0,1,0,0,0,2,61,37,25,0,0
2017,Bihar,10,Madhubani,206,Madhubani,60,96,0,0,402,2,0,250,47,199,39,0,0,0,0,58,29,0,0,0,156,42,55,0,29
2017,Bihar,10,Mahasamund,385,Mahasamund,4,44,0,10,65,0,0,207,56,0,0,0,0,14,0,0,0,0,0,0,0,0,0,0,0
2017,Bihar,10,Mungeli,647,Mungali,1,42,0,13,33,0,0,167,55,0,0,0,0,13,0,0,0,0,0,0,0,0,0,0,0
2017,Bihar,10,Munger,207,Jamalpur Railway,4,0,0,5,2,0,0,1,0,0,0,0,0,0,0,0,0,0,0,0,0,7,0,0,0
2017,Bihar,10,Munger,207,Munger,57,22,4,7,55,0,0,14,10,78,11,0,0,0,157,0,0,0,0,0,112,26,7,0,0
2017,Bihar,10,Muzaffarpur,208,Muzaffarpur,140,86,23,17,571,8,8,360,86,121,84,0,0,0,77,0,0,0,0,0,354,113,106,0,0
2017,Bihar,10,Muzaffarpur,208,Muzaffarpur Railway,11,3,0,0,13,0,0,50,4,1,0,0,0,0,47,0,0,0,0,0,8,4,4,0,87
2017,Bihar,10,Nalanda,209,Nalanda,95,40,0,0,459,2,3,306,48,107,200,0,0,0,21,4,2,0,0,0,423,77,34,0,2
2017,Bihar,10,Narayanpur,637,Narayanpur,1,8,0,0,11,0,0,29,8,0,0,0,0,0,0,0,0,0,0,0,0,0,0,0,0
2017,Bihar,10,Nawada,210,Nawadah,61,49,0,7,197,1,1,118,34,54,17,1,0,0,120,0,0,0,0,0,139,25,10,0,0
2017,Bihar,10,Pashchim Champaran,211,Bagaha,27,18,3,0,73,0,0,17,14,30,16,0,0,0,0,14,7,0,0,0,7,3,43,0,7
2017,Bihar,10,Pashchim Champaran,211,Bettiah,72,43,2,0,295,0,0,180,41,222,33,0,0,0,47,7,3,0,0,2,140,19,81,0,3
2017,Bihar,10,Patna,212,Anti Terrorist Squad,0,0,0,0,0,0,0,0,0,0,0,0,0,0,0,0,0,0,0,0,0,0,0,0,0
2017,Bihar,10,Patna,212,Economic Offences Unit,0,0,0,0,0,0,0,0,0,0,0,0,0,0,0,4,2,0,0,0,4,0,6,0,2
2017,Bihar,10,Patna,212,Patna,271,148,22,10,856,2,0,256,130,447,97,0,0,41,220,170,85,0,0,0,177,269,21,0,95
2017,Bihar,10,Patna,212,Patna Railway,2,1,0,8,18,0,0,12,1,0,2,0,0,0,0,0,0,0,0,0,14,17,0,0,0
2017,Bihar,10,Purbi Champaran,213,Motihari,98,20,0,0,461,1,0,223,23,170,63,0,0,0,83,0,0,0,0,0,88,33,71,0,5
2017,Bihar,10,Purnia,214,Purnea,91,46,0,0,280,0,0,130,30,80,66,0,0,0,220,0,0,0,0,0,21,43,95,0,3
2017,Bihar,10,Raigarh,386,Raigarh,3,62,0,36,105,0,0,301,86,0,0,0,0,0,0,0,0,0,0,0,0,0,0,0,0
2017,Bihar,10,Raipur,387,Grp Raipur,0,1,0,1,5,0,0,10,2,0,0,0,0,0,0,0,0,0,0,0,0,0,0,0,0
2017,Bihar,10,Raipur,387,Raipur,5,134,0,68,391,0,0,922,210,0,0,0,0,43,0,0,0,0,0,0,0,0,0,0,0
2017,Bihar,10,Rajnandgaon,388,Rajnandgaon,1,28,0,37,103,0,1,280,63,0,0,0,0,0,0,0,0,0,0,0,0,0,0,0,0
2017,Bihar,10,Rohtas,215,Rohtas,100,54,4,5,362,2,0,226,45,108,52,0,0,0,24,132,66,0,0,0,94,67,67,0,67
2017,Bihar,10,Saharsa,216,Saharsa,44,42,0,0,84,0,0,33,27,75,17,0,0,0,0,0,0,0,0,0,178,69,0,0,0
2017,Bihar,10,Samastipur,217,Samastipur,65,30,7,1,552,1,0,303,33,51,94,0,0,0,0,59,29,0,0,2,29,34,42,5,29
2017,Bihar,10,Saran,218,Saran,125,58,3,1,402,1,0,132,31,78,198,0,0,0,0,22,11,0,0,0,360,121,9,3,11
2017,Bihar,10,Sheikhpura,219,Sheikhpura,16,5,3,30,24,0,0,51,41,19,53,0,0,0,6,0,0,0,0,0,75,10,0,0,0
2017,Bihar,10,Sheohar,220,Sheohar,12,16,0,4,89,0,0,50,5,19,4,0,0,0,0,0,0,0,0,0,10,8,2,0,0
2017,Bihar,10,Sitamarhi,221,Sitamarhi,68,46,0,0,454,2,0,263,32,183,28,0,0,18,0,0,0,0,0,0,34,64,28,10,0
2017,Bihar,10,Siwan,222,Siwan,71,34,0,0,319,2,0,156,10,148,56,0,0,0,20,19,9,0,0,2,49,43,174,0,15
2017,Bihar,10,Sukma,642,Sukma,1,0,0,1,3,0,0,9,2,0,0,0,0,0,0,0,0,0,0,0,0,0,0,0,0
2017,Bihar,10,Supaul,223,Supaul,47,67,12,0,88,1,0,37,24,65,142,0,0,3,0,0,0,0,0,0,100,51,35,0,0
2017,Bihar,10,Surajpur,648,Surajpur,1,59,0,26,41,0,1,299,89,0,0,0,5,20,0,0,0,0,0,0,0,0,0,0,0
2017,Bihar,10,Surguja,389,Sarguja,4,72,0,22,79,0,4,332,92,0,0,0,2,11,0,0,0,0,0,0,0,0,0,0,0
2017,Bihar,10,Vaishali,224,Vaishali,100,48,42,1,466,0,0,296,50,114,52,0,0,10,10,0,0,0,0,0,0,47,65,2,4
2017,Chandigarh,4,Chandigarh,44,Chandigarh,26,175,3,138,301,4,0,275,3,121,1,0,9,3,197,47,10,2,3,5,80,64,0,0,33
2017,Chhattisgarh,22,Balod,646,Balod,17,115,1,42,24,1,0,0,0,6,1,0,1,0,69,51,22,2,1,0,71,5,7,0,37
2017,Chhattisgarh,22,Baloda Bazar,644,Balodbazar,0,149,0,114,83,0,0,0,10,20,3,0,11,0,0,0,0,0,0,0,0,0,0,0,0
2017,Chhattisgarh,22,Balodabazar-Bhatapara,644,Balodbazar,32,90,0,0,0,0,0,0,0,0,0,0,0,0,232,2,0,0,0,0,47,13,0,0,19
2017,Chhattisgarh,22,Balrampur Ramanujganj,649,Balrampur,41,212,0,40,21,0,6,0,0,11,3,0,8,0,13,0,0,0,0,0,0,8,3,0,397
2017,Chhattisgarh,22,Bastar,374,Jagdalpur,36,159,0,25,36,0,4,0,0,9,0,0,0,0,98,0,0,0,0,0,23,3,0,0,50
2017,Chhattisgarh,22,Bemetara,650,Bemetra,14,107,0,59,47,0,0,0,0,15,5,0,4,0,49,4,0,0,0,0,33,9,0,0,683
2017,Chhattisgarh,22,Bijapur,636,Bizapur,24,27,0,7,7,0,2,0,0,0,0,0,1,0,0,1,0,0,0,0,0,2,0,0,84
2017,Chhattisgarh,22,Bilaspur,375,Bilaspur,58,309,0,240,179,0,6,0,0,69,7,0,18,0,297,24,0,0,0,1,99,70,37,3,0
2017,Chhattisgarh,22,Dakshin Bastar Dantewada,376,Dantewara,31,53,1,11,7,0,1,0,0,4,1,0,1,0,18,13,3,0,0,1,10,7,1,0,12
2017,Chhattisgarh,22,Dhamtari,377,Dhamtari,25,141,0,61,10,0,0,0,0,8,7,0,8,0,52,30,9,0,2,0,41,3,0,2,593
2017,Chhattisgarh,22,Durg,378,Durg,38,336,0,269,157,0,0,0,3,64,6,0,5,0,291,4,0,0,0,4,175,35,1,7,0
2017,Chhattisgarh,22,Gariyaband,645,Gariyaband,13,75,1,32,8,0,1,0,0,5,0,0,1,0,29,3,0,0,0,0,10,6,0,0,8
2017,Chhattisgarh,22,Janjgir-Champa,379,Janjgir,41,218,0,113,68,1,0,0,1,56,7,0,8,0,195,0,0,0,0,0,41,20,9,0,23
2017,Chhattisgarh,22,Jashpur,380,Jashpur,50,236,1,41,49,0,19,0,0,6,1,0,3,0,37,8,2,0,0,0,14,12,0,0,50
2017,Chhattisgarh,22,Kabeerdham,382,Kabirdham,19,72,0,57,45,0,0,0,0,14,2,0,4,0,107,0,0,0,0,0,14,3,6,0,77
2017,Chhattisgarh,22,Kondagaon,643,Kondagaon,23,91,0,13,19,0,2,0,0,5,0,0,0,0,17,6,2,0,1,0,23,5,0,0,3
2017,Chhattisgarh,22,Korba,383,Korba,38,223,0,84,39,0,0,0,0,46,6,0,7,0,134,0,0,0,0,0,29,25,2,0,52
2017,Chhattisgarh,22,Korea,384,Koriya,36,197,0,86,64,0,2,0,0,28,4,0,8,0,30,3,0,0,0,0,38,9,0,0,305
2017,Chhattisgarh,22,Mahasamund,385,Mahasamund,24,186,1,49,45,0,0,0,0,12,7,0,10,0,53,0,0,0,0,0,20,9,2,0,8
2017,Chhattisgarh,22,Mungeli,647,Mungali,21,152,0,49,25,1,0,0,0,26,5,0,4,0,95,0,0,0,0,0,25,4,3,0,1
2017,Chhattisgarh,22,Narayanpur,637,Narayanpur,18,32,0,0,9,0,0,0,0,1,0,0,0,0,10,0,0,0,0,0,0,2,0,0,2
2017,Chhattisgarh,22,Raigarh,386,Raigarh,54,240,4,119,76,0,0,0,0,26,6,0,8,0,40,16,0,1,0,2,62,25,0,0,549
2017,Chhattisgarh,22,Raipur,387,Grp Raipur,2,7,0,2,5,0,0,0,0,1,0,0,0,0,18,1,0,0,0,2,1,9,0,0,2
2017,Chhattisgarh,22,Raipur,387,Raipur,67,556,7,241,248,2,2,0,2,82,31,0,14,0,372,67,0,6,8,6,0,59,0,4,331
2017,Chhattisgarh,22,Rajnandgaon,388,Rajnandgaon,41,154,2,92,79,0,4,0,0,27,0,0,6,0,98,1,0,0,0,1,102,31,15,0,1266
2017,Chhattisgarh,22,Sukma,642,Sukma,34,17,0,5,3,0,0,0,0,1,1,0,0,0,0,0,0,0,0,0,0,24,0,0,52
2017,Chhattisgarh,22,Surajpur,648,Surajpur,36,263,0,82,24,0,2,0,0,22,3,0,15,0,95,6,1,0,0,0,31,9,5,0,11
2017,Chhattisgarh,22,Surguja,389,Sarguja,60,328,1,66,45,0,8,0,0,12,1,0,0,0,0,1,0,0,0,0,43,15,0,0,324
2017,Chhattisgarh,22,Uttar Bastar Kanker,381,Kanker,29,166,0,44,32,0,1,0,1,8,2,0,6,0,53,26,6,0,0,0,41,3,0,0,347
2017,Delhi,7,Central,77,Central,9,198,0,207,428,0,39,360,61,73,2,1,0,4,253,7,0,1,0,10,149,165,7,1,194
2017,Delhi,7,East,78,East,30,281,1,180,515,6,5,483,127,208,4,1,3,7,142,6,0,1,1,3,182,220,9,0,145
2017,Delhi,7,New Delhi,79,Economic Offences Wing,0,0,0,6,0,0,0,0,0,0,0,0,0,0,0,20,0,4,1,5,90,0,62,0,8
2017,Delhi,7,New Delhi,79,Eow,0,0,0,0,0,0,0,0,0,0,0,0,0,0,0,0,0,0,0,0,0,0,0,0,0
2017,Delhi,7,New Delhi,79,Igi Airport,1,2,0,15,1,0,0,0,0,0,0,0,0,0,0,0,0,0,0,0,28,0,220,0,20
2017,Delhi,7,New Delhi,79,New Delhi,4,27,0,65,90,0,0,86,13,14,1,0,0,0,18,12,4,0,0,0,118,35,28,0,81
2017,Delhi,7,New Delhi,79,Railway,8,6,0,6,41,0,4,35,2,0,0,0,0,0,54,0,0,0,0,0,2,13,0,0,17
2017,Delhi,7,New Delhi,79,Spuwac,0,0,0,0,0,0,0,0,0,164,0,0,0,0,0,0,0,0,0,0,0,0,0,0,0
2017,Delhi,7,New Delhi,79,Vigilance,0,0,0,0,0,0,0,0,0,0,0,0,0,0,0,0,0,0,0,0,0,0,0,0,0
2017,Delhi,7,North,80,North,37,108,1,158,398,0,0,354,69,123,2,0,1,13,132,7,0,1,0,1,120,109,1,0,272
2017,Delhi,7,North East,81,North-East,54,291,0,232,1060,7,8,893,181,294,24,4,8,1,308,6,0,0,2,2,159,476,0,1,373
2017,Delhi,7,North West,82,Crime Branch,1,4,0,3,0,1,0,0,0,0,0,0,0,0,0,24,6,0,1,0,28,1,19,0,14
2017,Delhi,7,North West,82,Metro,0,0,0,23,19,0,0,12,0,0,0,0,0,0,47,0,0,0,0,0,14,2,0,0,0
2017,Delhi,7,North West,82,North-West,52,352,5,347,907,0,17,810,156,305,7,1,5,4,408,16,4,1,0,4,263,357,0,0,632
2017,Delhi,7,North West,82,Outer,57,329,4,167,1154,1,27,919,173,141,19,6,6,13,328,0,0,0,0,0,156,216,0,1,289
2017,Delhi,7,North West,82,Rohini,82,344,3,334,1035,0,10,861,178,312,18,0,8,2,472,7,0,1,1,0,131,336,5,0,149
2017,Delhi,7,North West,82,Spl Cell,0,0,0,0,0,0,0,0,0,0,0,0,0,0,0,2,0,0,0,0,0,0,1,0,1
2017,Delhi,7,Shahdara,671,Shahdara,19,160,0,209,437,3,1,384,74,141,7,0,2,0,309,30,13,0,1,1,159,262,7,2,122
2017,Delhi,7,South,83,South,36,308,1,392,723,1,5,553,117,173,11,2,8,4,184,14,0,2,1,5,388,261,10,0,383
2017,Delhi,7,South East,670,South-East,49,285,0,398,835,3,0,683,124,130,9,0,4,5,260,23,3,3,3,5,300,189,7,0,128
2017,Delhi,7,South West,84,Dwarka,51,248,1,280,833,0,0,605,117,275,9,0,11,2,176,9,1,1,2,2,330,153,0,0,163
2017,Delhi,7,South West,84,South-West,11,226,3,256,340,1,1,321,123,93,12,1,2,0,97,22,1,1,3,1,202,92,5,0,442
2017,Delhi,7,West,85,West,23,218,1,215,512,0,12,493,111,291,6,2,4,42,266,33,6,0,2,6,183,296,5,1,129
2017,Goa,30,North Goa,551,Cid,1,11,0,5,2,0,22,10,0,1,0,0,0,0,0,17,6,4,0,1,17,0,1,0,8
2017,Goa,30,North Goa,551,North Goa,13,98,0,115,77,0,37,105,0,10,0,0,1,7,17,4,2,0,0,0,44,19,5,1,34
2017,Goa,30,South Goa,552,South Goa,22,99,0,65,46,0,15,81,0,10,1,0,4,4,23,0,0,0,0,0,33,10,2,0,8
2017,Gujarat,24,Ahmadabad,438,Ahmedabad City,99,351,3,244,342,3,3,600,299,667,2,1,24,7,527,196,55,10,8,7,460,269,51,11,169
2017,Gujarat,24,Ahmadabad,438,Ahmedabad Rural,22,76,0,23,6,0,0,60,53,54,1,0,15,0,21,17,1,0,0,0,22,23,0,0,170
2017,Gujarat,24,Ahmadabad,438,W.Rly Ahmedabad,1,2,0,1,1,0,0,6,1,0,0,0,2,0,0,0,0,0,0,0,0,0,0,0,0
2017,Gujarat,24,Ahmadabad,438,Western Railway Ahmedabad,2,2,0,0,0,0,0,0,0,0,0,0,0,0,14,0,0,0,0,0,2,9,0,0,3
2017,Gujarat,24,Amreli,439,Amreli,20,63,0,19,60,0,0,99,57,72,0,0,13,0,63,7,1,0,0,1,1,29,4,0,173
2017,Gujarat,24,Anand,440,Anand,21,42,0,26,210,2,0,148,33,92,0,0,8,0,35,0,0,0,0,0,47,30,9,1,21
2017,Gujarat,24,Arvalli,672,Arvalli,9,16,0,14,134,0,0,69,6,49,0,0,7,0,0,0,0,0,0,0,14,28,7,0,94
2017,Gujarat,24,Banas Kantha,441,Banaskantha,28,110,0,48,161,2,0,126,34,94,2,0,0,0,5,4,0,1,0,3,56,79,0,3,311
2017,Gujarat,24,Bharuch,442,Bharuch,43,66,0,32,74,0,0,108,51,43,0,0,2,1,54,9,1,3,1,2,9,16,2,0,245
2017,Gujarat,24,Bhavnagar,443,Bhavnagar,31,32,0,23,35,0,0,135,174,88,0,0,8,1,64,2,0,0,0,1,31,26,14,0,37
2017,Gujarat,24,Botad,676,Botad,15,39,0,15,4,1,0,38,33,16,0,0,5,0,3,1,0,0,0,2,0,1,2,0,12
2017,Gujarat,24,Chhotaudepur,668,Chhotaudepur,27,58,0,10,6,0,0,53,44,7,0,0,5,0,21,6,1,1,1,0,10,10,3,0,11
2017,Gujarat,24,Dang,444,Dang,7,3,0,1,3,0,0,4,1,0,0,0,0,0,3,0,0,0,0,0,3,2,0,0,2
2017,Gujarat,24,Devbhumi Dwarka,674,Devbhumi Dwarka,12,17,0,8,17,0,0,21,9,90,0,0,9,0,26,10,5,0,0,0,15,13,1,0,8
2017,Gujarat,24,Dohad,445,Dahod,45,127,0,24,24,0,0,121,105,119,0,0,12,0,38,4,0,0,0,2,20,66,0,0,22
2017,Gujarat,24,Gandhinagar,446,Cid Crime,0,0,0,0,0,0,0,0,0,0,0,0,0,0,0,0,0,0,0,0,4,0,0,0,0
2017,Gujarat,24,Gandhinagar,446,Gandhinagar,15,72,0,35,53,0,0,102,65,116,0,0,14,0,67,50,15,3,0,1,90,50,15,0,27
2017,Gujarat,24,Gir Somnath,675,Gir Somnath,8,24,0,24,50,0,0,53,45,110,0,0,8,0,0,10,3,0,1,1,22,21,0,0,55
2017,Gujarat,24,Jamnagar,447,Jamnagar,18,41,0,27,62,0,0,64,26,81,0,0,13,0,49,13,5,0,0,1,16,27,7,1,61
2017,Gujarat,24,Junagadh,448,Junagadh,21,40,0,21,90,1,0,81,23,150,0,0,8,1,24,9,3,0,0,0,18,16,5,0,53
2017,Gujarat,24,Kachchh,449,Kachchh East(G),22,37,10,18,41,0,0,58,25,51,0,1,12,0,22,8,0,3,0,0,27,38,5,0,4
2017,Gujarat,24,Kachchh,449,Kachchh West(B),22,55,0,14,37,0,0,99,31,68,0,0,17,2,28,26,5,5,1,1,33,5,17,0,22
2017,Gujarat,24,Kheda,450,Kheda,35,25,0,23,89,0,0,78,12,22,0,0,10,0,17,0,0,0,0,0,26,9,13,0,438
2017,Gujarat,24,Mahesana,451,Mehsana,34,37,0,38,205,0,0,128,7,104,0,1,13,0,22,15,4,0,1,3,48,97,5,1,21
2017,Gujarat,24,Mahisagar,669,Mahisagar,12,11,0,8,51,0,0,43,11,47,0,0,5,0,8,2,0,0,0,0,5,7,1,0,294
2017,Gujarat,24,Morbi,673,Morbi,29,42,0,13,42,2,0,64,35,31,0,0,11,0,19,4,0,0,1,0,1,14,0,1,10
2017,Gujarat,24,Narmada,452,Narmada,6,12,0,8,14,0,0,15,8,8,0,0,2,0,19,1,0,0,0,2,0,5,0,0,10
2017,Gujarat,24,Navsari,453,Navsari,21,24,0,15,38,0,0,45,11,18,0,2,4,0,56,12,3,0,0,0,16,13,3,1,29
2017,Gujarat,24,Panch Mahals,454,Panchmahal,33,82,0,39,14,0,0,90,75,65,0,0,11,0,10,15,2,0,3,0,24,17,0,0,16
2017,Gujarat,24,Patan,455,Patan,22,40,0,26,12,0,0,44,46,45,0,0,7,0,54,2,0,1,0,1,7,41,0,1,61
2017,Gujarat,24,Porbandar,456,Porbandar,9,13,0,12,25,0,0,29,5,42,1,0,4,0,34,7,0,5,1,0,14,7,0,0,11
2017,Gujarat,24,Rajkot,457,Rajkot City,51,84,0,17,107,0,0,112,45,157,0,1,24,0,108,14,4,1,1,0,26,64,17,4,83
2017,Gujarat,24,Rajkot,457,Rajkot Rural,32,36,0,35,144,0,0,103,21,133,0,0,13,0,16,11,0,6,1,0,12,41,4,0,1
2017,Gujarat,24,Sabar Kantha,458,Sabarkantha,24,49,0,34,77,0,0,79,34,104,0,0,12,0,53,63,28,2,0,0,95,65,7,0,45
2017,Gujarat,24,Surat,459,Surat City,96,207,0,74,342,12,0,526,174,217,0,0,15,0,518,204,78,1,3,1,715,179,14,0,182
2017,Gujarat,24,Surat,459,Surat Rural,44,47,0,20,15,0,3,55,37,34,1,0,10,0,42,13,2,0,1,0,52,29,17,0,278
2017,Gujarat,24,Surendranagar,460,Surendranagar,31,36,0,2,63,2,0,82,40,46,1,0,9,1,37,17,0,0,0,1,5,42,1,1,119
2017,Gujarat,24,Tapi,641,Tapi,14,31,0,9,13,0,0,31,20,7,0,0,4,0,0,0,0,0,0,0,3,9,0,0,2
2017,Gujarat,24,Vadodara,461,Vadodara City,16,30,0,56,169,0,0,168,24,161,1,0,6,1,154,16,0,1,0,0,152,112,19,3,219
2017,Gujarat,24,Vadodara,461,Vadodara Rural,21,62,1,27,27,0,0,89,60,6,0,0,5,1,50,16,2,3,1,0,30,12,8,0,66
2017,Gujarat,24,Vadodara,461,W.Rly Vadodara,1,1,0,9,7,0,0,11,0,1,0,0,0,0,0,0,0,0,0,0,0,0,0,0,0
2017,Gujarat,24,Vadodara,461,Western Railway Vadodara,6,1,0,0,0,0,0,0,0,0,0,0,0,0,17,0,0,0,0,0,1,31,0,0,16
2017,Gujarat,24,Valsad,462,Valsad,23,46,0,16,98,0,2,118,22,9,0,0,10,0,91,13,4,0,0,5,18,31,39,0,12
2017,Haryana,6,Ambala,58,Ambala,21,117,0,69,91,0,0,78,39,107,10,0,7,0,36,98,49,0,0,0,134,10,0,1,427
2017,Haryana,6,Ambala,58,Grp,46,9,2,14,32,0,0,28,1,0,4,0,6,0,17,0,0,0,0,0,9,18,0,0,201
2017,Haryana,6,Bhiwani,59,Bhiwani,32,129,11,158,38,0,0,130,1,79,12,0,6,0,142,1,0,1,0,0,0,36,26,1,487
2017,Haryana,6,Charki Dadri,701,Charkhi Dadri,23,42,5,53,6,3,0,52,1,30,2,0,3,2,7,5,0,0,0,5,22,16,12,0,35
2017,Haryana,6,Faridabad,60,Faridabad,87,308,14,192,171,4,4,529,174,473,26,0,14,0,246,73,1,8,3,4,251,57,136,0,1530
2017,Haryana,6,Fatehabad,61,Fatehabad,25,61,1,47,14,0,5,147,47,60,5,0,10,1,32,4,0,0,0,4,42,17,0,2,111
2017,Haryana,6,Gurugram,62,Gurugram,117,353,16,350,239,1,6,537,142,242,29,1,12,0,85,281,0,31,17,21,452,140,1,15,501
2017,Haryana,6,Gurugram,62,Irrigation And Power,0,0,0,0,0,0,0,0,0,0,0,0,0,0,0,0,0,0,0,0,0,0,0,0,331
2017,Haryana,6,Gurugram,62,Irrigation Andpower,0,0,0,0,0,0,0,0,0,0,0,0,0,0,0,0,0,0,0,0,0,0,0,0,0
2017,Haryana,6,Hisar,63,Hansi,13,38,3,34,5,0,1,41,16,52,3,0,6,4,4,11,0,0,4,1,20,18,0,0,202
2017,Haryana,6,Hisar,63,Hisar,32,64,0,0,0,2,1,0,0,0,0,0,0,0,0,0,0,0,0,0,211,23,4,0,809
2017,Haryana,6,Hisar,63,Hissar,4,103,0,96,12,0,2,239,40,121,8,0,6,0,104,18,1,0,1,4,1,0,0,0,12
2017,Haryana,6,Jhajjar,64,Jhajjar,67,79,5,133,83,0,0,102,46,199,16,0,7,0,37,4,0,0,0,0,113,12,38,0,101
2017,Haryana,6,Jind,65,Jind,40,59,6,76,78,0,0,251,21,156,8,0,37,5,46,5,0,0,0,0,169,41,0,3,533
2017,Haryana,6,Kaithal,66,Kaithal,35,84,5,50,103,0,0,146,51,81,12,0,6,2,39,7,0,0,0,2,44,32,14,2,182
2017,Haryana,6,Karnal,67,Karnal,75,180,14,112,218,0,0,276,15,120,15,0,12,0,12,10,0,0,2,3,166,66,47,4,272
2017,Haryana,6,Kurukshetra,68,Kurukshetra,31,102,3,47,70,0,0,83,54,143,4,0,5,0,61,2,0,0,0,0,0,11,27,8,459
2017,Haryana,6,Mahendragarh,69,Mahendergarh,0,36,1,51,11,0,0,26,26,55,11,0,0,0,8,8,0,1,0,0,0,0,0,0,0
2017,Haryana,6,Mahendragarh,69,Mahendragarh,42,24,0,0,0,0,0,0,0,0,0,0,0,0,0,0,0,0,0,0,27,14,32,0,146
2017,Haryana,6,Nuh,604,Mewat,34,172,2,67,48,1,0,126,87,126,16,0,5,0,49,2,0,0,0,2,41,48,46,0,370
2017,Haryana,6,Palwal,619,Palwal,41,78,2,65,83,0,0,82,44,137,17,2,3,0,0,4,0,0,0,0,0,1,19,4,450
2017,Haryana,6,Panchkula,70,Panchkula,20,57,2,26,24,2,0,38,26,50,3,0,0,0,74,9,0,0,0,0,0,9,27,0,425
2017,Haryana,6,Panipat,71,Panipat,63,172,11,210,548,0,2,453,84,255,13,1,12,2,32,15,2,0,3,2,198,10,49,4,30
2017,Haryana,6,Rewari,72,Rewari,34,89,4,56,9,3,0,75,26,97,12,0,5,0,29,7,0,1,1,0,76,7,26,0,185
2017,Haryana,6,Rohtak,73,Rohtak,65,213,15,257,374,1,2,239,39,274,16,0,7,0,44,4,0,0,0,0,216,100,0,8,398
2017,Haryana,6,Sirsa,74,Sirsa,25,57,2,37,28,2,4,78,32,94,3,0,11,0,48,5,0,0,2,0,108,40,27,3,378
2017,Haryana,6,Sonipat,75,Sonipat,106,202,15,175,209,1,0,169,86,221,14,0,14,0,36,16,0,1,1,4,210,26,0,3,527
2017,Haryana,6,Yamunanagar,76,Yamunanagar,41,126,6,49,389,2,2,244,50,157,7,0,8,0,40,35,3,2,5,9,99,16,1,0,1286
2017,Himachal Pradesh,2,Bilaspur,15,Bilaspur,5,65,1,46,35,0,0,42,2,16,0,0,3,2,16,3,0,0,0,5,7,1,1,0,49
2017,Himachal Pradesh,2,Chamba,16,Chamba,5,26,0,20,40,0,0,35,0,7,0,0,3,0,5,1,0,1,0,0,17,0,0,0,52
2017,Himachal Pradesh,2,Hamirpur,17,Hamirpur,0,46,0,39,17,0,0,28,0,9,0,0,6,0,8,1,0,1,0,0,0,0,5,0,4
2017,Himachal Pradesh,2,Kangra,18,Kangra,19,101,6,106,81,0,0,83,0,31,1,2,16,0,27,24,0,0,2,10,58,0,16,4,46
2017,Himachal Pradesh,2,Kinnaur,19,Kinnaur,4,7,0,8,6,0,0,8,0,0,0,0,3,0,7,0,0,0,0,0,5,1,3,0,0
2017,Himachal Pradesh,2,Kullu,20,Kullu,10,50,0,29,37,0,0,38,1,12,0,0,0,0,14,2,0,0,1,0,7,0,17,0,81
2017,Himachal Pradesh,2,Lahul And Spiti,21,Lahaul And Spiti,0,2,0,0,1,0,0,7,1,0,0,0,0,0,1,0,0,0,0,0,0,0,2,0,4
2017,Himachal Pradesh,2,Lahul And Spiti,21,Lahaul Andspiti,0,1,0,1,1,0,0,0,0,0,0,0,1,0,0,0,0,0,0,0,0,0,0,0,0
2017,Himachal Pradesh,2,Mandi,22,Mandi,11,94,0,87,77,0,0,71,2,44,1,0,14,1,50,5,0,1,0,0,0,2,3,0,28
2017,Himachal Pradesh,2,Shimla,23,Cid,0,0,0,0,0,0,0,0,0,0,0,0,0,0,0,0,0,0,0,0,5,0,4,0,3
2017,Himachal Pradesh,2,Shimla,23,Cyber,0,0,0,0,0,0,0,0,0,0,0,0,0,0,0,3,0,0,0,1,0,0,0,0,0
2017,Himachal Pradesh,2,Shimla,23,Grp,0,0,0,1,0,0,0,0,0,0,0,0,0,0,0,0,0,0,0,0,0,0,0,0,1
2017,Himachal Pradesh,2,Shimla,23,Shimla,19,78,1,52,83,0,0,75,0,15,0,0,3,0,16,6,0,1,0,0,44,3,9,2,131
2017,Himachal Pradesh,2,Sirmaur,24,Sirmaur,10,67,0,44,53,0,0,58,0,20,0,0,2,0,30,1,0,0,0,0,30,1,0,1,10
2017,Himachal Pradesh,2,Solan,25,Baddi,11,24,0,9,6,0,0,15,0,12,1,0,3,0,22,4,0,0,0,0,3,3,4,0,11
2017,Himachal Pradesh,2,Solan,25,Solan,7,48,0,14,27,0,0,34,2,4,1,0,0,0,21,8,0,3,0,0,28,0,5,1,29
2017,Himachal Pradesh,2,Una,26,Una,14,34,0,47,28,0,0,34,0,25,0,0,5,0,21,1,0,0,0,0,63,0,2,0,3
2017,Jammu And Kashmir,1,Anantnag,1,Anantnag,7,22,0,107,118,0,0,39,0,16,1,0,0,0,0,0,0,0,0,0,21,2,0,0,310
2017,Jammu And Kashmir,1,Bandipora,623,Bandipora,7,8,0,47,27,0,0,0,0,2,0,0,0,0,0,0,0,0,0,0,12,0,0,0,0
2017,Jammu And Kashmir,1,Baramulla,3,Baramulla,7,8,0,60,55,0,0,0,0,46,0,0,0,0,0,1,0,0,0,0,28,2,0,0,174
2017,Jammu And Kashmir,1,Baramulla,3,Sopore,2,5,2,74,62,0,0,25,0,8,0,0,1,0,2,10,0,0,0,0,15,7,0,0,29
2017,Jammu And Kashmir,1,Budgam,2,Budgam,0,20,0,155,66,0,0,0,0,2,0,0,0,0,0,0,0,0,0,0,18,4,11,0,0
2017,Jammu And Kashmir,1,Doda,4,Doda,2,30,0,16,32,0,0,0,0,7,0,0,0,0,0,0,0,0,0,0,7,0,0,0,28
2017,Jammu And Kashmir,1,Ganderbal,626,Ganderbal,2,8,2,72,49,0,0,20,0,10,0,0,0,0,0,0,0,0,0,0,3,0,5,0,37
2017,Jammu And Kashmir,1,Jammu,5,Crime Jammu,0,0,0,1,0,0,0,0,0,0,0,0,0,0,0,6,0,0,2,0,29,0,0,0,5
2017,Jammu And Kashmir,1,Jammu,5,Crime Srinagar,0,0,0,0,0,0,0,0,0,0,0,0,0,0,0,0,0,0,0,0,0,0,0,0,0
2017,Jammu And Kashmir,1,Jammu,5,Jammu,14,98,0,124,114,0,0,3,0,64,4,0,9,0,46,11,0,0,0,0,0,0,154,0,1097
2017,Jammu And Kashmir,1,Jammu,5,Railways Jammu,0,0,0,0,0,0,0,0,0,0,0,0,0,0,0,0,0,0,0,0,2,0,0,0,0
2017,Jammu And Kashmir,1,Jammu,5,Railways Kashmir,0,0,0,0,0,0,0,0,0,0,0,0,0,0,0,0,0,0,0,0,0,0,0,0,0
2017,Jammu And Kashmir,1,Kargil,6,Kargil,0,0,0,0,1,0,0,0,0,0,0,0,0,0,0,0,0,0,0,0,0,0,0,0,0
2017,Jammu And Kashmir,1,Kathua,7,Kathua,4,40,2,27,39,1,0,29,0,12,2,0,1,0,23,2,0,0,0,0,0,0,0,0,26
2017,Jammu And Kashmir,1,Kishtwar,620,Kishtwar,2,10,0,26,27,0,0,12,0,4,0,0,2,0,0,0,0,0,0,0,7,0,0,0,8
2017,Jammu And Kashmir,1,Kulgam,622,Kulgam,11,44,0,99,42,0,0,0,0,11,0,0,0,0,0,0,0,0,0,0,14,5,0,0,84
2017,Jammu And Kashmir,1,Kupwara,8,Handwara,8,16,6,61,16,0,0,4,0,4,0,1,2,0,0,7,0,0,0,0,12,1,0,0,4
2017,Jammu And Kashmir,1,Kupwara,8,Kupwara,6,24,0,31,54,0,0,0,0,13,0,0,0,0,0,0,0,0,0,0,9,0,0,0,161
2017,Jammu And Kashmir,1,Leh Ladakh,9,Leh,0,2,1,2,5,0,0,0,0,0,0,0,0,0,0,0,0,0,0,0,0,0,0,0,0
2017,Jammu And Kashmir,1,Poonch,10,Poonch,9,37,1,38,45,0,0,28,0,8,0,0,1,0,21,13,3,0,1,4,10,0,2,0,23
2017,Jammu And Kashmir,1,Pulwama,11,Awantipora,4,2,1,42,32,0,0,0,0,5,0,0,0,0,0,0,0,0,0,0,9,0,0,0,51
2017,Jammu And Kashmir,1,Pulwama,11,Pulwama,12,8,1,32,25,0,0,19,0,4,0,0,0,0,4,0,0,0,0,0,7,9,2,0,3
2017,Jammu And Kashmir,1,Rajouri,12,Rajouri,6,58,0,55,58,0,0,7,0,42,0,0,1,0,0,0,0,0,0,0,12,0,8,0,356
2017,Jammu And Kashmir,1,Ramban,621,Ramban,5,36,2,29,35,0,0,20,0,6,0,0,3,0,26,4,0,0,0,0,7,0,0,0,19
2017,Jammu And Kashmir,1,Reasi,627,Railways Katra,0,0,0,0,0,0,0,0,0,0,0,0,0,0,0,0,0,0,0,0,0,0,0,0,0
2017,Jammu And Kashmir,1,Reasi,627,Reasi,5,48,0,36,29,0,0,8,0,5,0,0,0,0,0,0,0,0,0,0,15,0,0,0,101
2017,Jammu And Kashmir,1,Samba,624,Samba,2,16,0,10,24,0,0,9,0,11,1,0,1,0,10,0,0,0,0,0,0,0,0,0,70
2017,Jammu And Kashmir,1,Shopian,625,Shopian,14,2,0,51,42,0,0,18,0,4,0,0,0,0,0,0,0,0,0,0,13,5,0,0,52
2017,Jammu And Kashmir,1,Srinagar,13,Crime Srinagar,0,0,0,0,0,0,0,0,0,0,0,0,0,0,0,0,0,0,0,0,0,0,0,0,0
2017,Jammu And Kashmir,1,Srinagar,13,Srinagar,15,26,3,229,160,0,0,77,0,52,0,0,2,0,52,10,0,0,0,1,60,23,12,0,59
2017,Jammu And Kashmir,1,Udhampur,14,Udhampur,10,64,0,40,53,1,0,41,0,41,1,0,2,0,50,8,0,6,0,0,14,0,0,0,164
2017,Jharkhand,20,Bokaro,322,Bokaro,48,149,0,4,71,0,1,15,0,140,54,0,0,0,0,22,0,0,0,0,145,36,65,0,1049
2017,Jharkhand,20,Chatra,323,Chatra,64,69,0,15,43,5,2,28,11,18,62,0,0,0,0,10,0,0,0,0,52,37,0,0,139
2017,Jharkhand,20,Deoghar,324,Deoghar,70,65,7,79,24,0,0,8,7,64,142,0,0,0,0,57,0,0,0,0,45,25,56,0,1284
2017,Jharkhand,20,Dhanbad,325,Dhanbad,58,74,0,63,2,0,2,96,37,39,76,0,0,5,9,15,0,9,0,0,81,46,45,0,563
2017,Jharkhand,20,Dhanbad,325,Dhanbad Railway,4,4,0,7,3,0,0,7,1,0,0,0,0,1,0,0,0,0,0,0,1,10,0,0,11
2017,Jharkhand,20,Dumka,326,Dumka,63,77,2,12,5,1,2,45,27,16,28,0,9,0,0,22,0,0,0,0,18,26,0,0,43
2017,Jharkhand,20,East Singhbum,327,Jamshedpur,98,198,14,50,75,0,8,28,28,70,153,0,5,0,0,52,0,26,0,0,389,14,44,3,45
2017,Jharkhand,20,East Singhbum,327,Jamshedpur Railway,4,0,0,3,1,0,6,0,0,0,0,0,0,0,0,0,0,0,0,0,0,2,0,0,4
2017,Jharkhand,20,Garhwa,328,Garhwa,62,79,4,65,0,2,0,70,23,43,130,0,0,0,0,0,0,0,0,0,101,28,31,0,679
2017,Jharkhand,20,Giridih,329,Giridih,51,160,26,191,132,6,3,126,10,49,134,0,0,0,0,79,0,73,3,0,89,38,23,2,315
2017,Jharkhand,20,Godda,330,Godda,52,112,0,0,105,44,3,99,0,126,4,0,0,0,0,0,0,0,0,0,0,3,0,0,905
2017,Jharkhand,20,Gumla,331,Gumla,138,138,8,19,9,3,46,94,25,13,21,0,0,0,97,11,0,8,0,1,6,27,0,0,4
2017,Jharkhand,20,Hazaribagh,332,Hazaribagh,80,167,11,22,116,18,3,108,26,39,149,0,0,0,0,70,0,67,0,0,214,23,30,0,348
2017,Jharkhand,20,Jamtara,333,Jamtara,19,71,4,61,26,0,4,54,19,90,47,0,0,0,0,81,0,81,0,0,77,14,25,0,23
2017,Jharkhand,20,Khunti,606,Khunti,56,29,2,2,6,1,12,7,7,3,19,0,0,0,0,4,0,0,0,0,14,16,0,0,59
2017,Jharkhand,20,Koderma,334,Koderma,28,50,0,0,47,0,0,46,24,24,33,0,0,0,0,44,22,0,0,0,65,9,52,0,294
2017,Jharkhand,20,Latehar,335,Latehar,33,70,5,35,16,1,4,30,19,5,19,0,0,0,0,11,0,0,0,1,17,14,27,0,12
2017,Jharkhand,20,Lohardaga,336,Lohardagga,22,74,0,3,7,3,6,1,0,13,14,0,0,0,0,0,0,0,0,0,0,12,25,0,349
2017,Jharkhand,20,Pakur,337,Pakur,23,86,20,15,17,0,5,36,0,16,37,0,0,0,0,10,0,0,0,0,35,15,7,0,153
2017,Jharkhand,20,Palamu,338,Palamu,95,74,1,110,155,6,12,128,80,88,111,0,0,0,0,0,0,0,0,0,15,41,17,0,118
2017,Jharkhand,20,Ramgarh,607,Ramgarh,19,30,1,23,41,8,1,20,16,14,34,0,0,0,0,5,0,0,0,0,53,20,26,0,79
2017,Jharkhand,20,Ranchi,339,Ranchi,152,31,0,25,6,6,27,23,4,0,118,0,0,0,0,295,58,10,12,0,381,161,175,0,1387
2017,Jharkhand,20,Sahebganj,340,Sahebganj,64,120,39,78,0,0,7,49,24,144,4,0,3,0,0,7,0,0,0,0,91,19,0,0,494
2017,Jharkhand,20,Saraikela Kharsawan,341,Saraikela,43,40,18,27,16,0,0,57,17,27,26,0,2,0,0,30,0,16,2,6,73,29,3,0,3
2017,Jharkhand,20,Simdega,342,Simdega,53,65,0,0,11,0,0,17,17,14,0,0,0,0,0,8,0,0,0,0,27,8,0,0,22
2017,Jharkhand,20,West Singhbhum,343,Chaibasa,101,129,6,29,2,0,12,55,0,13,19,0,0,0,0,17,0,12,0,0,11,30,13,0,85
2017,Karnataka,29,Bagalkote,524,Bagalkot,42,25,0,137,13,0,0,58,36,33,37,0,3,0,0,8,0,3,0,3,62,16,16,0,12
2017,Karnataka,29,Ballari,528,Ballari,40,62,0,131,97,5,0,156,45,37,75,0,2,1,8,13,1,6,0,1,154,61,7,3,27
2017,Karnataka,29,Belagavi,527,Belagavi City,20,27,0,53,43,1,4,78,23,44,43,0,4,3,12,17,0,0,0,1,109,53,3,7,8
2017,Karnataka,29,Belagavi,527,Belagavi District,79,105,0,244,81,2,0,173,61,116,16,0,7,4,21,11,0,2,0,0,120,43,21,1,11
2017,Karnataka,29,Belagavi,527,K.G.F.,9,23,0,23,18,0,0,50,14,5,12,0,1,1,10,4,0,1,0,1,17,9,7,0,3
2017,Karnataka,29,Bengaluru Urban,525,Bengaluru City,252,536,1,1082,1340,38,9,1582,419,493,776,2,92,2,253,2743,0,2200,0,93,2539,1039,38,128,8885
2017,Karnataka,29,Bengaluru Urban,525,Bengaluru District,65,82,0,157,11,12,0,86,58,61,57,0,1,0,0,24,0,10,0,0,336,92,18,0,41
2017,Karnataka,29,Bengaluru Urban,525,K.Railways,17,3,0,4,10,0,0,23,3,1,0,0,0,0,0,0,0,0,0,0,7,91,1,0,10
2017,Karnataka,29,Bidar,529,Bidar,35,38,0,105,21,0,0,87,35,83,26,0,2,0,9,3,0,1,0,1,24,25,6,3,74
2017,Karnataka,29,Chamarajanagara,531,Chamarajnagar,16,28,0,135,23,0,0,63,26,24,8,0,5,0,0,5,0,0,0,10,19,15,2,1,20
2017,Karnataka,29,Chikkaballapura,630,Chikkaballapura,29,70,0,51,51,0,0,151,73,21,24,0,9,0,13,13,0,1,0,4,81,19,17,0,22
2017,Karnataka,29,Chikkamagaluru,532,Chikkamagaluru,18,54,0,247,38,2,0,136,55,50,14,0,5,1,4,19,0,5,0,3,70,31,16,2,19
2017,Karnataka,29,Chitradurga,533,Chitradurga,17,52,2,214,73,0,0,248,27,48,45,0,3,6,0,18,0,4,0,2,67,25,6,2,17
2017,Karnataka,29,Dakshina Kannada,534,Dakshina Kannada,17,64,1,54,20,1,0,189,55,22,2,0,4,0,2,7,0,0,0,4,35,26,3,1,34
2017,Karnataka,29,Dakshina Kannada,534,Mangaluru City,16,45,0,94,41,0,2,142,53,52,21,0,4,0,34,47,0,30,1,2,96,71,8,22,34
2017,Karnataka,29,Davangere,535,Davanagere,38,67,1,197,86,0,0,167,51,51,45,0,6,0,4,18,0,5,0,1,107,49,15,9,13
2017,Karnataka,29,Dharwad,536,Dharwad,31,38,0,42,13,0,0,42,27,19,2,0,2,0,0,0,0,0,0,0,54,11,1,0,4
2017,Karnataka,29,Dharwad,536,Hubballi Dharwad City,22,21,0,41,48,1,0,78,26,48,2,0,3,1,25,21,0,5,0,4,128,101,13,10,3
2017,Karnataka,29,Gadag,537,Gadag,20,32,2,65,22,0,0,40,16,28,1,0,5,0,0,2,0,0,0,0,55,17,3,3,1
2017,Karnataka,29,Hassan,539,Hassan,50,67,0,239,111,0,3,187,57,57,65,0,1,0,0,11,0,0,0,1,119,53,1,2,22
2017,Karnataka,29,Haveri,540,Haveri,26,71,0,112,24,0,0,135,59,39,28,0,9,0,16,4,0,0,0,0,51,10,16,2,6
2017,Karnataka,29,Kalaburagi,538,Kalaburgi,74,83,0,164,73,0,0,190,67,105,49,0,3,2,23,36,1,3,0,1,99,42,18,8,86
2017,Karnataka,29,Kodagu,541,Kodagu,27,47,0,38,18,7,0,70,47,22,1,0,1,0,0,5,0,1,0,2,52,8,2,7,18
2017,Karnataka,29,Kolar,542,Kolar,38,39,0,64,39,0,0,135,27,23,36,0,1,0,2,4,0,2,0,4,78,32,3,4,10
2017,Karnataka,29,Koppal,543,Koppal,17,57,0,87,44,0,0,90,37,49,4,0,17,0,39,2,0,0,0,2,73,20,9,1,150
2017,Karnataka,29,Mandya,544,Mandya,46,68,1,368,93,0,0,173,79,69,59,0,7,0,22,7,0,0,0,0,102,66,8,7,79
2017,Karnataka,29,Mysuru,545,Mysuru City,23,55,1,113,96,0,2,151,39,29,64,0,11,0,8,21,0,6,0,2,216,66,12,0,24
2017,Karnataka,29,Mysuru,545,Mysuru District,58,68,0,271,75,2,0,285,81,72,28,0,1,0,15,8,0,1,0,3,106,32,9,7,38
2017,Karnataka,29,Raichur,546,Raichur,45,57,0,213,24,4,12,92,49,133,74,0,9,0,0,3,0,2,0,0,110,7,5,1,22
2017,Karnataka,29,Ramanagara,631,Ramanagara,46,45,1,178,80,7,0,124,41,55,40,0,8,0,0,9,0,3,0,5,131,57,23,0,23
2017,Karnataka,29,Shivamogga,547,Shimoga,50,94,0,448,152,0,3,210,88,191,1,0,0,0,27,30,0,7,0,3,176,80,11,3,37
2017,Karnataka,29,Tumakuru,548,Tumakuru,46,75,1,76,70,4,0,191,71,36,69,0,2,4,17,11,0,1,0,0,164,62,24,4,48
2017,Karnataka,29,Udupi,549,Udupi,14,55,0,114,28,0,0,79,38,31,5,0,0,0,4,11,0,2,0,1,98,33,7,1,37
2017,Karnataka,29,Uttara Kannada,550,Uttara Kannada,20,42,0,157,32,0,0,78,38,30,17,0,3,0,11,28,4,12,0,2,74,23,0,1,45
2017,Karnataka,29,Vijayapura,530,Vijayapura,94,82,1,125,61,2,0,93,43,105,4,0,4,0,0,24,7,0,0,0,97,64,4,0,29
2017,Karnataka,29,Yadgir,635,Yadgiri,29,21,0,136,16,3,0,58,18,50,23,0,4,0,11,7,0,6,0,0,27,7,1,0,37
2017,Kerala,32,Alappuzha,554,Alapuzha,20,248,9,319,30,0,0,190,50,133,1,2,4,5,36,14,2,3,0,3,191,31,18,1,149
2017,Kerala,32,Ernakulam,555,Ernakulam Commissionerate,11,171,0,304,9,3,14,0,0,111,0,0,0,0,39,63,5,4,1,6,364,41,14,6,286
2017,Kerala,32,Ernakulam,555,Ernakulam Commr.,0,34,0,38,12,0,2,138,15,0,0,0,0,19,0,0,0,0,0,0,0,0,0,0,0
2017,Kerala,32,Ernakulam,555,Ernakulam Rural,17,306,6,369,30,0,0,200,48,181,0,0,0,9,49,19,0,0,2,0,342,42,28,4,27
2017,Kerala,32,Idukki,556,Idukki,24,277,3,276,14,0,0,209,68,130,2,1,0,11,2,16,0,5,1,8,224,13,12,0,229
2017,Kerala,32,Kannur,557,Kannur,22,198,4,189,4,0,0,131,20,138,1,0,0,6,39,11,0,2,0,3,154,51,15,0,405
2017,Kerala,32,Kasaragod,558,Kasargod,11,218,0,209,16,0,0,191,21,118,0,0,6,34,13,3,0,0,0,0,83,38,14,1,80
2017,Kerala,32,Kollam,559,Kollam Commissionerate,10,190,0,195,11,0,0,0,0,160,1,0,4,0,36,12,0,12,0,0,166,37,16,0,90
2017,Kerala,32,Kollam,559,Kollam Commr.,1,51,0,11,8,0,0,132,51,0,0,0,1,2,0,0,0,0,0,0,0,0,0,0,0
2017,Kerala,32,Kollam,559,Kollam Rural,25,320,3,316,13,0,0,130,20,149,1,2,4,9,40,17,0,0,0,0,122,17,6,0,510
2017,Kerala,32,Kottayam,560,Kottayam,11,264,2,267,20,0,1,164,48,113,0,1,0,4,25,8,0,0,0,4,245,45,14,0,44
2017,Kerala,32,Kozhikode,561,Kozhikode Commissionerate,7,109,2,121,9,0,1,0,0,125,0,0,1,0,40,19,1,1,3,1,130,59,23,0,155
2017,Kerala,32,Kozhikode,561,Kozhikode Commr.,2,30,0,9,6,0,0,132,54,0,0,0,0,13,0,0,0,0,0,0,0,0,0,0,0
2017,Kerala,32,Kozhikode,561,Kozhikode Rural,7,251,6,324,18,0,2,216,97,249,1,1,2,6,6,4,0,1,0,1,125,21,11,0,458
2017,Kerala,32,Malappuram,562,Malappuram,20,421,2,406,21,1,1,286,105,369,4,1,3,11,31,20,0,5,2,5,310,91,20,1,139
2017,Kerala,32,Palakkad,563,Palakkad,28,554,1,147,25,0,2,235,63,204,0,0,4,0,5,22,10,0,0,0,178,100,7,0,269
2017,Kerala,32,Pathanamthitta,564,Pathanamthitta,34,213,0,161,4,0,0,146,58,96,0,0,0,0,0,6,0,4,0,2,144,24,20,0,461
2017,Kerala,32,Thiruvananthapuram,565,Crime Branch,0,11,0,2,1,0,1,5,3,2,0,0,2,0,0,50,2,4,4,12,44,0,9,0,15
2017,Kerala,32,Thiruvananthapuram,565,Railways,0,0,1,53,1,0,0,10,5,0,0,0,0,1,0,0,0,0,0,0,1,32,2,0,11
2017,Kerala,32,Thiruvananthapuram,565,Trivandrum Commissionerate,13,193,1,254,15,0,0,0,0,93,0,0,0,0,69,93,21,10,9,10,220,64,0,2,36
2017,Kerala,32,Thiruvananthapuram,565,Trivandrum Commr.,2,39,0,0,13,0,0,266,81,0,0,0,0,0,0,0,0,0,0,0,0,0,0,0,0
2017,Kerala,32,Thiruvananthapuram,565,Trivandrum Rural,28,549,7,585,21,0,0,378,191,222,7,0,15,4,31,15,1,1,0,3,240,69,17,0,1952
2017,Kerala,32,Thrissur,566,Thrissur Commissionerate,11,120,3,136,8,0,1,0,0,70,0,1,1,0,22,22,1,4,5,1,221,35,7,5,122
2017,Kerala,32,Thrissur,566,Thrissur Commr.,1,26,0,1,7,0,1,87,33,0,0,0,0,10,0,0,0,0,0,0,0,0,0,0,0
2017,Kerala,32,Thrissur,566,Thrissur Rural,28,295,6,317,13,0,0,157,47,241,3,0,6,11,50,11,0,1,2,0,377,50,17,0,247
2017,Kerala,32,Wayanad,567,Wayanadu,4,198,1,131,15,0,0,159,118,89,0,0,2,0,13,1,0,0,0,0,85,10,2,1,37
2017,Ladakh,37,Kargil,6,Kargil,0,0,0,0,0,0,0,0,0,0,0,0,0,0,0,1,0,0,0,0,1,0,0,0,4
2017,Ladakh,37,Leh Ladakh,9,Leh,0,2,0,0,0,0,0,0,0,0,0,0,0,0,0,0,0,0,0,0,2,1,0,0,3
2017,Lakshadweep,31,Lakshadweep District,553,Lakshadweep,0,3,0,0,0,0,0,4,4,2,0,0,0,0,0,0,0,0,0,0,0,1,0,0,19
2017,Lakshadweep,31,Pondicherry,600,Karaikal,0,9,0,12,2,0,0,0,0,3,1,0,2,0,0,0,0,0,0,0,0,0,0,0,0
2017,Lakshadweep,31,Pondicherry,600,Puducherry,4,39,3,25,7,0,0,0,0,2,11,0,3,0,0,0,0,0,0,0,0,0,0,0,0
2017,Madhya Pradesh,23,Agar Malwa,667,Agar,2,17,0,10,17,0,0,100,0,0,0,0,2,21,0,0,0,0,0,0,0,0,0,0,0
2017,Madhya Pradesh,23,Agar-Malwa,667,Agar,9,70,0,84,10,0,0,0,0,19,3,1,3,0,81,0,0,0,0,0,18,9,0,0,44
2017,Madhya Pradesh,23,Alirajpur,639,Alirajpur,47,182,3,100,148,0,0,164,0,10,3,0,10,8,74,2,0,0,1,0,20,27,0,0,3
2017,Madhya Pradesh,23,Anuppur,390,Anuppur,26,169,4,124,132,0,0,187,0,78,4,0,7,22,41,10,3,0,0,0,11,8,0,0,41
2017,Madhya Pradesh,23,Ashoknagar,391,Ashok Nagar,24,204,5,274,94,0,2,258,0,81,13,0,12,44,295,0,0,0,0,0,34,16,0,0,90
2017,Madhya Pradesh,23,Balaghat,392,Balaghat,44,314,1,205,290,0,0,352,0,65,10,0,8,30,69,0,0,0,0,0,26,12,0,0,22
2017,Madhya Pradesh,23,Barwani,393,Barwani,28,292,0,133,97,0,0,224,0,25,5,0,12,23,74,4,0,0,0,0,2,6,2,0,30
2017,Madhya Pradesh,23,Betul,394,Betul,62,215,1,117,297,0,9,288,114,105,17,0,16,0,63,0,0,0,0,0,34,8,3,0,0
2017,Madhya Pradesh,23,Bhind,395,Bhind,42,178,3,120,193,2,0,170,24,106,32,0,11,0,0,0,0,0,0,0,37,35,15,0,315
2017,Madhya Pradesh,23,Bhopal,396,Bhopal,68,1013,2,658,771,0,11,1282,214,439,28,0,24,2,1045,26,0,3,6,12,152,101,17,6,894
2017,Madhya Pradesh,23,Bhopal,396,Bhopal Railway,1,14,0,29,12,0,2,18,5,2,0,0,2,0,33,0,0,0,0,0,8,68,0,0,129
2017,Madhya Pradesh,23,Bhopal,396,Cyber Crime Cell,0,0,0,0,0,0,0,0,0,0,0,0,0,0,0,0,0,0,0,0,0,0,0,0,0
2017,Madhya Pradesh,23,Burhanpur,397,Burhanpur,14,101,1,88,66,0,0,108,0,25,0,0,4,6,0,0,0,0,0,0,6,3,3,0,734
2017,Madhya Pradesh,23,Chhatarpur,398,Chhatarpur,52,271,1,338,151,0,0,430,62,109,26,0,14,1,115,6,1,0,2,0,27,31,0,0,69
2017,Madhya Pradesh,23,Chhindwara,399,Chhindwara,58,640,0,470,413,0,0,657,0,186,29,0,32,66,260,0,0,0,0,0,67,28,0,2,177
2017,Madhya Pradesh,23,Cyber Crime,9999,Cyber Crime Cell,0,0,0,0,0,0,0,0,0,0,0,0,0,0,0,0,0,0,0,0,0,0,0,0,0
2017,Madhya Pradesh,23,Cyber Crime Cell,9999,Cyber Crime Cell,0,0,0,0,0,0,0,0,0,0,0,0,0,0,0,132,0,31,0,33,0,0,0,0,0
2017,Madhya Pradesh,23,Damoh,400,Damoh,38,119,0,213,313,0,0,262,0,104,18,0,13,0,6,4,0,4,0,0,8,15,0,0,8
2017,Madhya Pradesh,23,Datia,401,Datia,32,58,0,89,97,0,0,164,0,33,7,0,10,20,27,10,1,0,4,0,10,13,0,1,70
2017,Madhya Pradesh,23,Dewas,402,Dewas,29,396,3,378,183,0,2,377,2,303,10,0,19,91,609,0,0,0,0,0,71,33,0,0,50
2017,Madhya Pradesh,23,Dhar,403,Dhar,80,745,0,236,388,0,0,889,214,74,10,1,26,83,356,25,0,1,0,1,5,48,2,0,173
2017,Madhya Pradesh,23,Dindori,404,Dindori,23,204,0,154,147,0,3,265,67,105,2,0,1,21,51,4,0,0,0,0,0,3,0,0,154
2017,Madhya Pradesh,23,Guna,406,Guna,44,442,4,100,105,3,0,262,86,117,9,0,6,3,411,0,0,0,0,0,41,47,0,0,520
2017,Madhya Pradesh,23,Gwalior,407,Gwalior,76,622,3,427,461,9,24,848,157,234,48,0,28,22,422,22,0,2,0,6,0,183,1,0,26
2017,Madhya Pradesh,23,Harda,408,Harda,21,212,0,171,96,0,2,180,1,72,1,0,6,18,108,3,1,0,0,0,13,7,0,0,46
2017,Madhya Pradesh,23,Indore,410,Cyber Crime Cell,0,0,0,0,0,0,0,0,0,0,0,0,0,0,0,0,0,0,0,13,0,0,0,0,0
2017,Madhya Pradesh,23,Indore,410,Indore,98,838,2,597,713,4,6,1110,305,368,21,1,28,0,439,80,19,0,4,0,223,111,50,10,4129
2017,Madhya Pradesh,23,Indore,410,Indore Railway,2,5,0,11,0,0,1,2,0,1,0,0,0,0,0,0,0,0,0,0,0,5,0,0,13
2017,Madhya Pradesh,23,Indore,410,Khandwa,2,70,0,119,86,0,1,300,1,0,0,0,1,0,0,0,0,0,0,0,0,0,0,0,0
2017,Madhya Pradesh,23,Jabalpur,411,Jabalpur,91,464,6,460,797,0,2,1026,0,400,29,0,40,350,711,70,14,0,6,1,41,140,22,0,123
2017,Madhya Pradesh,23,Jabalpur,411,Jabalpur Railway,6,3,0,19,7,0,8,15,0,0,2,0,1,0,0,0,0,0,0,0,0,50,0,0,41
2017,Madhya Pradesh,23,Jhabua,412,Jhabua,22,268,0,180,463,0,0,367,0,29,0,0,19,16,553,1,0,1,0,0,6,25,0,0,16
2017,Madhya Pradesh,23,Katni,413,Katni,40,271,2,222,246,2,0,389,8,132,18,0,5,62,0,0,0,0,0,0,46,16,5,0,507
2017,Madhya Pradesh,23,Khandwa (East Nimar),405,Khandwa,24,226,0,191,66,0,5,0,0,38,4,0,13,0,25,1,0,0,0,1,0,14,2,0,1406
2017,Madhya Pradesh,23,Khargone,414,Khargone,3,161,0,86,91,0,1,404,0,0,0,0,0,14,0,0,0,0,0,0,0,0,0,0,0
2017,Madhya Pradesh,23,Khargone (West Nimar),414,Khargone,50,406,1,279,57,1,1,0,0,79,3,0,10,0,91,35,6,0,2,2,10,25,4,0,50
2017,Madhya Pradesh,23,Mandla,415,Mandla,28,158,0,112,207,0,0,260,0,42,5,0,13,3,76,0,0,0,0,0,21,3,0,0,622
2017,Madhya Pradesh,23,Mandsaur,416,Mandsaur,37,199,0,149,121,0,0,167,0,31,4,1,17,0,42,10,1,0,1,0,26,17,0,0,752
2017,Madhya Pradesh,23,Morena,417,Morena,41,216,1,169,92,3,1,372,0,225,35,0,17,14,419,0,0,0,0,0,123,71,0,0,576
2017,Madhya Pradesh,23,Narmadapuram,409,Hoshangabad,39,290,1,252,215,0,5,365,0,115,7,0,14,57,207,0,0,0,0,0,31,24,9,0,36
2017,Madhya Pradesh,23,Narsimhapur,418,Narsinghpur,30,238,0,258,80,0,0,0,0,157,17,0,15,0,244,12,0,0,3,6,23,4,0,0,61
2017,Madhya Pradesh,23,Narsinghpur,418,Narsinghpur,1,59,0,87,99,0,0,311,0,0,0,0,2,17,0,0,0,0,0,0,0,0,0,0,0
2017,Madhya Pradesh,23,Neemuch,419,Neemuch,10,124,0,88,55,0,0,91,0,25,1,0,13,0,29,8,3,0,0,0,20,11,1,1,98
2017,Madhya Pradesh,23,Panna,420,Panna,18,58,0,109,220,1,0,183,0,31,20,0,15,9,6,1,0,1,0,0,0,3,0,0,6
2017,Madhya Pradesh,23,Raisen,421,Raisen,38,190,1,163,102,0,0,81,70,84,12,0,14,0,0,2,0,0,0,0,30,16,0,0,34
2017,Madhya Pradesh,23,Rajgarh,422,Rajgarh,23,187,2,263,65,0,6,248,0,98,7,0,16,0,0,7,1,1,1,3,1,25,0,0,1097
2017,Madhya Pradesh,23,Ratlam,423,Ratlam,31,366,1,265,270,0,2,446,0,164,4,0,17,4,308,22,7,1,1,0,48,31,12,0,104
2017,Madhya Pradesh,23,Rewa,424,Rewa,62,301,1,289,553,6,2,659,2,116,35,0,27,64,94,13,0,0,0,4,15,82,39,0,2367
2017,Madhya Pradesh,23,Sagar,425,Sagar,70,556,2,708,449,0,0,708,0,304,30,0,39,102,284,29,2,0,9,0,77,35,0,0,121
2017,Madhya Pradesh,23,Satna,426,Satna,68,345,1,291,522,0,0,565,0,144,27,0,21,16,227,0,0,0,0,0,0,30,0,0,133
2017,Madhya Pradesh,23,Sehore,427,Sehore,21,354,0,321,130,0,0,310,0,203,10,0,18,0,109,0,0,0,0,0,42,23,1,0,15
2017,Madhya Pradesh,23,Seoni,428,Seoni,34,124,1,185,185,0,3,301,0,123,9,0,12,13,59,15,1,0,3,0,30,3,6,0,1175
2017,Madhya Pradesh,23,Shahdol,429,Shahdol,39,278,1,192,263,0,14,309,0,282,11,1,8,3,159,18,7,0,1,0,44,27,0,0,2375
2017,Madhya Pradesh,23,Shajapur,430,Shajapur,24,164,1,126,66,0,0,201,71,32,5,0,9,26,180,15,2,1,2,0,12,7,7,0,15
2017,Madhya Pradesh,23,Sheopur,431,Sheopur,15,68,0,65,32,0,0,60,0,24,3,0,3,5,45,0,0,0,0,0,6,5,0,0,115
2017,Madhya Pradesh,23,Shivpuri,432,Shivpuri,38,212,0,239,200,0,4,383,0,62,16,0,9,19,38,0,0,0,0,0,46,22,0,4,118
2017,Madhya Pradesh,23,Sidhi,433,Sidhi,30,108,0,125,141,2,0,139,18,24,11,0,20,0,139,0,0,0,0,0,16,10,0,0,86
2017,Madhya Pradesh,23,Singrauli,638,Singrauli,52,233,1,133,162,0,0,227,0,131,13,0,11,50,101,26,10,0,2,0,16,13,15,0,21
2017,Madhya Pradesh,23,Tikamgarh,434,Tikamgarh,21,342,2,311,181,0,11,384,0,121,21,1,11,27,62,37,5,0,7,0,26,29,14,0,140
2017,Madhya Pradesh,23,Ujjain,435,Ujjain,53,484,1,434,297,3,2,613,0,279,5,0,17,156,298,77,6,1,2,2,100,67,4,4,200
2017,Madhya Pradesh,23,Umaria,436,Umaria,16,118,1,90,101,0,0,137,0,48,4,0,5,10,40,2,0,0,0,0,6,7,1,0,8
2017,Madhya Pradesh,23,Vidisha,437,Vidisha,41,176,1,168,237,2,2,420,149,136,12,0,15,30,320,0,0,0,0,0,43,24,0,0,259
2017,Maharashtra,27,Ahmednagar,466,Ahmednagar,94,223,0,430,408,2,0,292,95,239,14,0,48,2,67,9,1,3,0,0,174,380,0,8,53
2017,Maharashtra,27,Akola,467,Akola,39,95,1,146,145,0,0,231,108,185,10,0,21,12,18,24,3,0,4,0,67,65,2,0,145
2017,Maharashtra,27,Amravati,468,Amravati Commissionerate,15,90,0,159,72,0,0,0,0,170,10,1,11,0,36,61,3,8,7,2,66,36,27,0,125
2017,Maharashtra,27,Amravati,468,Amravati Commr.,1,0,0,0,97,0,0,247,85,0,0,0,0,19,0,0,0,0,0,0,0,0,0,0,0
2017,Maharashtra,27,Amravati,468,Amravati Rural,65,143,0,196,167,0,4,277,148,175,6,0,41,30,110,132,53,10,4,8,120,44,2,0,79
2017,Maharashtra,27,Aurangabad,469,Aurangabad Commr.,2,0,0,0,137,1,0,274,116,0,0,0,0,6,0,0,0,0,0,0,0,0,0,0,0
2017,Maharashtra,27,Aurangabad,469,Aurangabad Rural,8,0,0,0,82,0,0,177,67,0,0,0,0,4,0,0,0,0,0,0,0,0,0,0,0
2017,Maharashtra,27,Beed,470,Beed,61,95,1,201,161,0,3,229,70,280,12,0,48,9,159,33,8,1,2,2,64,87,29,5,106
2017,Maharashtra,27,Bhandara,471,Bhandara,16,48,3,99,183,0,2,208,52,31,3,0,5,7,93,90,31,1,2,0,47,20,0,5,67
2017,Maharashtra,27,Buldhana,472,Buldhana,47,89,0,286,157,7,0,236,98,145,11,0,32,12,105,32,10,0,0,2,109,54,2,2,24
2017,Maharashtra,27,Chandrapur,473,Chandrapur,36,124,0,179,349,0,0,362,122,136,10,0,12,3,152,90,25,2,0,2,100,50,0,2,87
2017,Maharashtra,27,Chhatrapati Sambhajinagar,469,Aurangabad Commissionerate,32,111,0,343,97,1,0,0,0,227,4,0,15,0,217,310,109,21,27,0,255,165,13,12,172
2017,Maharashtra,27,Chhatrapati Sambhajinagar,469,Aurangabad Rural,43,89,0,136,58,0,0,0,0,162,14,0,34,0,98,62,25,0,1,1,61,41,3,2,192
2017,Maharashtra,27,Dharashiv,488,Osmanabad,48,59,0,124,52,0,0,0,0,73,8,0,26,0,124,25,9,0,1,0,48,34,0,0,18
2017,Maharashtra,27,Dhule,474,Dhule,44,58,0,118,91,0,0,105,32,244,5,0,27,0,45,45,13,1,2,0,97,96,0,0,38
2017,Maharashtra,27,Gadchiroli,475,Gadchiroli,40,45,0,44,67,1,1,79,38,10,0,0,9,2,6,12,4,0,0,0,20,9,0,0,18
2017,Maharashtra,27,Gondia,476,Gondia,31,84,0,97,133,1,0,174,69,40,7,0,8,1,86,29,8,0,5,0,46,34,0,0,22
2017,Maharashtra,27,Hingoli,477,Hingoli,33,49,0,78,54,2,0,95,26,65,4,0,5,3,67,10,2,0,1,0,9,51,0,0,21
2017,Maharashtra,27,Jalgaon,478,Jalgaon,60,106,1,206,219,1,3,236,70,227,3,0,34,5,57,32,7,0,2,2,154,128,11,14,286
2017,Maharashtra,27,Jalna,479,Jalna,46,74,0,225,48,13,0,57,25,216,11,0,4,0,131,25,5,2,2,4,88,84,15,1,132
2017,Maharashtra,27,Kolhapur,480,Kolhapur,47,110,1,157,258,8,2,282,122,96,8,0,29,2,201,64,15,0,1,1,180,154,12,21,71
2017,Maharashtra,27,Latur,481,Latur,44,67,0,139,159,0,0,136,64,187,9,0,18,0,114,36,10,0,1,0,127,69,0,0,25
2017,Maharashtra,27,Mumbai,482,Mumbai Commissionerate,127,1041,1,2161,1270,0,65,0,0,560,11,5,33,0,1247,2678,1024,11,136,12,3724,1020,329,34,5090
2017,Maharashtra,27,Mumbai,482,Mumbai Commr.,14,0,0,0,1884,0,12,3790,1054,0,0,0,3,66,0,0,0,0,0,0,0,0,0,0,0
2017,Maharashtra,27,Mumbai,482,Mumbai Railway,4,12,0,102,39,0,0,620,14,0,1,0,1,0,240,40,4,0,1,0,112,498,2,0,66
2017,Maharashtra,27,Mumbai Suburban,483,Navi Mumbai,44,189,0,164,381,5,12,419,140,119,1,0,20,7,141,132,34,3,4,2,373,203,12,9,154
2017,Maharashtra,27,Nagpur,484,Nagpur Commissionerate,85,237,0,288,299,1,30,0,0,214,11,0,13,0,574,153,44,3,13,0,437,336,29,31,201
2017,Maharashtra,27,Nagpur,484,Nagpur Commr.,2,0,0,0,426,1,3,725,209,0,0,0,0,29,0,0,0,0,0,0,0,0,0,0,0
2017,Maharashtra,27,Nagpur,484,Nagpur Railway,5,1,0,21,24,0,0,24,5,0,2,0,3,0,79,2,0,0,1,0,7,107,0,0,6
2017,Maharashtra,27,Nagpur,484,Nagpur Rural,42,160,0,144,281,0,0,296,124,64,9,0,21,4,122,67,19,10,7,0,69,70,25,0,42
2017,Maharashtra,27,Nanded,485,Nanded,62,117,0,148,227,2,0,274,86,205,12,0,28,8,130,17,3,0,0,0,82,59,3,3,35
2017,Maharashtra,27,Nandurbar,486,Nandurbar,37,43,0,60,71,0,0,84,24,61,0,0,6,1,35,5,2,1,0,0,41,40,0,4,5
2017,Maharashtra,27,Nashik,487,Nasik Commissionerate,41,48,0,104,169,3,2,0,0,131,2,0,9,0,211,163,48,16,13,8,106,224,9,17,94
2017,Maharashtra,27,Nashik,487,Nasik Commr.,4,0,0,0,201,0,0,347,62,0,0,0,1,17,0,0,0,0,0,0,0,0,0,0,0
2017,Maharashtra,27,Nashik,487,Nasik Rural,81,96,0,233,119,0,2,213,95,243,7,1,39,0,187,55,18,2,1,6,208,130,5,2,230
2017,Maharashtra,27,Osmanabad,488,Osmanabad,3,0,0,0,64,0,0,139,66,0,0,0,2,0,0,0,0,0,0,0,0,0,0,0,0
2017,Maharashtra,27,Palghar,665,Palghar,79,247,0,144,678,2,39,696,167,63,1,0,31,13,221,112,32,4,6,5,254,212,23,10,141
2017,Maharashtra,27,Parbhani,489,Parbhani,36,76,0,110,139,0,0,189,65,178,4,0,18,10,128,25,3,0,4,0,15,30,0,1,46
2017,Maharashtra,27,Pune,490,Pune Commissionerate,112,483,1,550,498,12,45,0,0,332,7,0,51,0,898,548,195,49,26,7,729,419,40,10,370
2017,Maharashtra,27,Pune,490,Pune Commr.,10,0,0,0,826,1,7,1335,427,0,0,0,2,5,0,0,0,0,0,0,0,0,0,2,0
2017,Maharashtra,27,Pune,490,Pune Railway,1,5,0,4,9,0,0,15,4,0,0,0,0,0,9,0,0,0,0,0,6,17,0,0,5
2017,Maharashtra,27,Pune,490,Pune Rural,132,358,0,647,828,13,0,785,191,247,6,0,48,58,52,301,129,27,2,3,358,421,0,13,287
2017,Maharashtra,27,Raigad,491,Raigad,16,76,0,97,147,0,0,149,58,39,0,0,13,0,64,105,41,2,3,0,145,47,0,0,57
2017,Maharashtra,27,Ratnagiri,492,Ratnagiri,12,66,0,112,122,0,0,131,48,13,1,0,12,2,62,94,41,2,4,0,86,26,6,0,53
2017,Maharashtra,27,Sangli,493,Sangli,45,89,0,162,293,1,6,282,89,92,7,0,22,8,220,55,6,5,6,4,88,147,14,1,216
2017,Maharashtra,27,Satara,494,Satara,50,158,0,265,363,2,8,396,139,138,2,0,32,5,348,77,22,4,1,0,167,183,7,0,76
2017,Maharashtra,27,Sindhudurg,495,Sindhudurg,8,14,0,58,54,0,0,52,18,2,1,0,2,0,25,29,9,2,1,2,14,5,11,0,150
2017,Maharashtra,27,Solapur,496,Solapur Commissionerate,10,54,0,74,7,2,0,0,0,79,0,0,9,0,67,35,6,0,2,0,147,76,0,0,17
2017,Maharashtra,27,Solapur,496,Solapur Commr.,0,0,0,0,76,2,0,145,65,0,0,0,0,0,0,0,0,0,0,0,0,0,0,0,0
2017,Maharashtra,27,Solapur,496,Solapur Rural,75,156,0,301,255,1,2,328,172,102,6,0,37,0,47,38,10,0,3,2,110,92,31,4,170
2017,Maharashtra,27,Thane,497,Thane Commissionerate,113,383,0,389,370,1,22,0,0,242,7,0,35,0,568,481,123,34,17,4,916,819,17,25,685
2017,Maharashtra,27,Thane,497,Thane Commr.,5,0,0,0,671,0,5,995,272,0,0,0,0,9,0,0,0,0,0,0,0,0,0,0,0
2017,Maharashtra,27,Thane,497,Thane Rural,48,137,0,156,352,0,25,309,78,97,4,0,21,0,89,83,24,5,3,0,235,153,32,14,325
2017,Maharashtra,27,Wardha,498,Wardha,32,56,0,127,211,1,0,203,84,57,6,0,12,0,83,112,44,2,5,1,46,54,35,0,82
2017,Maharashtra,27,Washim,499,Washim,29,47,0,124,64,0,0,78,30,132,0,0,23,0,2,16,7,0,1,0,48,37,0,1,80
2017,Maharashtra,27,Yavatmal,500,Yavatmal,58,155,0,271,242,0,0,202,59,277,12,0,24,5,118,52,18,0,0,1,98,68,0,1,30
2017,Manipur,14,Bishnupur,252,Bishnupur,8,11,0,4,19,0,2,8,4,2,0,0,0,0,0,0,0,0,0,0,9,1,0,0,25
2017,Manipur,14,Chandel,253,Chandel,7,3,0,1,0,0,0,3,3,0,0,0,0,0,0,0,0,0,0,0,2,0,1,0,13
2017,Manipur,14,Churachandpur,254,Churachandpur,7,1,0,1,3,0,3,4,2,0,0,0,0,0,2,0,0,0,0,0,9,1,1,0,13
2017,Manipur,14,Imphal East,255,Imphal East,8,21,0,21,28,1,3,33,2,6,0,1,0,0,0,2,0,0,0,0,28,2,13,0,122
2017,Manipur,14,Imphal West,256,Cid,0,0,0,12,0,0,0,0,0,0,0,0,0,0,0,102,30,1,8,1,51,1,2,0,56
2017,Manipur,14,Imphal West,256,Imphal West,13,37,3,32,19,1,10,34,10,7,0,0,0,0,9,34,3,0,0,2,45,0,27,0,363
2017,Manipur,14,Senapati,257,Senapati,6,0,0,0,0,2,0,0,0,0,0,0,0,0,0,0,0,0,0,0,1,2,0,0,19
2017,Manipur,14,Tamenglong,258,Tamenglong,3,0,0,0,0,1,2,1,0,0,0,0,0,0,0,0,0,0,0,0,2,2,0,0,15
2017,Manipur,14,Thoubal,259,Thoubal,3,19,1,9,23,1,0,23,7,4,0,0,0,0,0,1,0,0,0,1,15,0,22,0,45
2017,Manipur,14,Ukhrul,260,Ukhrul,9,1,0,0,2,1,0,3,1,0,0,0,0,0,0,0,0,0,0,0,3,0,0,0,5
2017,Meghalaya,17,East Garo Hills,273,East Garo Hills,6,24,0,3,0,0,0,0,0,0,0,0,0,0,0,0,0,0,0,0,8,4,3,0,5
2017,Meghalaya,17,East Garo Hills,273,Garo Hills East,0,0,0,0,0,0,0,0,0,0,0,0,0,0,0,0,0,0,0,0,0,0,0,0,0
2017,Meghalaya,17,East Jaintia Hills,657,East Jaintia Hills,9,38,0,10,0,1,0,0,0,0,0,0,0,0,0,0,0,0,0,0,14,6,3,0,185
2017,Meghalaya,17,East Jaintia Hills,657,Jaintia Hills East,0,13,0,0,0,0,0,31,18,0,0,0,0,0,0,0,0,0,0,0,0,0,0,0,0
2017,Meghalaya,17,East Khasi Hills,274,East Khasi Hills,18,119,3,47,12,2,0,0,4,9,0,0,0,0,32,35,2,17,1,4,132,26,16,0,81
2017,Meghalaya,17,East Khasi Hills,274,Khasi Hills East,1,0,0,0,8,1,0,135,119,0,0,0,0,0,0,0,0,0,0,0,0,0,0,0,0
2017,Meghalaya,17,North Garo Hills,656,Garo Hills North,3,10,0,2,4,1,0,17,14,0,0,0,0,0,0,0,0,0,0,0,2,1,0,0,55
2017,Meghalaya,17,Ri Bhoi,276,Ri-Bhoi,9,120,11,12,12,2,0,46,1,0,2,0,1,0,11,5,1,2,0,0,18,17,0,0,10
2017,Meghalaya,17,South Garo Hills,277,Garo Hills South,0,0,0,0,0,0,0,8,8,0,0,0,0,0,0,0,0,0,0,0,0,0,0,0,0
2017,Meghalaya,17,South Garo Hills,277,South Garo Hills,2,5,0,0,0,2,0,0,0,0,0,0,0,0,1,0,0,0,0,0,0,4,0,0,7
2017,Meghalaya,17,South West Garo Hills,663,Garo Hills South West,0,0,0,4,0,0,0,4,0,0,0,0,0,0,0,0,0,0,0,0,0,0,0,0,0
2017,Meghalaya,17,South West Garo Hills,663,South West Garo Hills,5,10,0,8,6,0,0,0,0,2,0,0,0,0,0,0,0,0,0,0,3,1,0,0,25
2017,Meghalaya,17,South West Khasi Hills,658,Khasi Hills South West,0,0,0,0,2,0,0,12,10,0,0,0,0,0,0,0,0,0,0,0,0,0,0,0,0
2017,Meghalaya,17,South West Khasi Hills,658,South West Khasi Hills,1,15,0,2,0,0,0,0,0,0,0,0,0,0,2,1,0,0,0,2,0,4,1,0,8
2017,Meghalaya,17,West Garo Hills,278,Garo Hills West,2,3,0,1,0,0,0,48,11,0,0,0,0,2,0,0,0,0,0,0,0,0,0,0,0
2017,Meghalaya,17,West Garo Hills,278,West Garo Hills,9,26,4,16,4,1,0,0,0,7,0,0,0,0,6,0,0,0,0,0,8,12,4,0,32
2017,Meghalaya,17,West Jaintia Hills,275,Jaintia Hills West,3,0,0,2,2,0,0,40,29,0,0,0,0,0,0,0,0,0,0,0,0,0,0,0,0
2017,Meghalaya,17,West Jaintia Hills,275,West Jaintia Hills,15,35,1,8,0,0,0,0,0,0,0,0,0,0,10,0,0,0,0,0,12,12,1,0,6
2017,Meghalaya,17,West Khasi Hills,279,Khasi Hills West,2,0,0,0,2,0,0,38,33,0,0,0,0,0,0,0,0,0,0,0,0,0,0,0,0
2017,Meghalaya,17,West Khasi Hills,279,West Khasi Hills,10,30,1,5,0,0,0,0,0,2,0,0,0,0,3,2,0,1,0,2,9,2,0,0,49
2017,Mizoram,15,Aizawl,261,Aizawl,9,57,0,39,1,0,1,79,65,10,0,0,0,2,15,9,0,4,0,0,32,3,5,0,10
2017,Mizoram,15,Aizawl,261,Spl Narcotic,0,0,0,0,0,0,0,0,0,0,0,0,0,0,0,0,0,0,0,0,0,0,0,0,0
2017,Mizoram,15,Champhai,262,Champhai,2,28,0,0,0,0,0,38,34,2,0,0,0,0,0,0,0,0,0,0,1,0,0,0,0
2017,Mizoram,15,Kolasib,263,Kolasib,1,20,0,6,0,0,0,23,23,2,0,0,0,0,0,0,0,0,0,0,4,0,0,0,1
2017,Mizoram,15,Lawngtlai,264,Lawngtlai,0,13,0,4,0,0,0,8,8,0,0,0,0,0,0,0,0,0,0,0,1,1,0,0,1
2017,Mizoram,15,Lunglei,265,Lunglei,3,16,0,5,1,0,0,19,15,2,0,0,0,2,0,0,0,0,0,0,9,1,1,0,15
2017,Mizoram,15,Mamit,266,Mamit,4,19,0,5,0,0,0,24,23,2,0,0,0,0,0,0,0,0,0,0,0,0,1,0,5
2017,Mizoram,15,Saiha,267,Saiha,0,0,0,0,0,0,0,16,16,0,0,0,0,0,0,0,0,0,0,0,0,0,0,0,0
2017,Mizoram,15,Serchhip,268,Serchhip,2,7,0,2,1,0,0,13,10,1,0,0,0,0,0,0,0,0,0,0,4,0,0,0,1
2017,Mizoram,15,Siaha,267,Saiha,1,13,1,6,0,0,0,0,0,1,0,0,0,0,0,1,0,1,0,0,4,0,0,0,1
2017,Nagaland,24,Ahmadabad,438,Western Railway Ahmedabad,0,0,0,0,0,0,0,0,0,0,0,0,0,0,0,4,0,0,2,0,0,0,0,0,2
2017,Nagaland,13,Dimapur,244,Dimapur,17,11,0,6,41,3,0,57,18,3,0,0,0,0,7,0,0,0,0,0,10,26,10,3,13
2017,Nagaland,13,Kiphire,614,Kiphire,1,3,0,0,1,0,0,2,0,0,0,0,0,0,0,0,0,0,0,0,0,0,0,0,0
2017,Nagaland,13,Kohima,245,Kohima,9,6,0,1,0,0,0,10,6,0,0,0,0,0,0,0,0,0,0,0,6,2,2,0,1
2017,Nagaland,13,Longleng,615,Longleng,0,0,0,0,0,0,0,0,0,0,0,0,0,0,0,0,0,0,0,0,0,0,0,0,2
2017,Nagaland,13,Mokokchung,246,Mokokchung,3,1,0,0,0,0,0,1,1,0,0,0,0,0,0,0,0,0,0,0,2,0,1,0,2
2017,Nagaland,13,Mon,247,Mon,3,4,0,0,0,0,0,2,2,0,0,0,0,0,3,0,0,0,0,0,4,5,0,0,6
2017,Nagaland,13,Peren,613,Peren,1,2,1,0,0,0,0,3,2,0,0,0,0,0,0,0,0,0,0,0,1,0,0,0,9
2017,Nagaland,13,Phek,248,Phek,0,9,0,3,0,2,0,1,1,0,0,0,0,0,0,0,0,0,0,0,0,1,1,0,1
2017,Nagaland,13,Tuensang,249,Tuensang,0,2,0,2,0,0,0,3,3,0,0,0,0,0,0,0,0,0,0,0,0,0,1,0,1
2017,Nagaland,24,Vadodara,461,Western Railway Vadodara,0,0,0,0,0,0,0,0,0,0,0,0,0,0,0,0,0,0,0,0,0,0,0,0,0
2017,Nagaland,13,Wokha,250,Wokha,2,5,0,0,0,0,0,5,5,0,0,0,0,0,0,0,0,0,0,0,1,0,0,0,9
2017,Nagaland,13,Zunheboto,251,Zunheboto,2,4,1,0,5,0,0,9,3,0,0,0,0,0,3,0,0,0,0,0,3,0,0,0,0
2017,Odisha,21,Anugul,344,Angul,43,133,0,388,56,1,4,48,0,68,16,0,0,0,59,44,14,0,6,0,81,141,0,2,538
2017,Odisha,21,Balangir,345,Bolangir,37,157,5,238,15,0,2,52,0,59,2,0,0,0,45,48,24,0,0,0,63,71,0,0,509
2017,Odisha,21,Baleshwar,346,Balasore,45,256,11,769,528,3,0,378,0,95,381,2,12,0,13,37,11,0,0,22,141,118,2,0,264
2017,Odisha,21,Baleshwar,346,Berhampur,15,131,0,223,73,0,0,37,0,29,47,1,0,0,18,70,19,0,0,0,136,50,0,3,41
2017,Odisha,21,Bargarh,347,Baragarh,29,106,3,485,145,0,0,94,0,36,82,0,0,0,84,30,7,1,0,0,60,51,2,3,306
2017,Odisha,21,Bhadrak,348,Bhadrak,33,277,8,428,189,0,0,145,0,48,293,0,0,0,30,36,12,0,4,0,96,48,2,0,505
2017,Odisha,21,Boudh,349,Boudh,13,77,0,104,16,0,2,32,0,51,2,0,0,0,15,6,3,0,0,0,29,15,0,0,225
2017,Odisha,21,Cuttack,350,Cid Cb,0,0,0,0,0,0,0,0,0,0,0,0,0,0,0,0,0,0,0,0,0,0,0,0,0
2017,Odisha,21,Cuttack,350,Cid Crime Branch,0,0,0,0,0,0,0,0,0,0,0,0,0,0,0,0,0,0,0,0,32,0,0,0,26
2017,Odisha,21,Cuttack,350,Cid Cyber Crime,0,0,0,0,0,0,0,0,0,0,0,0,0,0,0,60,30,0,0,0,30,0,0,0,30
2017,Odisha,21,Cuttack,350,Cuttack,29,112,7,188,72,0,0,98,0,41,163,0,0,0,8,54,23,0,4,0,97,86,0,0,446
2017,Odisha,21,Cuttack,350,Dcp Ctc,0,27,0,0,131,0,0,163,0,0,0,0,0,0,0,0,0,0,0,0,0,0,0,0,0
2017,Odisha,21,Cuttack,350,Dcp Cuttack,24,101,1,155,0,0,2,0,0,176,0,1,0,0,36,102,43,0,0,0,183,85,0,5,1107
2017,Odisha,21,Cuttack,350,Srp(Cuttack),2,1,1,3,3,0,2,1,0,0,1,0,0,0,6,0,0,0,0,0,14,14,0,0,12
2017,Odisha,21,Deogarh,351,Deogarh,13,64,1,112,30,0,0,19,0,27,33,0,0,0,5,28,12,0,2,0,36,29,0,0,14
2017,Odisha,21,Dhenkanal,352,Dhenkanal,31,82,3,455,73,1,1,21,0,42,130,0,0,0,39,22,11,0,0,0,52,77,0,0,146
2017,Odisha,21,Gajapati,353,Gajapati,19,65,0,77,25,0,9,32,0,38,4,0,0,0,9,16,6,0,0,0,26,4,0,0,10
2017,Odisha,21,Ganjam,354,Ganjam,75,248,1,479,59,0,1,140,0,0,151,1,0,0,36,58,15,0,0,0,87,88,2,1,153
2017,Odisha,21,Jagatsinghapur,355,Jagatsinghpur,25,116,5,309,153,0,0,77,0,62,92,0,0,0,4,28,14,0,0,0,90,73,0,0,111
2017,Odisha,21,Jajapur,356,Jajpur,71,296,4,248,92,0,0,139,69,61,248,4,0,0,30,92,32,0,14,0,147,132,0,2,1505
2017,Odisha,21,Jharsuguda,357,Jharsuguda,24,97,0,142,19,0,0,26,0,14,33,0,0,0,44,22,5,0,6,0,54,63,0,0,62
2017,Odisha,21,Kalahandi,358,Kalahandi,47,191,1,394,2,0,2,44,0,75,0,0,0,0,31,8,0,0,0,2,99,37,0,0,211
2017,Odisha,21,Kandhamal,359,Kandhamal,44,283,1,195,90,0,10,178,74,108,55,0,0,0,47,24,8,0,4,0,47,26,1,0,12
2017,Odisha,21,Kendrapara,360,Kendrapara,40,153,10,336,183,0,3,150,0,206,0,0,0,0,40,35,17,0,0,0,62,69,3,0,247
2017,Odisha,21,Kendujhar,361,Keonjhar,56,247,12,468,47,0,1,128,42,198,19,0,0,0,69,32,11,0,0,20,77,70,0,0,226
2017,Odisha,21,Khordha,362,Dcp Bbsr,0,82,0,0,0,0,0,90,0,0,0,0,0,0,0,0,0,0,0,0,0,0,0,0,0
2017,Odisha,21,Khordha,362,Dcp Bhubaneswar,29,227,15,528,919,3,0,0,0,119,187,0,0,0,44,180,90,0,0,0,696,214,0,0,970
2017,Odisha,21,Khordha,362,Khurda,42,91,16,154,86,0,0,17,0,26,139,2,0,0,8,18,9,0,0,0,71,92,0,0,350
2017,Odisha,21,Koraput,363,Koraput,55,311,1,280,111,0,0,89,0,88,105,0,0,0,50,84,35,0,7,0,115,111,0,0,129
2017,Odisha,21,Malkangiri,364,Malkangiri,30,58,0,98,25,0,4,20,3,42,18,0,0,0,3,24,8,0,4,0,35,8,0,0,58
2017,Odisha,21,Mayurbhanj,365,Mayurbhanj,81,383,15,361,192,0,8,204,0,267,0,1,3,0,35,50,15,0,0,0,86,67,4,1,166
2017,Odisha,21,Nabarangpur,366,Nabarangpur,29,260,4,296,139,0,11,190,60,61,2,0,3,0,27,54,0,0,0,2,38,25,0,0,72
2017,Odisha,21,Nayagarh,367,Nayagarh,30,86,4,193,20,0,1,54,0,46,100,0,0,0,21,15,0,1,0,3,44,61,7,0,465
2017,Odisha,21,Nuapada,368,Nuapada,14,37,2,193,84,0,9,55,0,44,44,0,0,0,10,22,7,4,0,0,61,29,0,0,186
2017,Odisha,21,Puri,369,Puri,61,154,7,595,125,0,4,58,1,57,195,0,0,0,30,30,5,0,10,0,95,163,0,3,85
2017,Odisha,21,Rayagada,370,Rayagada,48,169,5,101,45,0,0,90,0,117,1,0,0,0,29,9,0,0,0,0,31,15,1,0,0
2017,Odisha,21,Sambalpur,371,Sambalpur,38,204,1,325,68,0,7,60,0,68,10,0,0,0,153,70,25,0,10,0,159,139,0,1,847
2017,Odisha,21,Sonepur,372,Sonepur,16,11,0,117,8,0,0,3,0,16,8,0,0,0,5,2,1,0,0,0,15,27,0,0,29
2017,Odisha,21,Sundargarh,373,Rourkela,50,174,6,210,200,0,0,142,0,70,75,0,0,0,69,108,34,0,20,0,138,128,0,0,283
2017,Odisha,21,Sundargarh,373,Srp(Rourkela),2,3,0,9,2,0,0,2,0,0,0,0,0,0,5,0,0,0,0,0,0,11,0,0,12
2017,Odisha,21,Sundargarh,373,Sundargarh,52,105,1,130,58,0,10,109,0,70,6,0,1,1,58,69,20,0,0,0,35,72,1,0,51
2017,Puducherry,34,Karaikal,598,Karaikal,3,2,0,0,3,0,0,13,10,0,0,0,0,0,2,0,0,0,0,0,14,5,3,0,65
2017,Puducherry,34,Pondicherry,600,Puducherry,23,5,0,0,1,1,2,63,56,0,0,0,0,2,115,5,0,0,0,0,38,26,4,0,180
2017,Punjab,3,Amritsar,27,Amritsar Rural,44,41,2,69,129,0,0,86,5,34,5,0,5,0,18,7,0,0,1,5,86,4,0,0,125
2017,Punjab,3,Amritsar,27,Cp Amritsar,22,48,4,44,141,0,0,121,25,58,4,2,6,0,0,31,6,0,1,2,136,16,1,0,73
2017,Punjab,3,Amritsar,27,Special Task Force,0,0,0,0,0,0,0,0,0,0,0,0,0,0,0,0,0,0,0,0,0,0,0,0,0
2017,Punjab,3,Barnala,605,Barnala,20,24,4,25,56,0,0,53,12,17,1,0,6,4,17,2,0,0,0,2,59,3,1,1,29
2017,Punjab,3,Bathinda,28,Bathinda,45,92,4,73,104,0,0,102,29,63,5,0,8,0,0,7,0,0,0,0,146,3,0,0,234
2017,Punjab,3,Faridkot,29,Faridkot,13,41,0,23,28,0,0,43,11,26,0,0,7,2,0,1,0,0,0,0,57,3,0,0,41
2017,Punjab,3,Fatehgarh Sahib,30,Fatehgarh Sahib,16,23,0,32,48,0,0,53,16,29,0,0,7,0,0,0,0,0,0,0,93,0,0,2,56
2017,Punjab,3,Fazilka,651,Fazilka,23,84,3,17,44,0,0,81,33,15,3,1,9,0,25,12,0,0,2,0,99,1,1,0,70
2017,Punjab,3,Ferozepur,31,Ferozepur,27,110,3,54,62,0,0,61,23,20,2,0,1,0,0,3,0,0,0,1,116,0,0,0,21
2017,Punjab,3,Gurdaspur,32,Batala,21,38,1,36,74,0,0,45,8,32,5,0,3,0,1,0,0,0,0,0,73,4,0,0,64
2017,Punjab,3,Gurdaspur,32,Gurdaspur,14,39,3,12,51,0,0,48,5,27,2,0,8,0,0,0,0,0,0,0,79,1,1,0,27
2017,Punjab,3,Hoshiarpur,33,Hoshiarpur,28,70,4,29,86,0,0,75,17,78,4,0,7,0,6,5,0,3,0,0,0,6,0,0,138
2017,Punjab,3,Jalandhar,34,Cp Jalandhar,17,50,6,70,73,0,0,113,13,75,0,0,7,0,25,24,5,2,0,7,145,7,3,0,87
2017,Punjab,3,Jalandhar,34,Jalandhar Rural,21,92,3,47,33,0,0,85,0,66,4,0,9,3,9,5,1,0,0,2,108,15,1,1,16
2017,Punjab,3,Kapurthala,35,Kapurthala,19,44,1,80,64,0,0,88,15,32,1,0,3,0,0,24,2,4,2,0,98,5,0,0,116
2017,Punjab,3,Ludhiana,36,Cp Ludhiana,69,208,9,99,269,0,0,312,85,116,13,0,13,0,35,61,14,1,4,1,256,16,4,0,487
2017,Punjab,3,Ludhiana,36,Khanna,25,19,1,22,64,0,0,88,11,15,0,0,3,0,0,0,0,0,0,0,18,1,0,0,141
2017,Punjab,3,Ludhiana,36,Ludhiana Rural,21,58,2,26,27,0,0,45,7,15,0,0,7,0,0,14,0,2,3,4,85,5,0,0,52
2017,Punjab,3,Mansa,37,Mansa,25,35,2,20,10,0,0,32,24,27,0,0,9,0,26,8,0,0,0,0,60,5,0,0,36
2017,Punjab,3,Moga,38,Moga,21,46,2,36,80,3,0,75,18,37,1,0,6,0,18,6,0,0,1,0,15,4,7,0,13
2017,Punjab,3,Pathankot,662,Pathankot,13,18,3,10,27,0,0,45,16,18,1,0,3,0,6,7,0,1,1,3,0,1,0,0,16
2017,Punjab,3,Patiala,41,Grp,12,5,0,4,1,0,2,10,1,1,1,0,4,0,0,2,0,0,0,0,1,1,0,0,51
2017,Punjab,3,Patiala,41,Patiala,52,81,6,81,113,0,0,110,19,91,7,1,16,0,31,6,0,0,0,0,160,8,0,1,66
2017,Punjab,3,Rupnagar,42,Ropar,13,30,4,26,24,0,0,24,15,22,4,0,6,0,16,0,0,0,0,0,0,6,10,0,63
2017,Punjab,3,S.A.S Nagar,608,Bureau Of Investigation,1,0,0,0,0,0,0,0,0,0,0,0,0,0,0,0,0,0,0,0,6,0,1,0,1
2017,Punjab,3,S.A.S Nagar,608,Intelligence Wing,0,0,0,0,0,0,0,0,0,0,0,0,0,0,0,0,0,0,0,0,0,0,1,0,0
2017,Punjab,3,S.A.S Nagar,608,Nri Wing,0,0,0,0,0,0,0,0,0,62,0,0,0,0,0,0,0,0,0,0,26,0,11,0,10
2017,Punjab,3,S.A.S Nagar,608,S.A.S Nagar,22,28,0,0,0,0,1,0,0,0,0,0,0,0,0,0,0,0,0,0,363,7,0,0,417
2017,Punjab,3,S.A.S Nagar,608,Sas Nagar,4,47,5,39,149,0,2,102,21,88,2,0,6,0,0,0,0,0,0,0,0,0,0,0,0
2017,Punjab,3,Sangrur,43,Sangrur,35,59,2,82,85,0,0,92,17,45,4,0,0,0,0,8,0,0,0,0,140,10,0,0,48
2017,Punjab,3,Sas Nagar,608,Bureau Of Investigation,0,0,0,0,0,0,0,0,0,0,0,0,0,0,0,7,0,3,0,0,0,0,0,0,0
2017,Punjab,3,Sas Nagar,608,Sas Nagar,0,0,0,0,0,0,0,0,0,0,0,0,0,0,0,12,0,2,2,0,0,0,0,0,2
2017,Punjab,3,Shahid Bhagat Singh Nagar,40,Sbs Nagar,8,24,1,11,24,0,0,39,13,54,0,0,8,0,16,3,0,0,0,3,0,6,1,2,7
2017,Punjab,3,Sri Muktsar Sahib,39,Muktsar,23,48,2,31,59,0,0,59,25,17,2,0,6,0,13,0,0,0,0,0,0,2,1,0,103
2017,Punjab,3,Tarn Taran,609,Tarn Taran,36,41,2,34,61,1,0,46,7,19,1,0,6,0,0,1,0,0,0,1,86,9,10,0,358
2017,Rajasthan,8,Ajmer,86,Ajmer,52,269,21,228,250,0,0,216,41,672,16,0,10,0,70,33,10,5,1,2,1047,44,58,4,331
2017,Rajasthan,8,Ajmer,86,Grp Ajmer,1,3,1,19,13,0,4,12,2,0,1,0,1,0,16,1,0,0,0,0,5,4,0,0,14
2017,Rajasthan,8,Alwar,87,Alwar,122,588,96,280,88,0,11,264,0,706,42,0,2,7,0,2,0,0,0,0,1067,76,567,3,1151
2017,Rajasthan,8,Banswara,88,Banswara,41,167,9,72,167,0,0,138,24,159,5,0,8,0,49,8,1,0,0,0,127,30,3,0,104
2017,Rajasthan,8,Baran,89,Baran,39,228,5,287,169,0,0,114,0,302,5,0,4,0,37,2,0,0,0,1,0,20,0,0,0
2017,Rajasthan,8,Barmer,90,Barmer,40,193,31,229,85,0,0,156,38,208,30,0,5,0,87,31,8,0,0,2,175,15,151,0,21
2017,Rajasthan,8,Bharatpur,91,Bharatpur,90,407,50,81,209,19,5,157,106,528,48,1,1,0,121,26,4,0,2,2,695,38,0,2,3585
2017,Rajasthan,8,Bhilwara,92,Bhilwara,40,259,3,289,228,1,0,204,122,522,6,1,10,0,57,55,6,0,3,0,728,40,18,2,302
2017,Rajasthan,8,Bikaner,93,Bikaner,43,254,8,69,105,1,0,132,59,384,22,0,7,0,0,18,0,0,0,0,331,14,179,2,1248
2017,Rajasthan,8,Bundi,94,Bundi,19,182,6,199,133,0,2,85,42,230,4,0,3,0,90,1,0,0,0,0,0,13,0,2,609
2017,Rajasthan,8,Chittorgarh,95,Chittorgarh,27,176,12,156,139,0,0,95,48,433,3,0,5,0,89,3,0,0,0,0,328,44,61,0,599
2017,Rajasthan,8,Churu,96,Churu,39,232,1,71,73,2,0,60,36,272,7,0,4,0,0,6,0,0,0,0,0,8,406,1,843
2017,Rajasthan,8,Dausa,97,Dausa,31,156,3,18,74,2,0,77,29,183,15,0,3,0,44,94,47,0,0,0,542,15,0,0,1087
2017,Rajasthan,8,Dholpur,98,Dholpur,51,146,31,100,91,0,0,96,25,214,25,0,2,0,73,1,0,1,0,0,223,9,0,0,1021
2017,Rajasthan,8,Dungarpur,99,Dungarpur,32,213,1,81,76,0,0,76,2,93,5,0,2,0,120,2,0,0,0,0,89,28,0,3,114
2017,Rajasthan,8,Ganganagar,100,Ganganagar,65,299,20,190,181,2,0,181,48,549,12,0,8,1,70,28,5,0,1,0,658,32,285,2,821
2017,Rajasthan,8,Hanumangarh,101,Hanumangarh,58,226,17,130,95,1,3,153,74,379,7,0,2,0,49,13,1,0,0,0,1,9,206,17,1101
2017,Rajasthan,8,Jaipur,102,Jaipur East,34,116,5,70,188,2,0,162,22,213,7,0,2,1,92,178,48,17,1,3,48,28,0,0,77
2017,Rajasthan,8,Jaipur,102,Jaipur Metro,0,0,0,0,0,0,0,0,0,0,0,0,0,0,1,0,0,0,0,0,0,0,0,0,0
2017,Rajasthan,8,Jaipur,102,Jaipur North,17,98,1,26,104,0,0,119,41,206,7,0,1,0,118,195,24,20,0,2,15,14,0,0,524
2017,Rajasthan,8,Jaipur,102,Jaipur Rural,29,149,12,78,81,0,0,0,8,179,5,0,5,0,66,113,7,4,0,2,410,17,109,0,1112
2017,Rajasthan,8,Jaipur,102,Jaipur South,18,118,2,72,143,2,0,154,17,185,10,0,2,0,33,200,0,30,0,0,890,32,24,2,977
2017,Rajasthan,8,Jaipur,102,Jaipur West,23,148,1,82,236,0,0,244,28,296,11,0,3,0,67,190,0,41,0,1,1133,22,157,13,633
2017,Rajasthan,8,Jaipur,102,Scrb,0,0,0,0,0,0,0,0,0,0,0,0,0,0,0,36,0,1,0,1,0,0,0,0,0
2017,Rajasthan,8,Jaipur,102,Sog,0,0,0,0,0,0,0,0,0,0,0,0,0,0,0,2,1,0,0,0,0,1,0,0,1
2017,Rajasthan,8,Jaipur,102,Ssb,0,0,0,0,0,0,0,0,0,0,0,0,0,0,0,0,0,0,0,0,0,0,0,0,0
2017,Rajasthan,8,Jaipur (Gramin),783,Jaipur Rural,0,21,0,6,38,0,0,129,38,0,0,0,0,0,0,0,0,0,0,0,0,0,0,0,0
2017,Rajasthan,8,Jaisalmer,103,Jaisalmer,15,26,2,90,15,0,0,62,10,56,14,0,1,0,28,29,8,0,1,2,136,17,0,0,242
2017,Rajasthan,8,Jalore,104,Jalore,29,76,6,90,49,0,0,41,23,119,7,0,1,0,41,7,0,0,0,0,0,21,179,3,1
2017,Rajasthan,8,Jhalawar,105,Jhalawar,26,228,19,210,248,2,0,224,41,277,10,1,7,0,138,6,0,0,0,0,147,27,0,0,16
2017,Rajasthan,8,Jhunjhunu,106,Jhunjhunu,33,193,10,107,123,0,0,90,18,361,13,0,3,0,83,11,0,5,0,0,579,12,0,0,1556
2017,Rajasthan,8,Jodhpur,107,Grp Jodhpur,0,1,0,5,5,0,0,10,2,0,0,0,0,0,8,0,0,0,0,0,1,3,0,0,4
2017,Rajasthan,8,Jodhpur,107,Jodhpur East,13,94,1,104,63,0,0,45,15,177,5,0,0,0,71,70,6,0,0,3,6,34,223,0,441
2017,Rajasthan,8,Jodhpur,107,Jodhpur Rural,41,135,10,113,81,0,2,72,44,146,19,0,0,0,85,0,0,0,0,0,38,12,196,0,474
2017,Rajasthan,8,Jodhpur,107,Jodhpur West,21,110,6,93,97,0,2,110,32,195,8,0,2,0,56,78,23,0,0,3,267,34,136,5,297
2017,Rajasthan,8,Karauli,108,Karauli,39,149,30,60,104,0,0,60,0,142,16,0,1,0,0,2,0,0,0,0,335,7,0,0,2016
2017,Rajasthan,8,Kota,109,Kota City,27,176,2,124,226,0,0,253,34,329,5,0,3,0,199,39,7,2,1,3,413,27,4,5,35
2017,Rajasthan,8,Kota,109,Kota Rural,14,130,2,154,140,0,0,133,5,163,3,0,4,10,0,6,0,0,0,0,166,8,0,0,709
2017,Rajasthan,8,Nagaur,110,Nagaur,52,219,33,130,146,0,2,99,9,452,12,0,4,0,79,5,0,2,0,0,404,25,112,2,1026
2017,Rajasthan,8,Pali,111,Pali,47,263,12,228,155,0,0,116,39,412,7,0,1,0,0,5,0,2,0,3,496,48,101,2,1991
2017,Rajasthan,8,Pratapgarh,629,Pratapgarh,29,275,11,143,80,1,0,107,52,184,5,0,7,0,31,2,0,0,0,1,114,10,13,0,222
2017,Rajasthan,8,Rajsamand,112,Rajsamand,22,80,1,80,111,0,0,98,5,199,3,0,5,2,34,2,0,0,0,2,233,25,10,0,77
2017,Rajasthan,8,Sawai Madhopur,113,Sawai Madhopur,22,130,17,164,108,4,2,108,1,207,9,0,2,0,87,66,14,0,5,0,176,18,165,10,1310
2017,Rajasthan,8,Sikar,114,Sikar,49,220,14,92,169,1,0,127,29,359,16,1,5,0,74,50,12,0,5,2,12,15,917,3,2088
2017,Rajasthan,8,Sirohi,115,Sirohi,26,156,8,95,73,0,0,103,32,125,2,0,2,0,54,1,0,0,0,1,181,21,0,0,276
2017,Rajasthan,8,Tonk,116,Tonk,18,64,7,61,78,0,0,68,13,283,4,0,1,0,67,25,7,0,0,6,14,15,301,1,572
2017,Rajasthan,8,Udaipur,117,Udaipur,74,368,23,248,325,1,2,230,85,418,7,0,17,0,131,9,0,3,0,6,624,84,63,3,492
2017,Sikkim,11,Gangtok,225,East,6,44,1,17,70,0,0,108,39,3,0,0,0,2,11,1,0,0,0,1,17,3,0,0,5
2017,Sikkim,11,Gyalshing,228,West,3,14,1,2,7,0,0,24,15,2,0,0,0,0,0,0,0,0,0,0,0,0,0,0,0
2017,Sikkim,11,Mangan,226,North,1,3,0,2,4,0,0,11,3,0,0,0,0,0,0,0,0,0,0,0,0,0,0,0,0
2017,Sikkim,11,Namchi,227,South,3,28,0,9,9,0,0,47,30,0,0,0,0,0,9,0,0,0,0,0,1,0,0,0,4
2017,Tamil Nadu,33,Ariyalur,610,Ariyalur,22,41,0,17,10,0,0,89,40,6,6,0,7,0,19,0,0,0,0,0,22,17,0,0,0
2017,Tamil Nadu,33,Chennai,568,Chennai,161,145,0,77,26,10,0,249,143,123,18,1,26,25,516,61,2,10,0,4,466,163,173,204,416
2017,Tamil Nadu,33,Chennai,568,Cyber Cell,0,0,0,0,0,0,0,0,0,0,0,0,0,0,0,11,3,0,1,2,3,0,0,0,4
2017,Tamil Nadu,33,Chennai,568,Other Units,0,0,0,0,0,0,0,0,0,0,0,0,0,0,0,0,0,0,0,0,0,0,0,0,0
2017,Tamil Nadu,33,Chennai,568,Railway Chennai,1,0,0,4,0,0,0,1,1,0,0,0,0,0,27,0,0,0,0,0,5,137,0,0,23
2017,Tamil Nadu,33,Coimbatore,569,Coimbatore,50,39,0,7,21,0,0,40,35,28,0,0,0,0,12,0,0,0,0,0,72,74,9,3,233
2017,Tamil Nadu,33,Coimbatore,569,Coimbatore City,21,8,0,5,3,2,0,32,14,30,0,0,0,0,40,37,16,0,0,0,152,93,4,25,21
2017,Tamil Nadu,33,Coimbatore,569,Cyber Cell,0,0,0,0,0,0,0,0,0,0,0,0,0,0,0,0,0,0,0,0,1,0,0,0,1
2017,Tamil Nadu,33,Cuddalore,570,Cuddalore,51,79,0,34,12,0,0,68,41,33,6,0,10,0,61,1,0,1,0,0,63,18,9,4,55
2017,Tamil Nadu,33,Dharmapuri,571,Dharmapuri,40,35,0,4,82,0,0,150,34,9,0,0,8,0,26,3,0,0,0,0,24,13,0,5,59
2017,Tamil Nadu,33,Dindigul,572,Dindigul,36,42,1,32,16,0,0,85,38,52,1,1,9,0,41,5,0,1,1,0,11,36,2,37,283
2017,Tamil Nadu,33,Erode,573,Erode,35,14,0,17,18,0,0,23,14,16,4,0,0,0,11,0,0,0,0,0,51,28,0,13,149
2017,Tamil Nadu,33,Kanchipuram,574,Kanchipuram,68,50,0,3,10,0,0,41,41,12,2,0,8,0,0,0,0,0,0,0,74,44,22,26,1062
2017,Tamil Nadu,33,Kanniyakumari,575,Kanyakumari,27,48,2,7,23,0,5,90,68,8,23,0,7,0,83,8,0,0,0,6,65,11,1,9,48
2017,Tamil Nadu,33,Karur,576,Karur,15,13,0,3,7,0,0,16,14,3,5,0,3,0,0,1,0,0,0,0,6,25,0,0,0
2017,Tamil Nadu,33,Krishnagiri,577,Krishnagiri,51,35,1,22,32,0,0,192,42,7,2,1,16,0,38,1,0,0,0,0,46,28,0,4,170
2017,Tamil Nadu,33,Madurai,578,Madurai,50,66,2,27,82,0,0,121,74,165,44,0,0,0,35,12,0,1,0,0,244,84,0,0,25
2017,Tamil Nadu,33,Madurai,578,Madurai City,44,40,0,14,5,4,4,38,33,75,0,0,1,0,106,3,0,0,0,3,181,127,0,17,6
2017,Tamil Nadu,33,Nagapattinam,579,Nagapattinam,32,62,0,17,23,0,0,41,41,8,4,0,0,0,4,0,0,0,0,0,7,39,0,0,0
2017,Tamil Nadu,33,Namakkal,580,Namakkal,46,29,0,25,12,0,0,61,28,7,6,0,4,0,23,1,0,0,0,0,56,27,0,2,386
2017,Tamil Nadu,33,Perambalur,581,Perambalur,6,20,0,33,0,0,0,54,17,3,0,0,8,0,46,1,0,1,0,0,3,25,2,0,46
2017,Tamil Nadu,33,Pudukkottai,582,Pudukottai,28,22,0,14,15,0,0,27,21,13,3,0,3,0,49,3,0,0,0,3,19,19,17,0,110
2017,Tamil Nadu,33,Ramanathapuram,583,Ramnathapuram,35,27,0,15,15,0,0,29,21,11,10,0,1,0,77,14,2,0,2,4,23,20,0,0,66
2017,Tamil Nadu,33,Salem,584,Salem,46,60,0,71,15,1,0,102,90,12,2,0,17,0,33,4,0,0,0,0,39,40,0,1,559
2017,Tamil Nadu,33,Salem,584,Salem City,21,24,0,1,3,0,0,29,29,2,2,0,5,0,0,3,0,1,0,0,22,55,4,0,127
2017,Tamil Nadu,33,Sivaganga,585,Sivagangai,33,45,0,23,21,5,0,47,35,45,0,0,4,0,64,3,0,0,0,3,79,63,7,4,246
2017,Tamil Nadu,33,Thanjavur,586,Thanjavur,67,49,0,26,32,0,0,164,45,12,6,0,4,2,15,1,0,1,0,0,28,91,0,0,0
2017,Tamil Nadu,33,The Nilgiris,587,Nilgiris,8,11,0,7,6,0,0,18,14,3,0,0,4,0,5,0,0,0,0,0,15,6,0,7,407
2017,Tamil Nadu,33,Theni,588,Theni,30,58,0,14,6,0,0,159,64,70,1,0,8,15,30,0,0,0,0,0,71,11,0,3,850
2017,Tamil Nadu,33,Thiruvallur,589,Thiruvallur,43,32,0,2,4,0,0,115,25,13,4,0,14,34,101,2,0,0,0,0,68,32,0,4,391
2017,Tamil Nadu,33,Thiruvarur,590,Thiruvarur,27,20,0,10,9,1,0,82,22,7,4,0,8,0,20,4,0,1,0,0,15,35,14,2,602
2017,Tamil Nadu,33,Tiruchirappalli,591,Railway Trichy,0,0,0,1,0,0,0,85,0,0,0,0,0,0,6,0,0,0,0,0,2,18,0,0,16
2017,Tamil Nadu,33,Tiruchirappalli,591,Trichy,33,33,0,19,5,0,0,64,25,9,1,0,0,13,172,5,0,1,1,2,35,41,7,3,1
2017,Tamil Nadu,33,Tiruchirappalli,591,Trichy City,16,26,0,6,2,4,8,29,28,9,5,0,14,0,0,34,0,15,0,0,109,80,14,10,0
2017,Tamil Nadu,33,Tirunelveli,592,Thirunelveli,77,89,2,35,25,0,0,205,87,36,23,0,3,32,333,10,0,1,0,5,136,27,17,1,424
2017,Tamil Nadu,33,Tirunelveli,592,Thirunelveli City,13,22,0,7,3,0,0,22,22,5,8,0,0,0,26,2,0,0,0,0,46,43,6,4,52
2017,Tamil Nadu,33,Tiruppur,634,Tiruppur,30,18,0,12,17,1,0,149,26,15,1,0,4,0,25,0,0,0,0,0,32,46,4,2,49
2017,Tamil Nadu,33,Tiruppur,634,Tiruppur City,20,12,0,5,0,2,0,42,15,17,0,0,7,0,12,3,0,0,0,2,34,62,5,4,40
2017,Tamil Nadu,33,Tiruvannamalai,593,Thiruvannamalai,55,69,2,4,9,2,0,126,47,23,6,0,4,4,39,0,0,0,0,0,63,16,8,1,251
2017,Tamil Nadu,33,Tuticorin,594,Thoothukudi,74,85,1,34,18,2,0,195,78,19,5,0,5,40,225,31,8,0,0,16,124,120,1,3,37
2017,Tamil Nadu,33,Vellore,595,Vellore,80,80,0,39,43,0,5,121,84,32,25,0,0,0,58,0,0,0,0,0,81,37,0,3,2
2017,Tamil Nadu,33,Villupuram,596,Villupuram,85,130,0,54,311,0,0,238,96,26,20,0,7,0,116,16,5,0,1,0,128,40,0,1,1180
2017,Tamil Nadu,33,Virudhunagar,597,Virudhunagar,50,27,0,9,11,0,0,90,35,21,26,0,6,0,119,1,0,0,0,0,59,47,0,1,909
2017,Telangana,36,Adilabad,501,Adilabad,9,24,0,81,5,0,0,35,25,151,3,0,5,0,32,0,0,0,0,0,74,15,1,0,59
2017,Telangana,36,Bhadradri Kothagudem,690,Bhadradri Kothagudem,32,74,1,200,71,0,0,227,89,238,11,0,27,0,144,6,0,0,0,0,106,6,14,0,330
2017,Telangana,36,Hyderabad,507,Cyberabad Commissionerate,82,349,0,1338,189,6,138,575,273,1562,32,0,64,0,172,0,0,0,0,0,1457,282,25,17,642
2017,Telangana,36,Hyderabad,507,Hyderabad Commissionerate,69,231,4,536,279,3,17,385,185,1278,28,0,38,0,293,328,0,0,0,49,1519,134,334,2,1096
2017,Telangana,36,Hyderabad,507,Railway Police Secunderabad,7,3,0,9,4,0,0,99,1,0,0,0,1,0,24,0,0,0,0,0,102,12,0,0,33
2017,Telangana,36,Jagitial,681,Jagitial,28,8,0,0,0,0,0,0,0,0,0,0,0,0,0,0,0,0,0,0,134,5,1,0,302
2017,Telangana,36,Jagitial,681,Jagityal,0,27,1,93,11,0,0,56,54,142,9,0,10,0,102,0,0,0,0,0,0,0,0,0,0
2017,Telangana,36,Jagityal,681,Jagityal,0,0,0,0,0,0,0,0,0,0,0,0,0,0,0,2,0,0,0,0,0,0,0,0,0
2017,Telangana,36,Jayashankar Bhupalapally,687,Jayashankar Bhupalpalli,19,38,0,89,25,0,0,60,52,94,9,0,23,0,20,20,4,0,0,0,4,0,115,0,702
2017,Telangana,36,Jogulamba Gadwal,695,Jogulamba Gadwal,8,34,0,70,16,0,0,106,36,39,0,0,15,2,25,25,0,3,0,1,205,6,21,0,91
2017,Telangana,36,Kamareddy,685,Kamareddy,25,38,1,77,0,0,0,62,16,122,5,0,5,6,47,14,0,10,0,0,40,2,0,0,120
2017,Telangana,36,Karimnagar,508,Karimnagar Commissionerate,19,40,0,199,13,0,3,64,26,241,6,0,33,0,90,9,0,0,2,4,369,19,0,11,883
2017,Telangana,36,Khammam,509,Khammam Commissionerate,33,55,0,275,164,0,2,369,92,228,5,1,28,0,141,50,24,0,1,0,300,11,2,16,217
2017,Telangana,36,Kumuram Bheem Asifabad,699,Kumaram Bheem Asifabad,17,40,1,66,2,0,0,33,23,85,1,0,10,3,79,16,1,0,4,0,61,4,6,0,45
2017,Telangana,36,Mahabubabad,688,Mahabubabad,20,39,3,95,14,0,0,86,44,85,5,0,12,0,28,5,0,0,0,6,179,7,0,0,419
2017,Telangana,36,Mahabubnagar,512,Mahabubnagar,27,103,1,211,68,0,0,197,83,128,4,0,21,0,42,6,0,0,0,0,155,6,19,4,491
2017,Telangana,36,Medak,513,Medak,26,21,2,54,28,0,0,51,32,145,3,0,0,0,24,18,9,0,0,0,92,3,0,2,380
2017,Telangana,36,Nagarkurnool,694,Nagarkurnool,29,47,0,132,30,0,0,73,38,77,7,0,18,0,12,14,7,0,0,0,150,4,8,0,152
2017,Telangana,36,Nalgonda,514,Nalgonda,40,94,2,299,30,10,7,112,70,304,9,0,25,0,67,23,0,6,0,8,301,30,10,0,1172
2017,Telangana,36,Nirmal,680,Nirmal,16,25,0,53,11,0,0,37,30,148,6,0,9,0,57,8,0,0,2,0,66,7,0,0,82
2017,Telangana,36,Nizamabad,516,Nizamabad Commissionerate,27,40,0,125,8,2,0,117,50,278,6,0,16,0,57,26,6,0,5,0,196,11,0,0,140
2017,Telangana,36,Peddapalli,682,Ramagundam Commissionerate,44,74,1,214,15,0,0,99,61,263,7,0,11,0,68,63,22,1,1,0,459,10,0,6,323
2017,Telangana,36,Rajanna Sircilla,683,Rajanna Siricilla,17,19,0,0,59,0,0,35,11,71,4,0,15,0,7,7,3,0,0,0,131,11,0,0,687
2017,Telangana,36,Ranga Reddy,518,Cyberabad Commissionerate,0,0,0,0,0,0,0,0,0,0,0,0,0,0,0,499,158,17,32,2,129,0,0,0,284
2017,Telangana,36,Sangareddy,691,Sangareddy,38,39,1,139,11,0,0,86,32,172,14,0,16,0,39,6,0,0,0,1,53,5,31,0,397
2017,Telangana,36,Siddipet,692,Siddipet Commissionerate,25,47,1,137,12,0,2,42,25,208,12,0,27,0,17,9,0,0,0,0,130,11,15,2,393
2017,Telangana,36,Suryapet,696,Suryapet,26,75,16,260,37,4,0,77,31,223,3,0,7,0,56,1,0,0,0,0,252,6,13,0,1215
2017,Telangana,36,Vikarabad,698,Vikarabad,22,54,2,75,18,0,0,61,42,153,4,0,13,8,22,18,4,0,4,2,83,3,8,0,108
2017,Telangana,36,Wanaparthy,693,Wanaparthy,17,34,0,43,8,0,0,40,24,70,1,0,12,0,23,1,0,0,0,1,48,1,0,0,37
2017,Telangana,36,Warangal,522,Warangal Commissionerate,51,70,1,282,161,0,6,173,85,387,38,0,39,0,57,64,0,0,0,0,444,17,0,0,1752
2017,Telangana,36,Yadadri Bhuvanagiri,697,Rachakonda Commissionerate,69,384,0,764,83,0,88,223,106,946,30,0,31,0,115,723,136,16,4,0,1506,235,126,24,4563
2017,The Dadra And Nagar Haveli And Daman And Diu,38,Dadra And Nagar Haveli,465,Dadra And Nagar Haveli,4,8,0,3,13,1,0,31,12,4,0,0,0,0,13,2,0,0,1,0,14,8,0,0,37
2017,The Dadra And Nagar Haveli And Daman And Diu,38,Daman,463,Daman,7,15,0,5,13,0,1,23,5,4,0,0,0,0,10,0,0,0,0,0,25,1,4,0,31
2017,The Dadra And Nagar Haveli And Daman And Diu,38,Diu,464,Diu,1,4,0,3,1,0,0,1,0,1,0,0,2,0,0,0,0,0,0,0,42,0,0,0,16
2017,Tripura,16,Dhalai,269,Dhalai,14,36,5,23,11,0,0,27,17,24,4,0,0,0,2,0,0,0,0,0,8,5,2,0,1
2017,Tripura,16,Gomati,654,Gomati,12,17,1,33,19,1,0,27,11,51,4,0,1,0,6,0,0,0,0,0,9,6,7,0,98
2017,Tripura,16,Khowai,652,Kowai,16,24,0,14,14,0,0,17,7,24,2,0,0,0,0,6,3,0,0,0,4,2,0,0,27
2017,Tripura,16,North Tripura,270,North,17,32,1,42,15,0,0,43,10,30,8,0,2,0,0,2,0,0,0,0,6,1,0,0,80
2017,Tripura,16,Sepahijala,653,Sipahijala,1,0,0,0,8,0,0,20,10,0,0,0,0,0,0,0,0,0,0,0,0,0,0,0,0
2017,Tripura,16,South Tripura,271,South,15,46,5,20,18,0,0,38,20,52,4,0,5,5,2,0,0,0,0,0,6,4,3,0,3
2017,Tripura,16,Unakoti,655,Sipahijala,20,14,1,23,8,0,2,0,0,38,3,0,3,0,5,0,0,0,0,0,6,2,3,0,7
2017,Tripura,16,Unakoti,655,Unakoti,6,33,3,23,27,0,0,35,22,26,3,0,2,0,13,2,0,0,0,0,4,0,0,0,19
2017,Tripura,16,West Tripura,272,Grp,0,0,0,1,0,0,0,0,0,0,0,0,0,0,0,0,0,0,0,0,0,0,0,0,0
2017,Tripura,16,West Tripura,272,West,34,83,1,74,45,0,0,69,42,103,5,0,2,0,13,2,0,0,0,0,16,1,11,0,8
2017,Uttar Pradesh,9,Agra,118,Agra,127,240,64,559,833,8,6,687,168,502,76,3,15,0,0,81,0,16,0,3,485,173,0,0,1296
2017,Uttar Pradesh,9,Aligarh,119,Aligarh,147,306,35,427,783,2,0,759,188,377,61,3,13,0,0,87,0,0,0,0,368,216,0,0,947
2017,Uttar Pradesh,9,Almora,45,Almora,0,10,0,3,17,0,0,0,0,0,2,0,0,0,0,0,0,0,0,0,0,0,0,0,0
2017,Uttar Pradesh,9,Ambedkar Nagar,121,Ambedkar Nagar,31,76,0,83,248,0,0,154,13,20,87,0,0,0,0,15,0,0,0,0,77,15,0,0,190
2017,Uttar Pradesh,9,Amethi,640,Amethi,35,62,0,100,246,1,0,37,10,82,16,0,0,0,0,96,10,0,0,0,94,44,0,0,178
2017,Uttar Pradesh,9,Amroha,154,Amroha,53,114,0,170,116,0,0,99,11,0,25,0,0,0,0,21,0,21,0,0,127,38,0,0,328
2017,Uttar Pradesh,9,Auraiya,122,Auraiya,53,162,4,200,212,0,0,238,82,180,35,0,3,0,46,47,11,0,0,1,124,44,0,0,73
2017,Uttar Pradesh,9,Ayodhya,140,Ayodhya,42,108,21,167,230,0,0,156,95,24,214,1,2,0,0,39,0,3,0,6,0,49,42,0,59
2017,Uttar Pradesh,9,Azamgarh,123,Azamgarh,73,132,0,156,202,0,2,70,49,172,208,0,0,0,7,107,0,5,0,25,261,62,0,0,1093
2017,Uttar Pradesh,9,Bageshwar,46,Bageshwar,0,10,0,3,17,0,0,0,0,0,2,0,0,0,0,0,0,0,0,0,0,0,0,0,0
2017,Uttar Pradesh,9,Baghpat,124,Baghpat,64,76,10,153,207,0,0,222,31,96,7,0,0,0,0,22,0,0,0,3,0,41,0,0,403
2017,Uttar Pradesh,9,Bahraich,125,Bahraich,43,92,0,189,299,0,2,171,57,1,303,0,0,0,10,58,19,0,0,0,197,20,0,0,767
2017,Uttar Pradesh,9,Ballia,126,Ballia,37,177,6,215,328,0,0,347,178,122,31,0,6,0,0,30,0,7,0,2,8,46,123,0,0
2017,Uttar Pradesh,9,Balrampur,127,Balrampur,27,48,7,36,73,0,0,114,86,4,77,0,6,0,0,21,0,3,0,0,39,8,6,0,34
2017,Uttar Pradesh,9,Banda,128,Banda,41,122,0,106,106,0,0,51,2,78,40,0,13,10,0,27,0,0,0,0,76,12,0,0,105
2017,Uttar Pradesh,9,Bara Banki,129,Barabanki,57,120,0,142,193,0,0,0,0,123,28,0,0,0,66,25,0,0,0,0,210,25,0,0,1114
2017,Uttar Pradesh,9,Barabanki,129,Barabanki,4,26,0,23,166,0,0,281,62,0,0,0,0,0,0,0,0,0,0,0,0,0,0,0,0
2017,Uttar Pradesh,9,Bareilly,130,Bareilly,100,170,4,380,445,2,0,162,133,0,532,2,0,0,10,47,0,0,0,0,343,114,0,2,945
2017,Uttar Pradesh,9,Basti,131,Basti,44,135,0,89,298,0,0,259,76,159,19,1,0,0,0,60,0,0,0,0,100,23,0,0,148
2017,Uttar Pradesh,9,Bhadohi,179,Bhadohi,20,32,1,35,105,0,0,91,8,3,104,0,7,0,0,20,0,0,0,0,35,4,2,0,217
2017,Uttar Pradesh,9,Bijnor,132,Bijnor,95,197,3,169,217,2,0,84,57,185,21,0,0,0,0,44,0,15,0,0,0,67,26,0,60
2017,Uttar Pradesh,9,Budaun,133,Badaun,100,164,9,288,294,0,0,163,75,347,55,0,8,0,5,37,0,0,0,0,98,52,0,0,489
2017,Uttar Pradesh,9,Bulandshahr,134,Bulandshahar,140,371,31,399,374,3,2,176,0,394,45,1,3,0,109,70,0,7,0,25,35,173,0,0,218
2017,Uttar Pradesh,9,Chamoli,47,Chamoli,0,6,0,2,3,0,0,0,0,0,4,0,2,0,0,0,0,0,0,0,0,0,0,0,0
2017,Uttar Pradesh,9,Champawat,48,Champawat,0,12,1,7,14,0,0,0,0,3,2,0,1,0,0,0,0,0,0,0,0,0,0,1,0
2017,Uttar Pradesh,9,Chandauli,135,Chandoli,16,96,2,66,148,0,0,132,34,8,125,0,2,0,27,24,0,5,0,0,16,14,53,0,188
2017,Uttar Pradesh,9,Chitrakoot,136,Chitrakoot,32,71,0,120,94,3,0,82,17,46,60,0,1,0,0,15,0,0,0,0,29,7,0,0,291
2017,Uttar Pradesh,9,Dehradun,49,Dehradun,0,87,2,61,41,1,2,0,0,137,13,0,2,0,0,0,0,0,0,0,0,0,0,4,0
2017,Uttar Pradesh,9,Deoria,137,Deoria,32,87,0,163,229,0,0,405,0,39,32,0,0,39,0,65,0,0,0,0,114,23,0,0,457
2017,Uttar Pradesh,9,Etah,138,Etah,71,128,9,185,161,0,0,147,80,115,36,1,2,1,10,27,0,0,0,0,130,71,0,0,49
2017,Uttar Pradesh,9,Etawah,139,Etawah,70,97,2,212,321,5,0,330,82,173,45,0,8,0,91,108,28,8,2,0,164,64,0,0,102
2017,Uttar Pradesh,9,Farrukhabad,141,Fatehgarh,54,68,1,91,190,1,3,125,0,205,42,1,8,0,0,58,13,3,2,3,153,41,0,0,474
2017,Uttar Pradesh,9,Fatehpur,142,Fatehpur,52,266,2,298,310,0,0,609,190,100,40,0,2,10,40,39,0,0,0,8,43,35,40,0,581
2017,Uttar Pradesh,9,Firozabad,143,Firozabad,81,148,11,216,438,2,2,411,107,182,42,1,8,0,20,65,3,1,3,11,126,100,0,0,257
2017,Uttar Pradesh,9,Gautam Buddha Nagar,144,Gautambudh Nagar,106,118,13,216,319,1,0,135,7,233,29,1,4,0,7,224,0,0,0,0,11,199,376,0,359
2017,Uttar Pradesh,9,Ghaziabad,145,Ghaziabad,122,256,13,300,481,2,2,92,34,575,41,2,4,0,34,145,0,0,0,0,12,105,411,1,384
2017,Uttar Pradesh,9,Ghazipur,146,Ghazipur,43,103,3,220,236,0,0,211,0,110,26,0,0,7,0,84,0,9,0,3,2,44,0,0,359
2017,Uttar Pradesh,9,Gonda,147,Gonda,44,182,0,110,201,0,0,148,36,12,40,0,0,0,0,23,0,0,0,0,214,19,0,0,726
2017,Uttar Pradesh,9,Gorakhpur,148,Gorakhpur,82,231,0,234,467,1,2,69,1,0,500,0,7,0,14,188,0,0,0,0,347,214,111,0,70
2017,Uttar Pradesh,9,Hamirpur,149,Hamirpur,56,112,0,242,190,1,0,226,43,54,44,0,14,5,81,4,0,1,0,0,63,8,0,0,25
2017,Uttar Pradesh,9,Hapur,661,Hapur,48,116,7,157,158,0,0,115,7,76,18,0,0,0,2,19,0,0,0,0,160,61,207,0,371
2017,Uttar Pradesh,9,Hardoi,150,Hardoi,59,313,0,363,452,0,1,700,140,188,65,0,17,0,0,18,0,0,0,0,173,36,0,0,355
2017,Uttar Pradesh,9,Haridwar,50,Haridwar,1,188,7,165,108,0,0,0,0,105,16,2,3,0,0,0,0,0,0,0,0,0,0,0,0
2017,Uttar Pradesh,9,Hathras,163,Hathras,51,86,0,154,148,0,0,123,0,167,12,0,0,0,0,30,0,0,0,0,61,39,125,0,752
2017,Uttar Pradesh,9,Jalaun,151,Jalaun,43,101,0,163,217,0,0,303,87,62,27,0,0,0,0,16,0,0,0,0,58,27,0,0,323
2017,Uttar Pradesh,9,Jaunpur,152,Jaunpur,78,238,0,158,257,2,0,214,101,86,38,1,0,0,0,26,0,0,0,0,100,57,0,0,302
2017,Uttar Pradesh,9,Jhansi,153,Jhansi,57,135,7,209,164,1,0,235,71,152,34,1,10,0,2,53,0,0,0,0,33,33,78,0,310
2017,Uttar Pradesh,9,Kannauj,155,Kannauj,39,68,0,146,183,0,0,119,14,151,32,2,10,0,0,21,0,0,0,0,80,29,0,0,131
2017,Uttar Pradesh,9,Kanpur Dehat,156,Kanpur Dehat,51,171,6,261,252,1,0,249,90,180,49,5,3,0,2,91,3,0,0,0,48,44,59,0,3
2017,Uttar Pradesh,9,Kanpur Nagar,157,Kanpur Nagar,97,260,7,420,723,3,0,389,196,792,55,1,0,0,20,248,0,41,0,31,633,108,0,0,1401
2017,Uttar Pradesh,9,Kasganj,633,Kasganj,41,80,0,98,208,0,0,156,40,78,32,1,2,0,0,26,0,0,0,26,0,18,52,0,619
2017,Uttar Pradesh,9,Kaushambi,158,Kaushambi,37,68,0,208,272,0,0,417,0,121,20,0,0,0,0,73,0,0,0,0,104,21,0,0,256
2017,Uttar Pradesh,9,Kheri,159,Khiri,100,167,0,302,379,1,1,252,68,158,72,1,0,0,0,109,4,0,0,0,97,50,0,0,92
2017,Uttar Pradesh,9,Kushi Nagar,160,Kushi Nagar,5,30,0,59,152,0,1,334,40,0,0,0,0,0,0,0,0,0,0,0,0,0,0,1,0
2017,Uttar Pradesh,9,Kushinagar,160,Kushi Nagar,45,113,63,134,201,0,1,0,0,54,57,0,4,0,105,112,23,0,9,0,23,11,128,4,39
2017,Uttar Pradesh,9,Lalitpur,161,Lalitpur,32,106,0,140,101,0,2,152,54,58,18,0,7,0,0,38,7,8,3,1,6,5,0,0,371
2017,Uttar Pradesh,9,Lucknow,162,Grp,21,6,0,62,29,0,0,19,1,0,1,0,0,0,0,3,0,0,0,0,27,247,0,0,628
2017,Uttar Pradesh,9,Lucknow,162,Grp,21,3,0,3,18,0,0,19,1,0,0,0,0,0,0,3,0,0,0,0,27,247,0,0,628
2017,Uttar Pradesh,9,Lucknow,162,Lucknow,124,362,47,650,1384,2,6,1115,18,1293,240,0,48,18,20,641,0,54,10,47,532,88,824,9,196
2017,Uttar Pradesh,9,Maharajganj,164,Maharajganj,4,0,0,0,10,0,0,257,220,0,0,0,0,0,0,0,0,0,0,0,0,0,0,0,0
2017,Uttar Pradesh,9,Mahoba,165,Mahoba,28,128,8,168,122,0,0,213,56,30,10,0,5,2,33,12,0,0,0,0,38,18,0,0,39
2017,Uttar Pradesh,9,Mahrajganj,164,Maharajganj,23,62,0,13,24,0,0,0,55,64,21,1,3,0,9,29,0,0,0,12,0,6,0,1,174
2017,Uttar Pradesh,9,Mainpuri,166,Mainpuri,87,96,0,275,329,2,0,265,0,127,41,0,5,0,0,108,0,0,0,0,98,83,0,0,1260
2017,Uttar Pradesh,9,Mathura,167,Mathura,100,193,20,328,242,4,0,416,23,208,44,1,11,0,6,43,0,0,0,17,0,98,0,0,917
2017,Uttar Pradesh,9,Mau,168,Mau,31,70,0,135,156,0,0,71,0,110,19,0,0,0,34,83,0,0,0,0,334,21,0,0,0
2017,Uttar Pradesh,9,Meerut,169,Meerut,183,306,36,427,518,2,0,485,101,601,40,1,0,26,0,103,23,0,0,57,18,151,695,7,234
2017,Uttar Pradesh,9,Mirzapur,170,Mirzapur,34,66,3,17,29,0,0,45,9,37,31,0,2,15,26,29,0,0,0,0,121,8,0,0,115
2017,Uttar Pradesh,9,Moradabad,171,Moradabad,84,298,25,419,377,2,0,438,152,346,30,1,0,0,51,76,0,18,0,17,0,74,0,2,28
2017,Uttar Pradesh,9,Muzaffarnagar,172,Muzaffarnagar,110,141,2,173,364,0,0,125,22,166,26,2,0,0,0,30,0,0,0,6,26,71,40,0,125
2017,Uttar Pradesh,9,Nainital,51,Nainital,0,47,0,83,71,0,0,0,0,40,8,0,6,0,0,0,0,0,0,0,0,0,0,0,0
2017,Uttar Pradesh,9,Pauri Garhwal,52,Pauri Garhwal,0,17,0,4,18,0,0,0,0,13,3,0,2,0,0,0,0,0,0,0,0,0,0,0,0
2017,Uttar Pradesh,9,Pilibhit,173,Pilibhit,41,157,28,128,173,0,0,253,185,200,38,2,0,45,36,47,0,0,3,11,120,49,0,1,145
2017,Uttar Pradesh,9,Pithoragarh,53,Pithoragarh,0,7,0,1,0,0,1,0,0,4,1,1,0,0,0,0,0,0,0,0,0,0,0,1,0
2017,Uttar Pradesh,9,Pratapgarh,174,Pratapgarh,69,194,3,106,307,0,1,221,38,147,27,0,3,0,0,21,0,0,0,0,0,71,0,0,53
2017,Uttar Pradesh,9,Prayagraj,120,Prayagraj,108,227,0,521,323,5,1,376,95,487,68,0,8,0,48,269,0,0,0,14,449,122,0,0,272
2017,Uttar Pradesh,9,Rae Bareli,175,Raibareilly,50,141,0,81,362,0,0,284,103,65,50,0,0,0,5,32,0,0,0,0,109,49,0,0,61
2017,Uttar Pradesh,9,Rampur,176,Rampur,32,195,15,127,215,0,0,111,35,0,463,0,3,0,20,40,0,0,0,21,0,37,132,0,82
2017,Uttar Pradesh,9,Rudra Prayag,54,Rudra Prayag,0,3,0,1,0,0,0,0,0,0,1,0,0,0,0,0,0,0,0,0,0,0,0,0,0
2017,Uttar Pradesh,9,Saharanpur,177,Saharanpur,101,151,21,223,173,2,0,181,71,125,25,2,0,0,17,58,0,10,0,0,202,63,0,0,1094
2017,Uttar Pradesh,9,Sambhal,659,Sambhal,61,202,8,183,317,0,2,277,63,159,68,4,0,0,0,48,11,0,6,6,93,37,0,0,367
2017,Uttar Pradesh,9,Sant Kabeer Nagar,178,Sant Kabirnagar,3,29,0,41,115,0,0,302,82,0,0,0,0,0,0,0,0,0,0,0,0,0,0,0,0
2017,Uttar Pradesh,9,Sant Kabir Nagar,178,Sant Kabirnagar,27,167,2,86,124,0,0,0,0,55,27,0,1,0,0,22,0,0,0,0,85,12,0,0,139
2017,Uttar Pradesh,9,Shahjahanpur,180,Shahjahanpur,54,127,0,151,257,0,0,265,97,247,48,0,3,0,0,40,0,0,0,0,0,45,0,1,209
2017,Uttar Pradesh,9,Shamli,660,Shamli,49,91,0,94,115,1,0,61,34,123,17,0,0,0,8,32,0,0,0,18,0,40,96,0,568
2017,Uttar Pradesh,9,Shravasti,181,Shrawasti,1,7,0,10,10,0,0,61,22,0,0,0,0,0,0,0,0,0,0,0,0,0,0,0,0
2017,Uttar Pradesh,9,Shrawasti,181,Shrawasti,12,37,8,60,54,0,0,0,0,6,135,0,2,0,11,19,9,0,0,1,12,3,10,0,30
2017,Uttar Pradesh,9,Siddharth Nagar,182,Sidharthnagar,4,14,0,0,117,0,0,173,38,0,0,0,0,0,0,0,0,0,0,0,0,0,0,0,0
2017,Uttar Pradesh,9,Siddharthnagar,182,Sidharthnagar,17,66,0,74,141,0,0,0,0,55,16,1,0,0,0,39,0,0,0,0,36,6,0,0,257
2017,Uttar Pradesh,9,Sitapur,183,Sitapur,85,342,0,271,280,0,0,281,199,230,75,0,0,0,0,16,0,2,0,3,189,53,0,0,0
2017,Uttar Pradesh,9,Sonbhadra,184,Sonbhadra,31,176,0,67,122,0,0,122,0,4,70,0,0,0,0,47,0,0,0,47,90,6,0,0,53
2017,Uttar Pradesh,9,Sultanpur,185,Sultanpur,65,87,32,137,322,0,0,219,0,21,147,0,4,0,0,83,12,0,0,0,92,53,94,0,65
2017,Uttar Pradesh,9,Tehri Garhwal,55,Tehri Garhwal,0,16,9,2,12,0,0,0,0,2,2,0,1,0,0,0,0,0,0,0,0,0,0,0,0
2017,Uttar Pradesh,9,Udam Singh Nagar,56,Udhamsingh Nagar,0,137,0,101,20,0,0,0,0,84,56,0,3,0,0,0,0,0,0,0,0,0,0,0,0
2017,Uttar Pradesh,9,Unnao,186,Unnao,84,196,2,256,483,2,0,477,136,232,50,1,0,1,68,42,0,2,0,10,0,69,0,0,206
2017,Uttar Pradesh,9,Uttar Kashi,57,Uttarkashi,0,14,0,3,12,0,0,0,0,6,0,0,0,0,0,0,0,0,0,2,0,0,0,0,0
2017,Uttar Pradesh,9,Varanasi,187,Varanasi,53,297,0,548,641,0,4,831,233,522,20,0,4,20,37,526,174,29,15,39,477,48,1,0,2454
2017,Uttarakhand,5,Almora,45,Almora,6,14,0,0,13,0,0,21,0,0,0,0,0,0,6,1,0,0,0,0,2,2,1,0,42
2017,Uttarakhand,5,Bageshwar,46,Bageshwar,6,14,0,3,13,0,0,24,0,0,0,0,0,0,6,1,0,0,0,0,2,2,1,0,42
2017,Uttarakhand,5,Chamoli,47,Chamoli,1,4,0,0,8,0,0,10,2,0,0,0,0,0,0,5,0,0,0,1,0,0,1,0,1
2017,Uttarakhand,5,Champawat,48,Champawat,1,22,0,2,11,0,0,24,0,0,0,0,0,0,14,7,0,2,0,0,2,3,0,0,26
2017,Uttarakhand,5,Dehradun,49,Dehradun,21,117,0,15,27,1,5,122,7,0,0,0,0,0,107,46,0,10,0,1,111,76,89,0,213
2017,Uttarakhand,5,Dehradun,49,Grp,0,0,0,0,1,0,0,1,0,0,0,0,0,0,1,0,0,0,0,0,1,7,0,0,3
2017,Uttarakhand,5,Haridwar,50,Haridwar,71,183,0,0,94,0,0,283,70,0,0,0,0,0,0,44,0,0,0,0,38,82,125,0,820
2017,Uttarakhand,5,Nainital,51,Nainital,17,78,0,22,89,0,0,171,0,0,0,0,0,2,10,7,0,1,0,2,65,11,0,0,0
2017,Uttarakhand,5,Pauri Garhwal,52,Pauri Garhwal,7,16,0,0,14,0,0,31,11,0,0,0,0,0,8,2,1,0,0,0,23,3,0,0,48
2017,Uttarakhand,5,Pithoragarh,53,Pithoragarh,2,4,0,0,6,0,2,11,3,0,0,0,0,0,7,0,0,0,0,0,6,2,0,0,11
2017,Uttarakhand,5,Rudra Prayag,54,Rudra Prayag,0,1,0,0,0,0,0,2,2,0,0,0,0,0,0,1,0,0,0,0,0,1,0,0,7
2017,Uttarakhand,5,Tehri Garhwal,55,Tehri Garhwal,3,9,0,0,20,0,0,28,7,0,0,0,0,0,0,8,0,0,0,0,9,1,0,0,18
2017,Uttarakhand,5,Udam Singh Nagar,56,Udham Singh Nagar,0,0,0,0,0,0,0,0,0,0,0,0,0,0,0,0,0,0,0,0,0,0,0,0,0
2017,Uttarakhand,5,Udam Singh Nagar,56,Udhamsingh Nagar,53,55,0,0,0,2,0,82,82,0,0,0,0,0,0,0,0,0,0,0,40,79,0,0,1605
2017,Uttarakhand,5,Uttar Kashi,57,Uttarkashi,1,7,0,0,6,0,0,19,7,0,0,0,0,1,8,4,0,0,1,2,0,0,0,0,5
2017,West Bengal,19,24 Paraganas North,303,Barasat,0,0,0,0,222,0,1,369,129,0,0,0,0,0,0,0,0,0,0,0,0,0,0,2,0
2017,West Bengal,19,24 Paraganas North,303,Barrackpur Pc,0,0,0,0,147,0,2,239,54,0,0,0,0,0,0,0,0,0,0,0,0,0,0,0,0
2017,West Bengal,19,24 Paraganas North,303,Basirhat,0,0,0,0,175,0,0,218,41,0,0,0,0,0,0,0,0,0,0,0,0,0,0,0,0
2017,West Bengal,19,24 Paraganas North,303,Bidhannagar Pc,0,0,0,0,39,0,1,64,20,0,0,0,0,0,0,0,0,0,0,0,0,0,0,0,0
2017,West Bengal,19,24 Paraganas South,304,Baruipur Police,3,0,0,0,277,0,0,379,74,0,0,0,0,0,0,0,0,0,0,0,0,0,0,0,0
2017,West Bengal,19,24 Paraganas South,304,Diamond Harbour Police,0,0,0,0,102,2,2,220,74,0,0,0,0,0,0,0,0,0,0,0,0,0,0,2,0
2017,West Bengal,19,24 Paraganas South,304,Sundarban Police,2,0,0,0,60,1,0,180,51,0,0,0,0,52,0,0,0,0,0,0,0,0,0,0,0
2017,West Bengal,19,Alipurduar,664,Alipurduar,49,109,25,76,182,2,19,172,62,218,4,1,14,0,12,12,0,0,0,0,56,12,12,0,106
2017,West Bengal,19,Bankura,305,Bankura,59,47,21,74,82,0,4,81,35,205,19,1,18,1,55,1,0,0,0,0,52,15,20,0,81
2017,West Bengal,19,Birbhum,307,Birbhum,109,105,32,63,88,0,0,195,91,233,16,4,27,16,11,37,5,3,5,0,120,30,6,1,114
2017,West Bengal,19,Cooch Behar,308,Coochbehar,58,125,57,88,244,4,0,0,0,572,27,0,31,0,0,2,0,0,1,0,81,1,0,0,1522
2017,West Bengal,19,Coochbehar,308,Coochbehar,0,0,0,0,0,0,0,43,26,0,0,0,0,0,0,0,0,0,0,0,0,0,0,0,0
2017,West Bengal,19,Dakshin Dinajpur,310,Dakshin Dinajpur,22,46,18,64,105,0,0,0,0,178,16,0,0,0,14,15,0,0,3,8,36,0,7,2,311
2017,West Bengal,19,Darjeeling,309,Darjeeling,20,37,4,73,56,0,0,91,48,86,6,0,0,0,2,3,0,0,0,0,26,8,15,0,102
2017,West Bengal,19,Darjeeling,309,Siliguri Grp,1,0,0,11,1,0,2,3,0,0,0,0,0,0,0,0,0,0,0,0,0,0,0,0,32
2017,West Bengal,19,Darjeeling,309,Siliguri Pc,31,54,4,124,127,1,5,124,53,625,3,1,0,0,0,65,19,0,1,1,192,13,58,0,387
2017,West Bengal,19,Dinajpur Dakshin,310,Dakshin Dinajpur,1,0,0,0,101,0,0,171,23,0,0,0,0,2,0,0,0,0,0,0,0,0,0,0,0
2017,West Bengal,19,Dinajpur Uttar,311,Uttar Dinajpur,2,0,0,0,132,0,1,201,50,0,0,0,0,0,0,0,0,0,0,0,0,0,0,0,0
2017,West Bengal,19,Hooghly,312,Chandannagar Pc,38,30,9,59,83,0,0,71,27,461,14,0,12,1,4,8,0,0,0,0,462,8,3,3,928
2017,West Bengal,19,Hooghly,312,Hooghly Rural Police,70,38,27,123,194,2,0,123,26,594,25,0,20,0,0,4,0,0,0,0,307,22,3,5,2015
2017,West Bengal,19,Howrah,313,Howrah Grp,13,3,0,13,2,0,5,6,2,0,0,0,1,0,0,0,0,0,0,0,5,3,1,0,33
2017,West Bengal,19,Howrah,313,Howrah Pc,26,23,5,117,290,3,4,172,33,236,4,0,9,0,0,22,0,0,0,0,289,17,13,1,1518
2017,West Bengal,19,Howrah,313,Howrah Rural,67,75,25,121,133,1,4,126,59,782,5,1,6,0,0,8,0,3,0,0,201,20,8,2,1032
2017,West Bengal,19,Jalpaiguri,314,Jalpaiguri,55,178,0,86,285,0,24,301,160,145,18,0,0,0,9,9,0,1,2,0,72,3,23,2,517
2017,West Bengal,19,Jhargram,703,Jhargram,32,38,5,42,106,0,0,100,35,73,7,0,4,0,9,2,0,0,1,0,12,3,2,1,262
2017,West Bengal,19,Kalimpong,702,Kalimpong,5,16,1,19,8,0,0,20,15,13,0,0,0,0,0,2,0,0,1,0,1,5,0,0,39
2017,West Bengal,19,Kolkata,315,Kolkata,65,113,0,558,426,18,14,643,200,871,13,2,40,10,35,207,0,23,3,55,1882,22,55,9,6413
2017,West Bengal,19,Kolkata,315,Sealdah Grp,14,5,1,21,5,0,1,3,1,2,0,1,0,0,0,0,0,0,0,0,12,3,3,0,27
2017,West Bengal,19,Malda,316,Malda,59,322,93,176,34,4,8,0,32,266,23,1,43,0,9,3,0,0,0,0,110,13,6,0,90
2017,West Bengal,19,Maldah,316,Malda,8,0,0,0,32,0,4,446,211,0,0,0,0,90,0,0,0,0,0,0,0,0,0,0,0
2017,West Bengal,19,Medinipur East,317,Purab Medinipur,4,0,0,0,128,0,1,239,49,0,0,0,0,0,0,0,0,0,0,0,0,0,0,0,0
2017,West Bengal,19,Medinipur West,318,Kharagpur Grp,0,0,0,0,0,0,0,0,0,0,0,0,0,0,0,0,0,0,0,0,0,0,0,0,0
2017,West Bengal,19,Medinipur West,318,Paschim Medinipur,6,0,0,0,223,0,0,348,99,0,0,0,0,0,0,0,0,0,0,0,0,0,0,0,0
2017,West Bengal,19,Murshidabad,319,Murshidabad,172,444,344,206,544,2,16,512,217,1573,42,2,13,0,256,38,3,2,3,4,198,23,49,11,443
2017,West Bengal,19,Nadia,320,Nadia,133,190,103,134,500,0,6,336,103,898,50,2,31,0,41,12,0,0,0,0,279,8,12,8,2445
2017,West Bengal,19,North 24 Parganas,303,Barasat,87,210,67,154,275,3,8,0,0,1342,25,4,41,0,0,37,0,11,0,12,246,14,119,3,2608
2017,West Bengal,19,North 24 Parganas,303,Barrackpur Pc,54,67,21,613,161,0,9,0,0,1176,19,4,26,0,28,18,2,0,0,0,693,24,106,3,812
2017,West Bengal,19,North 24 Parganas,303,Basirhat,45,76,11,42,158,4,8,0,0,650,14,0,17,0,0,5,0,0,0,0,74,11,0,0,1659
2017,West Bengal,19,North 24 Parganas,303,Bidhannagar Pc,12,23,5,78,29,3,12,0,0,269,8,6,6,0,33,5,0,0,0,0,398,8,95,1,711
2017,West Bengal,19,Paschim Bardhaman,704,Asansol-Durgapur Pc,74,55,13,59,105,4,0,90,37,411,17,0,9,0,2,89,24,0,5,1,316,11,106,0,354
2017,West Bengal,19,Paschim Medinipur,318,Kharagpur Grp,6,0,0,7,0,0,0,0,0,2,1,0,3,0,0,0,0,0,0,0,3,0,0,0,1
2017,West Bengal,19,Paschim Medinipur,318,Paschim Medinipur,107,173,34,352,188,7,0,0,0,450,17,3,7,0,13,2,0,0,0,0,86,19,22,5,828
2017,West Bengal,19,Purba Bardhaman,306,Purba Bardhaman,88,90,78,120,309,0,0,199,62,471,35,1,28,0,4,10,0,0,0,0,282,19,3,7,2797
2017,West Bengal,19,Purba Medinipur,317,Purab Medinipur,91,111,35,99,158,2,13,0,0,709,14,3,17,0,28,3,0,0,0,0,58,26,33,0,2792
2017,West Bengal,19,Purulia,321,Purulia,72,64,7,146,45,0,0,66,46,162,11,0,8,0,11,5,0,2,0,1,29,6,0,0,295
2017,West Bengal,19,South 24 Parganas,304,Baruipur Police,101,163,72,114,356,0,0,0,0,1500,24,1,7,0,69,25,2,0,0,0,449,16,25,0,4074
2017,West Bengal,19,South 24 Parganas,304,Diamond Harbour Police,67,126,20,186,94,4,4,0,2,728,10,3,0,0,2,31,2,0,0,0,128,13,7,2,763
2017,West Bengal,19,South 24 Parganas,304,Sundarban Police,50,60,25,41,63,1,8,0,0,631,6,4,4,0,0,36,0,0,0,0,84,6,3,0,104
2017,West Bengal,19,Uttar Dinajpur,311,Uttar Dinajpur,86,140,63,23,207,1,4,0,9,271,6,0,14,0,50,16,0,4,1,10,114,33,6,2,304
2018,Andaman And Nicobar Islands,35,Nicobars,603,Nicobar,2,20,0,0,1,0,0,22,21,0,0,0,0,0,0,0,0,0,0,0,0,0,0,0,1
2018,Andaman And Nicobar Islands,35,North And Middle Andaman,632,North & Middle Andaman,2,10,0,0,0,0,0,0,0,0,0,0,0,0,0,0,0,0,0,0,0,1,0,0,2
2018,Andaman And Nicobar Islands,35,North And Middle Andaman,632,North And Middle Andaman,0,2,0,0,7,0,0,48,23,0,0,0,1,1,2,0,0,0,0,0,0,0,0,0,0
2018,Andaman And Nicobar Islands,35,North And Middle Andaman,632,North Andmiddle Andaman,0,29,2,10,0,0,0,0,0,3,0,0,1,0,0,0,0,0,0,0,0,0,0,0,0
2018,Andaman And Nicobar Islands,35,South Andamans,602,South Andaman,7,52,12,36,28,0,0,92,25,1,0,0,2,2,17,10,2,3,0,2,19,5,2,0,6
2018,Andhra Pradesh,28,Anantapur,502,Anantapur,10,63,37,296,30,0,2,246,5,241,12,0,34,15,0,0,0,0,0,0,0,0,0,12,0
2018,Andhra Pradesh,28,Anantapur,502,Guntakal Railway,0,2,1,5,0,0,0,2,1,1,1,0,0,0,0,0,0,0,0,0,0,0,0,0,0
2018,Andhra Pradesh,28,Ananthapuramu,502,Anantapur,114,48,0,0,0,2,1,0,0,0,0,0,0,0,89,92,11,3,13,2,95,4,37,0,130
2018,Andhra Pradesh,28,Ananthapuramu,502,Guntakal Railway,3,1,0,0,0,0,0,0,0,0,0,0,0,0,3,0,0,0,0,0,5,12,0,0,2
2018,Andhra Pradesh,28,Chittoor,503,Chittoor,63,71,16,187,7,2,2,77,12,205,8,0,28,1,11,13,2,2,0,3,146,7,2,0,864
2018,Andhra Pradesh,28,East Godavari,505,East Godavari,62,210,63,476,37,0,0,105,20,471,7,0,22,4,113,24,4,1,1,1,279,17,15,11,706
2018,Andhra Pradesh,28,East Godavari,505,Rajahmundry,23,63,15,125,52,0,5,75,9,220,3,0,10,12,74,45,20,5,0,0,107,14,1,9,194
2018,Andhra Pradesh,28,Guntur,506,Guntur,90,210,82,649,144,0,0,233,0,748,10,0,32,0,152,108,31,10,13,0,584,20,0,11,469
2018,Andhra Pradesh,28,Guntur,506,Guntur Urban,31,112,38,275,97,0,4,126,3,567,10,0,17,1,48,112,35,1,4,3,338,21,35,28,650
2018,Andhra Pradesh,28,Krishna,510,Krishna,41,170,57,544,209,0,0,220,0,702,7,2,15,0,56,51,17,0,6,0,292,8,5,7,1520
2018,Andhra Pradesh,28,Kurnool,511,Kurnool,90,31,6,752,31,22,0,98,37,178,313,1,66,0,57,40,0,0,0,0,323,23,7,34,46
2018,Andhra Pradesh,28,Ntr,749,Vijayawada City,17,109,31,541,59,2,46,238,1,537,10,0,21,13,137,353,131,4,33,6,535,25,63,4,382
2018,Andhra Pradesh,28,Ntr,749,Vijayawada Railway,3,0,0,16,5,0,0,5,0,1,0,0,6,0,7,0,0,0,0,0,2,6,0,0,13
2018,Andhra Pradesh,28,Prakasam,517,Prakasham,89,302,83,795,92,0,20,224,65,542,5,0,36,4,0,102,14,6,14,8,243,22,63,1,149
2018,Andhra Pradesh,28,Spsr Nellore,515,Nellore,0,69,69,377,30,0,1,94,0,418,4,0,25,0,0,0,0,0,0,0,0,0,0,8,0
2018,Andhra Pradesh,28,Sri Potti Sriramulu Nellore,515,Nellore,72,68,0,0,0,0,1,0,0,0,0,0,0,0,34,76,10,2,0,0,210,56,8,0,945
2018,Andhra Pradesh,28,Srikakulam,519,Srikakulam,18,97,33,154,41,0,0,114,6,166,9,0,23,2,21,71,14,6,10,0,82,0,6,0,397
2018,Andhra Pradesh,28,Tirupati,752,Tirupathi Urban,24,44,13,105,8,0,16,47,0,83,6,0,7,0,39,77,24,0,6,0,249,7,6,4,142
2018,Andhra Pradesh,28,Visakhapatanam,520,Visakha Rural,0,39,17,168,36,0,0,118,0,106,5,0,8,0,0,0,0,0,0,0,0,0,0,0,0
2018,Andhra Pradesh,28,Visakhapatanam,520,Visakhapatnam,3,32,0,14,198,0,1,275,17,0,0,0,0,1,0,0,0,0,0,0,0,0,0,0,0
2018,Andhra Pradesh,28,Visakhapatnam,520,Visakha Rural,39,39,0,0,0,0,0,0,0,0,0,0,0,0,32,0,0,0,0,0,78,4,1,0,382
2018,Andhra Pradesh,28,Visakhapatnam,520,Visakhapatnam,35,143,32,420,81,0,3,0,0,634,5,1,5,0,128,569,55,260,14,0,581,29,74,15,696
2018,Andhra Pradesh,28,Vizianagaram,521,Vizianagaram,31,74,13,135,14,0,2,55,6,186,6,0,8,5,31,99,42,4,0,1,139,1,10,0,1137
2018,Andhra Pradesh,28,West Godavari,523,West Godavari,53,201,19,356,54,1,0,260,171,551,14,0,25,9,158,158,35,3,17,1,524,16,17,16,321
2018,Andhra Pradesh,28,Y.S.R.,504,Cuddapah,68,76,22,214,18,4,6,60,11,274,25,1,32,0,33,6,1,0,1,0,230,11,35,0,1310
2018,Arunachal Pradesh,12,Anjaw,628,Anjaw,1,2,1,2,0,0,0,1,0,1,0,0,0,0,0,0,0,0,0,0,1,1,0,0,8
2018,Arunachal Pradesh,12,Changlang,229,Changlang,5,4,2,10,2,1,0,9,0,0,0,0,0,0,2,0,0,0,0,0,3,5,0,0,3
2018,Arunachal Pradesh,12,Dibang Valley,230,Dibang Valley,0,2,1,0,0,0,0,1,0,0,0,0,0,0,0,0,0,0,0,0,0,0,0,0,5
2018,Arunachal Pradesh,12,East Kameng,231,Kameng East,7,11,1,5,10,0,1,6,1,2,0,0,0,0,0,0,0,0,0,0,7,2,0,0,11
2018,Arunachal Pradesh,12,East Kameng,231,Kameng West,1,2,0,0,1,0,0,5,0,0,0,0,0,0,0,0,0,0,0,0,0,0,0,0,0
2018,Arunachal Pradesh,12,East Siang,232,Siang East,3,25,8,21,38,0,0,37,0,1,0,0,1,0,15,1,0,0,0,0,9,2,2,0,37
2018,Arunachal Pradesh,12,Kamle,718,Kamle,2,2,0,0,0,0,0,2,2,0,0,0,0,0,0,0,0,0,0,0,0,0,1,0,5
2018,Arunachal Pradesh,12,Kurung Kumey,233,Kurung Kumey,3,2,0,2,1,0,0,1,0,2,0,0,0,0,0,0,0,0,0,0,2,0,0,0,12
2018,Arunachal Pradesh,12,Leparada,724,Leparada,0,2,0,2,0,0,0,0,0,1,0,0,0,0,0,0,0,0,0,0,1,1,0,0,5
2018,Arunachal Pradesh,12,Lohit,234,Lohit,9,2,1,4,23,0,0,13,0,3,0,0,0,0,6,0,0,0,0,0,1,2,0,0,13
2018,Arunachal Pradesh,12,Longding,666,Longding,4,8,4,3,0,0,0,7,0,0,0,0,0,0,0,0,0,0,0,0,1,1,0,0,0
2018,Arunachal Pradesh,12,Lower Dibang Valley,235,Lower Dibang Valley,2,9,0,0,0,0,0,5,5,0,0,0,0,0,0,0,0,0,0,0,2,4,0,0,5
2018,Arunachal Pradesh,12,Lower Siang,719,Lower Siang,0,2,1,2,1,0,0,3,0,1,0,0,0,0,0,0,0,0,0,0,0,1,0,0,5
2018,Arunachal Pradesh,12,Lower Subansiri,236,Subansiri Lower,2,0,0,0,0,0,0,0,0,1,0,0,0,0,0,0,0,0,0,0,5,0,0,0,18
2018,Arunachal Pradesh,12,Namsai,678,Namsai,10,12,1,5,0,1,0,5,0,6,0,0,0,0,0,0,0,0,0,0,6,8,0,0,18
2018,Arunachal Pradesh,12,Papum Pare,237,Crime Branch,0,0,0,1,0,0,0,0,0,0,0,0,0,0,0,2,0,1,0,0,1,0,1,0,0
2018,Arunachal Pradesh,12,Papum Pare,237,Papum Pare City,7,18,1,38,45,0,1,35,7,40,0,0,0,3,5,4,0,0,0,4,25,31,1,0,41
2018,Arunachal Pradesh,12,Papum Pare,237,Papum Pare Rural,4,0,0,2,0,0,0,4,0,0,0,0,0,1,0,0,0,0,0,0,4,2,1,0,18
2018,Arunachal Pradesh,12,Siang,679,Siang,1,6,2,3,0,0,0,2,0,0,0,0,0,0,0,0,0,0,0,0,0,0,0,0,8
2018,Arunachal Pradesh,12,Tawang,238,Tawang,0,0,0,2,0,0,0,1,1,0,0,0,0,0,0,0,0,0,0,0,2,0,0,0,13
2018,Arunachal Pradesh,12,Tirap,239,Tirap,1,6,0,3,0,2,0,1,1,1,0,0,0,0,1,0,0,0,0,0,0,3,1,0,4
2018,Arunachal Pradesh,12,Upper Siang,240,Siang Upper,1,13,2,3,0,0,0,5,3,0,0,0,0,0,0,0,0,0,0,0,0,0,0,0,7
2018,Arunachal Pradesh,12,Upper Subansiri,241,Subansiri Upper,4,7,0,7,4,0,0,10,4,0,0,0,2,1,2,0,0,0,0,0,1,1,2,0,7
2018,Arunachal Pradesh,12,West Kameng,242,Kameng West,2,2,2,5,4,0,0,0,0,2,0,0,0,0,0,0,0,0,0,0,2,2,3,0,5
2018,Arunachal Pradesh,12,West Siang,243,Siang West,2,21,7,9,6,0,0,13,0,1,0,0,0,0,6,0,0,0,0,0,1,2,1,0,11
2018,Assam,18,Baksa,616,Baksa,27,83,11,64,134,0,1,60,38,102,2,0,0,0,5,38,0,2,0,26,46,25,8,0,0
2018,Assam,18,Barpeta,280,Barpeta,57,342,0,200,43,3,14,198,120,0,914,1,0,0,0,262,0,0,0,0,282,54,67,0,2558
2018,Assam,18,Biswanath,705,Biswanath,47,80,7,63,51,0,28,172,39,157,5,0,4,0,0,0,0,0,0,0,21,9,20,0,55
2018,Assam,18,Bongaigaon,281,Bongaigaon,32,134,25,108,129,4,8,148,50,265,10,0,0,0,0,35,0,0,0,0,141,44,0,0,534
2018,Assam,18,Cachar,282,Cachar,74,177,0,77,48,0,0,396,53,620,12,0,6,0,0,100,0,0,0,0,40,40,48,5,1283
2018,Assam,18,Charaideo,708,Charaideo,27,57,0,21,51,0,1,70,28,72,4,0,3,0,0,12,0,0,0,6,21,8,1,0,35
2018,Assam,18,Chirang,612,Chirang,26,71,9,22,75,4,9,45,31,89,0,0,1,0,0,13,0,0,0,0,32,2,6,0,0
2018,Assam,18,Darrang,283,Darrang,26,156,29,483,278,0,18,132,37,493,6,0,10,0,5,59,0,0,0,118,206,33,15,0,14
2018,Assam,18,Dhemaji,284,Dhemaji,21,71,6,114,65,1,7,58,35,152,5,0,7,1,0,14,0,1,0,2,77,29,0,0,45
2018,Assam,18,Dhubri,285,Dhubri,24,271,62,427,423,12,11,305,126,1090,16,0,1,7,16,0,0,0,0,0,69,37,23,6,57
2018,Assam,18,Dibrugarh,286,Dibrugarh,76,176,12,83,238,0,2,151,65,386,54,0,0,0,0,192,0,8,19,54,192,36,16,0,1771
2018,Assam,18,Dima Hasao,299,Dima Hasao,11,12,0,1,23,1,0,13,9,6,0,0,0,0,0,16,0,0,1,0,8,9,2,0,13
2018,Assam,18,Goalpara,287,Goalpara,40,124,114,61,132,0,8,92,40,390,10,0,0,0,39,47,0,0,0,0,154,34,2,0,110
2018,Assam,18,Golaghat,288,Golaghat,57,139,13,133,464,0,8,210,47,389,6,0,0,0,0,64,0,13,0,45,126,55,0,2,431
2018,Assam,18,Hailakandi,289,Hailakandi,21,237,23,130,106,2,1,58,26,336,4,0,0,0,0,17,0,1,0,6,66,122,18,0,46
2018,Assam,18,Hojai,709,Hojai,30,163,31,209,297,0,18,205,62,437,9,0,1,0,6,38,0,1,0,18,180,15,11,3,85
2018,Assam,18,Jorhat,290,Jorhat,40,113,11,207,196,2,2,73,35,464,1,0,0,0,0,104,0,0,0,0,443,33,8,0,1385
2018,Assam,18,Kamrup,291,Kamrup,72,254,26,309,329,13,12,198,95,491,12,2,10,0,16,113,0,13,8,5,121,59,0,1,1026
2018,Assam,18,Kamrup Metro,618,Bieo,0,0,0,0,0,0,0,0,0,0,0,0,0,0,0,0,0,0,0,0,0,0,2,0,0
2018,Assam,18,Kamrup Metro,618,Cid,0,0,0,0,0,0,0,0,0,0,0,0,0,0,0,0,0,0,0,0,15,0,0,0,3
2018,Assam,18,Kamrup Metro,618,Grp,26,4,2,11,7,1,19,12,0,0,0,0,0,0,2,0,0,0,0,0,12,4,0,0,32
2018,Assam,18,Kamrup Metro,618,Guwahati City,105,182,13,299,648,0,16,602,118,774,49,0,17,0,0,468,0,40,13,155,1338,471,260,12,74
2018,Assam,18,Kamrup Metro,618,Rpo,0,8,0,0,7,0,2,0,0,9,0,0,0,0,0,0,0,0,0,0,8,1,0,0,22
2018,Assam,18,Kamrup Metro,618,Sou,0,0,0,0,0,0,0,0,0,0,0,0,0,0,0,1,0,0,0,0,0,0,0,0,0
2018,Assam,18,Kamrup Metro,618,Stf,0,0,0,0,0,0,0,0,0,0,0,0,0,0,0,0,0,0,0,0,0,0,0,0,0
2018,Assam,18,Karbi Anglong,292,Karbi Anglong,23,47,1,72,96,22,16,103,11,118,0,0,0,18,10,31,6,4,2,6,77,4,1,0,253
2018,Assam,18,Karimganj,293,Karimganj,45,235,0,201,183,6,0,138,40,270,4,0,0,0,11,429,127,2,3,25,254,28,123,0,654
2018,Assam,18,Kokrajhar,294,Kokrajhar,39,160,4,73,114,0,7,106,48,164,11,0,0,0,0,0,0,0,0,0,79,13,0,0,0
2018,Assam,18,Lakhimpur,295,Lakhimpur,30,186,15,128,126,0,30,264,108,410,26,0,5,1,0,19,0,0,1,34,184,33,15,1,148
2018,Assam,18,Majuli,706,Majuli,4,6,0,11,4,0,0,6,0,14,0,0,1,0,0,6,0,0,0,0,11,1,0,0,6
2018,Assam,18,Marigaon,296,Morigaon,35,324,40,40,538,2,20,248,84,510,33,0,0,0,0,0,0,0,0,0,214,30,0,0,0
2018,Assam,18,Nagaon,297,Nagaon,78,315,47,366,542,4,22,205,99,1115,82,0,2,0,0,0,0,0,0,0,0,170,0,5,6
2018,Assam,18,Nalbari,298,Nalbari,32,113,0,103,140,2,0,71,51,247,1,0,0,3,0,22,0,0,0,44,0,71,70,0,88
2018,Assam,18,Sivasagar,300,Sibsagar,52,166,10,166,228,0,2,180,49,349,6,0,0,0,42,62,0,0,0,68,25,26,45,2,561
2018,Assam,18,Sonitpur,301,Sonitpur,48,176,5,0,383,5,30,460,56,406,0,0,0,0,0,86,0,0,0,0,194,33,0,1,2068
2018,Assam,18,South Salmara Mancachar,707,South Salmara,15,256,40,56,78,1,4,122,40,485,7,0,0,2,0,20,0,0,0,0,26,4,2,0,132
2018,Assam,18,Tinsukia,302,Sadia,10,14,0,17,25,0,3,22,6,13,7,0,0,0,0,5,0,0,0,5,0,10,0,0,35
2018,Assam,18,Tinsukia,302,Tinsukia,57,107,51,49,200,2,2,234,43,249,2,0,9,0,0,115,0,46,0,0,128,93,0,0,363
2018,Assam,18,Udalguri,617,Udalguri,33,60,7,72,92,0,20,62,34,67,4,0,0,0,9,16,0,0,0,0,38,17,0,0,130
2018,Assam,18,West Karbi Anglong,710,Hamren,6,9,0,6,8,0,0,28,10,10,9,0,0,0,0,4,0,0,0,0,5,4,0,0,96
2018,Bihar,10,Araria,188,Araria,61,182,0,5,226,0,0,166,39,34,87,0,0,0,0,22,11,0,0,0,65,57,32,3,11
2018,Bihar,10,Arwal,611,Arwal,9,31,0,2,41,2,0,68,7,6,29,0,0,20,4,2,1,0,0,0,21,10,16,0,1
2018,Bihar,10,Aurangabad,189,Aurangabad,50,59,0,5,66,0,1,144,67,40,76,0,1,27,0,0,0,0,0,0,80,8,8,0,0
2018,Bihar,10,Banka,190,Banka,75,127,1,4,191,0,1,147,22,41,67,0,0,0,14,0,0,0,0,0,76,28,43,0,0
2018,Bihar,10,Begusarai,191,Begusarai,118,191,15,11,245,1,1,217,43,38,107,0,0,0,11,0,0,0,0,0,120,118,38,0,0
2018,Bihar,10,Bhagalpur,192,Bhagalpur,65,277,1,19,272,1,1,268,71,82,156,0,0,0,86,0,0,0,0,0,200,60,63,0,2
2018,Bihar,10,Bhagalpur,192,Naugachia,26,86,3,1,94,0,0,92,22,17,46,0,1,0,0,0,0,0,0,0,9,25,0,0,0
2018,Bihar,10,Bhojpur,193,Bhojpur,115,109,0,8,153,2,0,198,75,40,208,0,0,0,0,12,6,0,0,0,121,28,89,0,6
2018,Bihar,10,Buxar,194,Buxar,59,111,0,18,141,0,0,89,10,42,91,0,0,0,64,0,0,0,0,0,116,35,47,1,0
2018,Bihar,10,Darbhanga,195,Darbhanga,66,234,6,5,320,0,0,264,56,55,157,0,0,0,0,18,9,0,0,0,260,53,231,2,9
2018,Bihar,10,Gaya,196,Gaya,148,243,5,2,432,2,6,357,78,123,42,0,0,0,78,4,2,0,0,0,451,84,84,3,7
2018,Bihar,10,Gopalganj,197,Gopalganj,91,134,0,0,208,1,0,221,25,53,44,0,0,39,174,22,11,0,0,0,160,37,5,0,11
2018,Bihar,10,Jamui,198,Jamui,54,102,0,3,136,4,0,133,17,37,15,0,0,32,22,0,0,0,0,0,0,37,73,1,0
2018,Bihar,10,Jehanabad,199,Jehanabad,47,62,5,12,143,2,0,112,31,19,27,0,0,12,35,0,0,0,0,0,85,31,10,0,0
2018,Bihar,10,Kaimur (Bhabua),200,Bhabhua,63,42,3,0,85,0,1,100,54,29,75,0,0,14,15,0,0,0,0,0,113,8,39,0,0
2018,Bihar,10,Katihar,201,Katihar,90,307,0,0,295,0,0,326,96,113,16,0,0,0,0,4,2,0,0,0,2,41,87,0,2
2018,Bihar,10,Katihar,201,Katihar Railway,4,1,0,4,9,0,2,2,2,0,0,0,0,0,0,2,1,0,0,0,3,7,0,0,22
2018,Bihar,10,Khagaria,202,Khagaria,38,55,17,0,101,1,0,66,40,31,34,0,0,0,0,0,0,0,0,0,101,21,13,0,0
2018,Bihar,10,Kishanganj,203,Kishanganj,32,75,0,0,115,0,0,70,26,34,70,0,0,0,0,2,1,0,0,0,63,12,7,3,3
2018,Bihar,10,Lakhisarai,204,Lakhisarai,44,39,4,0,67,0,0,62,55,44,3,0,0,4,21,0,0,0,0,0,42,18,0,0,0
2018,Bihar,10,Madhepura,205,Madhepura,82,102,0,2,178,0,0,181,24,66,11,0,0,54,0,0,0,0,0,0,52,60,0,0,3
2018,Bihar,10,Madhubani,206,Madhubani,76,169,0,1,297,1,3,179,83,80,210,0,0,0,0,0,0,0,0,0,84,35,20,0,0
2018,Bihar,10,Munger,207,Jamalpur Railway,5,3,0,3,2,0,0,5,2,0,0,0,0,0,0,0,0,0,0,0,0,6,0,0,2
2018,Bihar,10,Munger,207,Munger,50,38,4,18,131,2,0,64,42,94,6,0,0,0,20,58,20,3,5,4,161,30,0,0,27
2018,Bihar,10,Muzaffarpur,208,Muzaffarpur,146,362,1,61,648,5,2,532,141,236,121,0,0,0,59,66,33,0,0,0,193,153,3,0,37
2018,Bihar,10,Muzaffarpur,208,Muzaffarpur Railway,3,3,0,5,11,0,0,70,2,0,0,0,2,0,3,0,0,0,0,0,10,9,0,0,141
2018,Bihar,10,Nalanda,209,Nalanda,87,120,3,0,331,3,0,222,76,58,155,0,0,0,67,12,6,0,0,0,242,54,32,0,6
2018,Bihar,10,Nawada,210,Nawadah,53,56,0,3,98,2,0,72,65,47,14,0,0,0,18,12,6,0,0,0,63,36,140,0,6
2018,Bihar,10,Pashchim Champaran,211,Bagaha,22,20,0,1,41,0,2,24,21,21,14,0,0,0,0,0,0,0,0,0,48,7,25,1,0
2018,Bihar,10,Pashchim Champaran,211,Bettiah,48,50,0,0,164,0,0,146,96,82,165,0,0,0,6,46,23,0,0,0,158,7,83,0,114
2018,Bihar,10,Patna,212,Anti Terrorist Squad,0,0,0,0,0,0,0,0,0,0,0,0,0,0,0,0,0,0,0,0,0,0,0,0,0
2018,Bihar,10,Patna,212,Economic Offences Unit,0,0,0,0,0,0,0,0,0,0,0,0,0,0,0,0,0,0,0,0,1,0,5,0,0
2018,Bihar,10,Patna,212,Patna,291,423,24,59,1081,10,1,510,175,220,211,0,0,0,11,238,119,0,0,0,1262,240,15,23,119
2018,Bihar,10,Patna,212,Patna Railway,21,5,0,11,15,0,0,11,2,0,0,0,0,0,0,0,0,0,0,0,11,12,0,1,4
2018,Bihar,10,Purbi Champaran,213,Motihari,112,141,0,0,427,1,0,285,35,107,220,0,0,12,6,2,1,0,0,0,380,35,552,1,6
2018,Bihar,10,Purnia,214,Purnea,83,92,0,3,86,3,0,181,145,23,53,0,0,0,0,16,8,0,0,0,104,57,11,6,8
2018,Bihar,10,Rohtas,215,Rohtas,97,105,0,5,255,2,1,167,80,93,133,0,0,0,0,0,0,0,0,0,93,80,87,1,0
2018,Bihar,10,Saharsa,216,Saharsa,42,38,0,0,114,0,2,39,31,56,19,0,0,0,0,0,0,0,0,0,127,30,0,0,0
2018,Bihar,10,Samastipur,217,Samastipur,89,154,0,0,317,0,0,191,39,49,119,0,0,0,11,46,23,0,0,0,109,34,0,0,23
2018,Bihar,10,Saran,218,Saran,107,236,0,0,542,6,0,541,30,125,92,5,0,133,70,38,19,0,0,0,407,118,20,2,19
2018,Bihar,10,Sheikhpura,219,Sheikhpura,17,21,6,7,62,1,0,126,39,16,35,0,0,25,10,0,0,0,0,0,95,6,12,0,1
2018,Bihar,10,Sheohar,220,Sheohar,15,55,0,0,63,0,0,64,5,15,28,0,0,6,0,8,4,0,0,0,26,7,8,0,4
2018,Bihar,10,Sitamarhi,221,Sitamarhi,78,58,0,0,388,0,0,126,32,110,26,1,0,0,0,94,47,0,0,0,47,83,12,0,52
2018,Bihar,10,Siwan,222,Siwan,81,105,4,0,254,0,0,165,36,42,92,0,0,0,0,0,0,0,0,0,149,67,76,3,0
2018,Bihar,10,Supaul,223,Supaul,52,67,7,18,156,1,0,32,29,51,63,0,0,0,0,0,0,0,0,0,27,37,60,0,0
2018,Bihar,10,Vaishali,224,Vaishali,119,178,0,2,460,1,0,305,34,70,64,0,0,0,16,20,10,0,0,0,10,87,24,2,10
2018,Chandigarh,4,Chandigarh,44,Chandigarh,21,201,56,131,286,7,0,288,2,93,7,1,3,1,169,59,22,0,5,0,167,63,1,0,84
2018,Chhattisgarh,22,Balod,646,Balod,15,119,32,52,69,0,5,132,41,5,3,0,0,2,72,10,4,0,0,0,32,6,6,0,382
2018,Chhattisgarh,22,Baloda Bazar,644,Balodbazar,3,169,65,142,175,0,0,328,110,38,6,0,15,7,0,0,0,0,0,0,0,0,0,0,0
2018,Chhattisgarh,22,Balodabazar-Bhatapara,644,Balodbazar,20,101,0,0,0,0,0,0,0,0,0,0,0,0,170,5,0,0,0,4,68,13,0,0,18
2018,Chhattisgarh,22,Balrampur,649,Balrampur,0,60,0,7,47,0,6,188,68,0,0,0,0,0,0,0,0,0,0,0,0,0,0,0,0
2018,Chhattisgarh,22,Balrampur Ramanujganj,649,Balrampur,50,213,60,47,51,0,11,0,0,7,0,0,3,0,44,0,0,0,0,0,0,5,4,0,411
2018,Chhattisgarh,22,Bastar,374,Jagdalpur,27,125,27,44,81,0,2,156,40,7,0,0,0,15,84,0,0,0,0,0,21,8,0,0,440
2018,Chhattisgarh,22,Bemetara,650,Bemetra,14,91,18,63,93,0,0,149,30,17,1,0,5,0,45,8,3,0,0,0,20,5,0,0,687
2018,Chhattisgarh,22,Bijapur,636,Bizapur,32,20,6,7,12,0,0,34,0,0,0,0,0,0,0,0,0,0,0,0,0,7,0,0,86
2018,Chhattisgarh,22,Bilaspur,375,Bilaspur,61,553,43,282,330,0,2,597,89,67,7,0,17,64,282,6,0,0,0,6,176,40,34,2,0
2018,Chhattisgarh,22,Dakshin Bastar Dantewada,376,Dantewara,33,33,9,13,7,0,2,0,0,1,1,0,0,0,28,9,2,0,1,0,9,12,1,0,12
2018,Chhattisgarh,22,Dantewada,376,Dantewara,0,9,0,2,10,0,1,40,15,0,0,0,0,0,0,0,0,0,0,0,0,0,0,0,0
2018,Chhattisgarh,22,Dhamtari,377,Dhamtari,15,195,51,55,61,0,0,193,72,5,4,0,6,1,47,25,8,1,2,0,45,8,0,0,588
2018,Chhattisgarh,22,Durg,378,Durg,49,388,86,321,420,0,0,704,176,49,15,0,15,64,376,10,0,0,0,14,186,55,0,1,0
2018,Chhattisgarh,22,Gariyaband,645,Gariyaband,29,138,40,36,25,0,0,149,47,0,0,0,0,10,40,2,1,0,0,0,15,7,1,0,4
2018,Chhattisgarh,22,Janjgir-Champa,379,Janjgir,44,301,71,191,258,0,0,502,112,57,13,0,8,49,262,0,0,0,0,0,57,28,0,0,42
2018,Chhattisgarh,22,Jashpur,380,Jashpur,50,266,52,50,105,0,12,245,62,4,1,0,1,3,81,3,0,2,0,0,14,21,0,0,47
2018,Chhattisgarh,22,Kabeerdham,382,Kabirdham,21,85,26,43,50,0,0,0,0,20,1,0,3,0,84,18,1,0,0,0,27,7,3,0,94
2018,Chhattisgarh,22,Kabirdham,382,Kabirdham,2,26,0,15,76,0,0,188,41,0,0,0,1,10,0,0,0,0,0,0,0,0,0,0,0
2018,Chhattisgarh,22,Kanker,381,Kanker,2,47,0,7,40,0,2,180,53,0,0,0,0,0,0,0,0,0,0,0,0,0,0,0,0
2018,Chhattisgarh,22,Kondagaon,643,Kondagaon,30,84,26,22,55,0,0,86,31,1,0,0,0,0,6,0,0,0,0,0,11,4,2,0,0
2018,Chhattisgarh,22,Korba,383,Korba,43,237,44,144,153,2,2,270,78,22,5,0,5,5,133,16,0,1,0,10,96,49,0,0,30
2018,Chhattisgarh,22,Korea,384,Koriya,36,254,49,94,49,0,9,229,68,20,3,0,3,26,8,6,1,0,2,0,25,6,0,0,52
2018,Chhattisgarh,22,Mahasamund,385,Mahasamund,21,182,42,79,108,0,7,205,69,6,1,0,3,6,53,2,0,0,0,3,44,8,0,0,60
2018,Chhattisgarh,22,Mungeli,647,Mungali,13,174,50,73,76,0,0,205,71,13,1,0,5,5,73,0,0,0,0,0,15,8,1,0,3
2018,Chhattisgarh,22,Narayanpur,637,Narayanpur,19,36,8,9,17,0,0,39,10,1,0,0,0,1,17,0,0,0,0,0,1,8,0,0,0
2018,Chhattisgarh,22,Raigarh,386,Raigarh,70,362,45,194,256,2,9,334,72,28,6,0,0,8,76,4,0,1,0,6,121,42,0,0,127
2018,Chhattisgarh,22,Raipur,387,Grp Raipur,3,5,1,3,3,0,0,5,1,0,0,0,2,0,24,0,0,0,0,0,2,1,0,0,3
2018,Chhattisgarh,22,Raipur,387,Raipur,61,576,137,293,668,1,8,917,234,83,21,0,15,42,444,47,3,1,10,2,3,84,0,12,44
2018,Chhattisgarh,22,Rajnandgaon,388,Rajnandgaon,40,174,40,104,243,0,0,272,57,27,0,0,5,0,52,2,0,0,0,0,66,24,0,0,1174
2018,Chhattisgarh,22,Sukma,642,Sukma,42,25,5,9,5,0,0,21,5,2,0,0,0,0,19,0,0,0,0,0,4,10,0,0,12
2018,Chhattisgarh,22,Surajpur,648,Surajpur,44,339,82,89,51,0,0,320,115,7,4,0,5,13,115,17,2,0,2,0,13,6,6,0,21
2018,Chhattisgarh,22,Surguja,389,Sarguja,47,287,63,56,159,0,2,236,63,9,3,0,7,9,54,5,0,0,0,10,37,26,0,0,20
2018,Chhattisgarh,22,Uttar Bastar Kanker,381,Kanker,29,135,47,33,36,0,2,0,0,8,1,0,4,0,31,18,9,0,0,0,44,2,0,0,266
2018,Delhi,7,Central,77,Central,22,191,0,215,381,1,8,335,97,101,9,1,0,1,162,15,0,0,5,1,179,104,3,0,284
2018,Delhi,7,East,78,East,28,297,0,208,592,3,5,558,144,269,5,0,3,17,288,9,1,2,0,0,178,189,2,0,23
2018,Delhi,7,New Delhi,79,Economic Offences Wing,0,0,0,0,0,0,0,0,0,0,0,0,0,0,0,15,3,2,0,0,178,0,89,0,6
2018,Delhi,7,New Delhi,79,Eow,0,0,0,0,0,0,0,0,0,0,0,0,0,0,0,0,0,0,0,0,0,0,0,0,0
2018,Delhi,7,New Delhi,79,Igi Airport,1,0,1,21,0,0,0,4,3,0,0,0,0,0,0,0,0,0,0,0,32,2,184,0,11
2018,Delhi,7,New Delhi,79,New Delhi,7,34,0,73,80,0,0,72,13,21,0,0,0,2,41,20,7,0,0,2,157,12,52,0,69
2018,Delhi,7,New Delhi,79,Railway,4,4,0,9,28,0,0,30,4,0,0,0,0,0,18,0,0,0,0,0,9,14,0,0,16
2018,Delhi,7,New Delhi,79,Spuwac,0,0,0,0,0,0,0,0,0,87,0,0,0,0,0,0,0,0,0,0,0,0,0,0,0
2018,Delhi,7,New Delhi,79,Vigilance,0,0,0,0,0,0,0,0,0,0,0,0,0,0,0,0,0,0,0,0,0,0,0,0,0
2018,Delhi,7,North,80,North,29,130,0,160,388,0,2,403,50,164,3,0,1,0,164,18,4,0,1,4,76,89,0,0,253
2018,Delhi,7,North East,81,North-East,44,234,1,188,951,7,30,802,150,287,18,1,4,4,258,16,0,1,6,1,102,314,0,0,383
2018,Delhi,7,North West,82,Crime Branch,3,4,0,1,0,2,4,2,0,0,0,0,0,0,5,16,5,0,1,0,12,1,20,0,8
2018,Delhi,7,North West,82,Metro,1,0,0,28,3,0,0,4,1,0,0,0,0,0,20,0,0,0,0,0,14,1,0,0,3
2018,Delhi,7,North West,82,North-West,67,369,0,215,870,4,40,857,175,353,14,3,3,10,448,37,3,0,8,6,170,313,1,0,515
2018,Delhi,7,North West,82,Outer,58,338,0,311,1210,3,20,983,253,409,28,4,5,1,394,14,2,3,1,2,203,212,3,0,207
2018,Delhi,7,North West,82,Rohini,76,287,1,272,950,0,36,792,177,345,11,1,8,1,390,5,0,0,0,6,93,280,4,0,196
2018,Delhi,7,North West,82,Spl Cell,0,2,0,3,1,0,0,0,0,0,0,0,0,0,0,40,5,1,1,7,5,0,1,0,16
2018,Delhi,7,Shahdara,671,Shahdara,25,161,0,185,420,3,8,435,100,162,11,1,4,12,146,19,1,1,3,0,113,201,4,0,26
2018,Delhi,7,South,83,South,42,247,2,261,732,0,0,585,102,250,18,0,6,9,196,18,1,2,1,4,386,187,14,0,670
2018,Delhi,7,South East,670,South-East,54,293,3,301,788,3,0,656,150,175,18,1,2,1,177,24,3,2,2,4,256,167,3,0,207
2018,Delhi,7,South West,84,Dwarka,48,307,1,273,845,1,2,694,189,304,18,1,5,0,270,8,1,1,0,0,271,102,9,0,141
2018,Delhi,7,South West,84,South-West,21,256,1,262,589,2,5,488,112,109,8,0,0,0,153,11,1,1,1,0,171,86,12,0,157
2018,Delhi,7,West,85,West,38,261,1,271,505,1,24,546,121,382,7,2,8,2,106,17,4,0,1,0,235,194,1,1,95
2018,Goa,30,North Goa,551,Cid,0,8,2,17,2,0,40,10,0,0,0,0,1,1,0,38,11,9,0,7,24,0,0,0,12
2018,Goa,30,North Goa,551,North Goa,15,56,16,102,110,0,40,113,2,5,0,0,0,12,10,1,0,0,0,2,60,9,9,3,15
2018,Goa,30,South Goa,552,South Goa,16,58,16,50,38,1,11,59,0,4,0,0,1,4,14,2,0,0,0,0,31,12,7,4,10
2018,Gujarat,24,Ahmadabad,438,Ahmedabad City,103,390,0,214,269,9,0,733,337,645,1,6,41,20,424,357,117,50,0,7,710,396,42,14,532
2018,Gujarat,24,Ahmadabad,438,Ahmedabad Rural,37,51,0,16,4,0,1,53,36,34,0,0,14,1,45,7,0,0,0,0,22,27,32,0,136
2018,Gujarat,24,Ahmadabad,438,W.Rly Ahmedabad,0,4,0,7,6,0,0,9,2,2,0,0,0,0,0,0,0,0,0,0,0,0,0,0,0
2018,Gujarat,24,Ahmadabad,438,Western Railway Ahmedabad,0,1,0,0,0,0,0,0,0,0,0,0,0,0,5,0,0,0,0,0,1,10,1,0,4
2018,Gujarat,24,Amreli,439,Amreli,19,114,1,50,54,1,1,126,61,88,0,0,9,1,56,41,13,0,2,3,56,38,6,0,178
2018,Gujarat,24,Anand,440,Anand,21,31,0,19,36,0,0,101,129,46,0,0,4,1,59,7,0,3,0,3,27,20,16,2,74
2018,Gujarat,24,Arvalli,672,Arvalli,15,63,0,16,52,0,0,64,16,85,0,0,14,0,0,3,1,1,0,0,9,19,12,0,4
2018,Gujarat,24,Banas Kantha,441,Banaskantha,40,116,0,89,159,2,2,114,33,112,0,0,0,0,63,26,2,4,0,2,84,105,0,1,25
2018,Gujarat,24,Bharuch,442,Bharuch,37,90,0,26,36,0,0,112,76,28,0,0,4,0,70,20,5,2,1,1,44,27,7,0,43
2018,Gujarat,24,Bhavnagar,443,Bhavnagar,52,96,1,72,14,3,0,163,200,98,1,0,21,1,58,20,8,1,0,0,67,70,15,0,86
2018,Gujarat,24,Botad,676,Botad,10,38,0,6,12,0,0,50,34,10,0,0,1,0,16,9,2,0,1,2,4,9,1,0,17
2018,Gujarat,24,Chhotaudepur,668,Chhotaudepur,29,50,1,9,4,0,0,50,41,11,0,0,6,1,26,2,0,0,0,0,4,7,7,0,28
2018,Gujarat,24,Dang,444,Dang,5,9,0,3,2,0,0,6,3,0,0,0,1,0,1,0,0,0,0,0,3,0,1,0,0
2018,Gujarat,24,Devbhumi Dwarka,674,Devbhumi Dwarka,13,40,0,9,9,0,0,33,24,62,0,0,7,1,33,1,0,0,0,1,1,7,4,0,4
2018,Gujarat,24,Dohad,445,Dahod,42,149,0,26,11,0,0,128,113,16,0,0,17,0,21,9,1,2,0,1,23,64,0,0,1
2018,Gujarat,24,Gandhinagar,446,Cid Crime,0,0,0,1,0,0,0,0,0,0,0,0,0,0,0,0,0,0,0,0,9,0,3,0,0
2018,Gujarat,24,Gandhinagar,446,Gandhinagar,23,81,0,19,46,0,0,102,56,88,0,0,17,0,64,35,13,3,0,0,82,42,17,0,20
2018,Gujarat,24,Gir Somnath,675,Gir Somnath,13,49,0,27,45,1,0,55,18,89,0,0,2,0,0,18,0,0,0,0,19,30,0,0,15
2018,Gujarat,24,Jamnagar,447,Jamnagar,26,82,0,22,21,0,3,113,52,46,1,0,9,0,51,14,0,0,1,0,7,35,1,1,50
2018,Gujarat,24,Junagadh,448,Junagadh,24,63,6,39,26,0,0,109,61,164,0,0,7,3,34,33,4,5,1,3,23,45,3,0,78
2018,Gujarat,24,Kachchh,449,Kachchh East(G),22,73,0,29,26,0,0,65,39,27,0,1,10,0,18,14,0,0,0,0,27,37,12,0,14
2018,Gujarat,24,Kachchh,449,Kachchh West(B),23,66,0,18,35,0,3,98,33,50,1,0,13,4,33,20,0,0,0,12,35,25,4,0,37
2018,Gujarat,24,Kheda,450,Kheda,24,48,0,28,97,1,0,97,14,59,0,0,19,1,19,2,0,0,1,0,23,18,13,0,1
2018,Gujarat,24,Mahesana,451,Mehsana,38,68,0,47,143,0,0,123,21,88,1,0,17,0,51,17,2,0,1,1,52,99,0,3,16
2018,Gujarat,24,Mahisagar,669,Mahisagar,13,33,0,18,46,0,0,40,13,41,0,0,6,0,28,0,0,0,0,0,4,3,2,0,292
2018,Gujarat,24,Morbi,673,Morbi,33,57,0,11,21,0,0,62,33,33,0,1,9,1,6,14,1,2,1,0,3,16,1,1,24
2018,Gujarat,24,Narmada,452,Narmada,11,26,1,13,7,0,0,20,13,6,0,0,7,0,18,0,0,0,0,0,1,3,0,0,3
2018,Gujarat,24,Navsari,453,Navsari,14,41,0,14,25,1,2,72,30,29,0,0,6,1,42,20,5,0,0,0,35,3,23,0,30
2018,Gujarat,24,Panch Mahals,454,Panchmahal,42,124,0,24,15,0,0,124,106,62,0,0,9,0,30,4,0,0,0,0,24,36,0,0,3
2018,Gujarat,24,Patan,455,Patan,14,52,0,46,19,2,0,67,57,64,0,0,5,0,61,6,0,0,0,3,10,37,5,0,23
2018,Gujarat,24,Porbandar,456,Porbandar,16,24,0,7,29,0,0,39,12,37,0,0,5,1,21,8,2,1,1,0,13,10,2,0,86
2018,Gujarat,24,Rajkot,457,Rajkot City,40,164,0,21,79,0,0,161,73,193,1,0,17,0,24,14,3,0,0,0,42,41,13,8,112
2018,Gujarat,24,Rajkot,457,Rajkot Rural,38,131,0,24,60,1,0,125,53,100,0,0,16,0,34,20,3,0,0,7,15,34,3,0,33
2018,Gujarat,24,Sabar Kantha,458,Sabarkantha,21,42,0,40,55,0,0,84,28,71,0,0,13,0,4,60,21,3,4,0,82,55,10,0,58
2018,Gujarat,24,Surat,459,Surat City,118,325,0,100,338,18,0,1075,228,264,0,0,21,3,489,253,63,45,2,11,817,210,28,0,224
2018,Gujarat,24,Surat,459,Surat Rural,56,39,0,13,45,1,0,68,21,23,0,0,5,0,32,9,0,0,0,3,57,24,5,0,86
2018,Gujarat,24,Surendranagar,460,Surendranagar,30,79,0,32,62,0,0,72,19,38,2,0,7,2,48,9,3,0,0,4,4,49,9,0,51
2018,Gujarat,24,Tapi,641,Tapi,6,38,0,6,5,0,0,35,21,5,2,0,2,0,7,8,2,0,0,0,8,6,1,0,7
2018,Gujarat,24,Vadodara,461,Vadodara City,34,76,0,44,42,0,0,170,109,88,1,0,16,0,156,28,4,0,3,0,189,100,20,3,281
2018,Gujarat,24,Vadodara,461,Vadodara Rural,21,60,0,15,18,2,0,75,48,13,0,0,9,0,37,22,2,1,0,0,2,15,18,0,74
2018,Gujarat,24,Vadodara,461,W.Rly Vadodara,2,1,0,10,7,0,0,13,2,0,0,0,1,0,0,0,0,0,0,0,0,0,0,0,0
2018,Gujarat,24,Vadodara,461,Western Railway Vadodara,4,0,0,0,0,0,0,0,0,0,0,0,0,0,13,0,0,0,0,0,2,15,2,0,3
2018,Gujarat,24,Valsad,462,Valsad,27,50,0,14,88,0,4,123,23,8,0,0,11,0,77,17,4,2,0,5,41,29,49,1,14
2018,Haryana,6,Ambala,58,Ambala,38,140,0,86,135,0,2,91,74,159,7,0,8,0,25,26,0,0,0,0,70,7,17,0,541
2018,Haryana,6,Ambala,58,Grp,30,8,2,18,24,0,0,22,0,0,3,0,11,0,24,0,0,0,0,0,7,9,0,0,135
2018,Haryana,6,Bhiwani,59,Bhiwani,38,138,13,251,37,1,4,125,27,221,9,0,2,0,59,17,0,2,0,9,0,49,1,0,642
2018,Haryana,6,Charki Dadri,701,Charkhi Dadri,28,51,6,132,20,1,2,66,29,78,1,0,2,1,20,7,0,1,0,8,9,34,16,0,50
2018,Haryana,6,Faridabad,60,Faridabad,102,418,10,152,172,3,9,717,254,380,25,0,14,1,179,17,0,1,0,4,276,67,141,0,2045
2018,Haryana,6,Fatehabad,61,Fatehabad,39,121,2,157,84,0,3,210,84,103,3,0,8,0,56,8,0,1,0,5,17,25,1,0,88
2018,Haryana,6,Gurugram,62,Gurugram,83,395,11,289,361,3,1,523,192,335,24,0,18,0,78,169,0,20,0,21,379,61,1,20,1169
2018,Haryana,6,Gurugram,62,Irrigation And Power,0,0,0,0,0,0,0,0,0,0,0,0,0,0,0,0,0,0,0,0,0,0,0,0,449
2018,Haryana,6,Gurugram,62,Irrigation Andpower,0,0,0,0,0,0,0,0,0,0,0,0,0,0,0,0,0,0,0,0,0,0,0,0,0
2018,Haryana,6,Hisar,63,Hansi,21,55,3,55,6,0,0,57,28,50,3,0,9,0,54,6,0,0,0,3,30,9,0,1,96
2018,Haryana,6,Hisar,63,Hissar,45,152,3,123,9,2,0,209,65,168,8,1,4,1,44,54,1,1,2,10,83,23,9,0,425
2018,Haryana,6,Jhajjar,64,Jhajjar,66,128,6,162,192,0,0,284,67,279,14,0,14,3,89,2,0,0,0,2,55,19,36,1,225
2018,Haryana,6,Jind,65,Jind,61,122,7,97,40,2,0,152,89,203,12,0,15,1,79,9,0,0,0,18,54,55,0,1,733
2018,Haryana,6,Kaithal,66,Kaithal,37,135,10,108,228,2,1,163,69,163,5,0,13,0,65,18,0,0,1,0,49,52,22,1,228
2018,Haryana,6,Karnal,67,Karnal,74,217,41,173,171,0,1,345,130,165,16,0,14,1,10,24,0,0,5,10,253,29,47,0,295
2018,Haryana,6,Kurukshetra,68,Kurukshetra,29,106,3,55,104,0,0,77,74,146,7,0,4,0,54,2,0,0,0,0,0,13,28,2,463
2018,Haryana,6,Mahendragarh,69,Mahendergarh,44,99,2,54,16,0,0,70,44,76,13,0,0,0,19,9,0,2,0,5,16,11,32,0,406
2018,Haryana,6,Nuh,604,Mewat,23,177,8,96,34,0,2,176,88,148,18,0,1,0,51,9,0,1,2,1,15,65,28,1,508
2018,Haryana,6,Palwal,619,Palwal,63,170,0,64,95,3,1,97,43,142,0,0,4,0,0,12,0,0,0,0,0,6,0,0,486
2018,Haryana,6,Panchkula,70,Panchkula,18,81,0,36,18,0,0,72,41,48,4,0,4,0,26,15,0,0,0,0,0,20,24,1,411
2018,Haryana,6,Panipat,71,Panipat,62,250,8,212,663,0,8,517,134,284,10,0,15,2,176,12,0,0,2,11,104,6,55,2,1369
2018,Haryana,6,Rewari,72,Rewari,53,130,9,103,26,0,0,104,76,132,7,0,22,0,28,3,0,1,0,0,40,8,158,0,201
2018,Haryana,6,Rohtak,73,Rohtak,73,214,10,246,304,0,0,292,100,237,14,0,9,1,108,10,0,0,0,0,133,59,0,7,722
2018,Haryana,6,Sirsa,74,Sirsa,34,144,7,72,48,0,2,136,79,155,5,1,4,0,42,6,0,0,0,6,72,33,30,4,110
2018,Haryana,6,Sonipat,75,Sonipat,82,183,11,167,310,0,2,131,87,266,16,0,7,0,0,0,0,0,0,0,175,20,0,2,647
2018,Haryana,6,Yamunanagar,76,Yamunanagar,34,147,2,42,272,1,0,233,73,218,10,0,11,0,21,16,0,2,0,9,126,16,0,0,1133
2018,Himachal Pradesh,2,Bilaspur,15,Bilaspur,2,41,13,50,27,0,0,43,0,14,0,0,3,0,17,6,0,1,0,7,20,0,0,0,79
2018,Himachal Pradesh,2,Chamba,16,Chamba,4,52,7,35,25,0,0,37,2,4,0,0,3,0,4,1,0,0,0,2,11,0,1,1,27
2018,Himachal Pradesh,2,Hamirpur,17,Hamirpur,3,34,10,47,18,0,0,41,2,11,1,0,6,0,8,5,0,0,0,10,0,0,1,0,1
2018,Himachal Pradesh,2,Kangra,18,Kangra,26,143,27,107,76,0,0,125,0,9,1,0,16,0,52,18,0,3,1,19,48,0,15,0,71
2018,Himachal Pradesh,2,Kinnaur,19,Kinnaur,3,12,7,2,7,0,0,17,0,7,0,0,4,0,9,3,0,0,0,6,2,0,1,0,6
2018,Himachal Pradesh,2,Kullu,20,Kullu,8,82,23,25,46,0,0,81,22,11,0,0,5,0,24,3,0,0,0,0,9,1,2,0,10
2018,Himachal Pradesh,2,Lahul And Spiti,21,Lahaul And Spiti,0,0,0,0,1,0,0,2,0,0,0,0,0,0,2,1,0,1,0,0,1,0,0,0,1
2018,Himachal Pradesh,2,Lahul And Spiti,21,Lahaul Andspiti,0,0,0,0,2,0,0,0,0,0,0,0,1,0,0,0,0,0,0,0,0,0,0,0,0
2018,Himachal Pradesh,2,Mandi,22,Mandi,14,154,25,124,81,0,0,118,0,50,1,0,9,2,49,3,0,0,0,4,0,0,2,0,30
2018,Himachal Pradesh,2,Shimla,23,Cid,0,0,0,0,0,0,0,0,0,0,0,0,0,0,0,0,0,0,0,0,8,0,2,0,1
2018,Himachal Pradesh,2,Shimla,23,Cyber,0,0,0,0,0,0,0,0,0,0,0,0,0,0,0,3,0,0,0,2,2,0,0,0,0
2018,Himachal Pradesh,2,Shimla,23,Grp,0,0,0,0,2,0,0,1,0,0,0,0,0,0,0,0,0,0,0,0,0,0,0,0,0
2018,Himachal Pradesh,2,Shimla,23,Shimla,17,121,22,115,96,0,0,104,0,19,1,0,6,0,32,10,0,8,0,2,48,1,22,4,73
2018,Himachal Pradesh,2,Sirmaur,24,Sirmaur,4,142,32,74,44,0,0,91,0,9,1,0,8,0,42,4,0,0,0,8,30,2,0,1,9
2018,Himachal Pradesh,2,Solan,25,Baddi,7,27,11,21,27,1,0,34,1,15,0,0,3,0,14,4,0,0,0,1,7,3,2,0,11
2018,Himachal Pradesh,2,Solan,25,Solan,9,46,11,44,40,0,0,42,0,6,0,0,6,0,41,5,0,2,0,0,18,2,5,0,50
2018,Himachal Pradesh,2,Una,26,Una,14,58,9,39,27,8,0,36,1,36,0,0,9,0,13,4,0,0,0,0,101,0,1,4,5
2018,Jammu And Kashmir,1,Anantnag,1,Anantnag,1,36,0,94,128,0,0,45,2,6,0,0,0,0,0,5,0,1,0,4,21,6,0,0,325
2018,Jammu And Kashmir,1,Bandipora,623,Bandipora,9,14,0,25,29,0,0,0,0,1,0,0,1,0,0,1,0,0,0,0,9,1,0,0,0
2018,Jammu And Kashmir,1,Baramulla,3,Baramulla,7,20,4,89,79,0,0,15,0,48,0,0,0,0,0,4,0,0,0,0,30,3,0,0,86
2018,Jammu And Kashmir,1,Baramulla,3,Sopore,10,10,6,112,70,0,0,34,0,2,0,0,0,0,0,3,0,0,0,0,18,8,0,0,72
2018,Jammu And Kashmir,1,Budgam,2,Budgam,1,42,0,218,73,0,0,0,0,9,0,0,3,0,0,3,0,0,0,0,10,10,9,0,0
2018,Jammu And Kashmir,1,Doda,4,Doda,4,26,0,41,31,0,0,4,4,12,0,0,0,0,0,3,0,0,0,0,7,0,0,0,23
2018,Jammu And Kashmir,1,Ganderbal,626,Ganderbal,5,16,5,59,40,0,0,20,3,2,0,0,0,0,0,1,0,0,0,0,8,0,3,0,17
2018,Jammu And Kashmir,1,Jammu,5,Crime Jammu,0,0,0,0,1,0,0,0,0,0,0,0,0,0,0,2,1,0,0,0,31,0,0,0,1
2018,Jammu And Kashmir,1,Jammu,5,Crime Srinagar,0,0,0,0,0,0,0,0,0,0,0,0,0,0,0,0,0,0,0,0,0,0,0,0,0
2018,Jammu And Kashmir,1,Jammu,5,Jammu,25,110,0,112,140,0,0,7,6,34,4,0,8,0,33,14,0,0,0,0,0,3,156,0,370
2018,Jammu And Kashmir,1,Jammu,5,Railways Jammu,0,0,0,2,0,0,0,0,0,1,0,0,0,0,0,0,0,0,0,0,0,0,0,0,1
2018,Jammu And Kashmir,1,Jammu,5,Railways Kashmir,0,0,0,0,0,0,0,0,0,0,0,0,0,0,0,0,0,0,0,0,0,0,0,0,0
2018,Jammu And Kashmir,1,Kargil,6,Kargil,0,0,0,1,2,0,0,2,0,0,0,0,0,0,0,0,0,0,0,0,0,0,0,0,0
2018,Jammu And Kashmir,1,Kathua,7,Kathua,11,25,2,41,68,0,0,38,2,15,2,0,4,0,25,2,0,0,0,4,6,1,3,0,20
2018,Jammu And Kashmir,1,Kishtwar,620,Kishtwar,4,16,2,23,27,0,0,13,0,5,0,0,2,0,3,0,0,0,0,0,6,1,0,0,81
2018,Jammu And Kashmir,1,Kulgam,622,Kulgam,4,30,0,94,49,0,0,0,0,7,0,0,0,0,0,0,0,0,0,0,14,11,0,0,88
2018,Jammu And Kashmir,1,Kupwara,8,Handwara,1,2,0,38,26,0,0,3,1,2,0,0,1,0,0,0,0,0,0,0,9,0,0,0,12
2018,Jammu And Kashmir,1,Kupwara,8,Kupwara,3,34,0,40,65,0,0,1,0,7,0,0,6,0,0,0,0,0,0,0,2,0,0,0,77
2018,Jammu And Kashmir,1,Leh Ladakh,9,Leh,0,4,1,2,0,0,0,0,0,0,0,0,0,0,0,0,0,0,0,0,0,0,0,0,0
2018,Jammu And Kashmir,1,Poonch,10,Poonch,2,40,6,44,51,0,0,24,0,7,0,0,1,0,27,7,2,0,1,2,9,0,0,0,7
2018,Jammu And Kashmir,1,Pulwama,11,Awantipora,0,4,2,63,33,0,0,0,0,4,0,0,0,0,0,0,0,0,0,0,7,3,0,0,35
2018,Jammu And Kashmir,1,Pulwama,11,Pulwama,24,4,0,38,22,0,0,12,0,4,0,0,0,0,0,2,0,0,0,2,13,6,2,0,0
2018,Jammu And Kashmir,1,Rajouri,12,Rajouri,11,64,0,64,44,0,0,15,2,35,1,0,0,0,186,12,2,0,4,0,24,0,16,0,326
2018,Jammu And Kashmir,1,Ramban,621,Ramban,4,29,8,39,45,0,0,28,2,5,1,0,0,0,19,6,0,0,0,0,6,1,1,0,114
2018,Jammu And Kashmir,1,Reasi,627,Railways Katra,0,0,0,0,0,0,0,0,0,0,0,0,0,0,0,0,0,0,0,0,0,0,0,0,0
2018,Jammu And Kashmir,1,Reasi,627,Reasi,5,44,0,34,36,0,0,10,0,5,0,0,0,0,0,0,0,0,0,0,11,1,0,0,102
2018,Jammu And Kashmir,1,Samba,624,Samba,14,14,2,7,29,2,0,16,1,12,0,0,0,0,6,0,0,0,0,0,0,1,0,0,10
2018,Jammu And Kashmir,1,Shopian,625,Shopian,14,6,0,49,47,0,0,20,0,4,0,0,0,0,0,0,0,0,0,0,22,9,0,0,42
2018,Jammu And Kashmir,1,Srinagar,13,Crime Srinagar,0,0,0,0,0,0,0,0,0,0,0,0,0,0,0,0,0,0,0,0,0,0,0,0,4
2018,Jammu And Kashmir,1,Srinagar,13,Srinagar,16,28,4,268,200,0,0,116,2,51,1,0,2,0,22,15,0,6,0,1,64,22,9,1,186
2018,Jammu And Kashmir,1,Udhampur,14,Udhampur,9,38,12,41,63,0,0,50,7,47,0,0,5,0,49,5,0,2,0,0,15,0,0,0,60
2018,Jharkhand,20,Bokaro,322,Bokaro,73,160,51,155,82,0,0,99,38,156,40,0,3,0,0,33,0,0,0,0,211,11,1,0,330
2018,Jharkhand,20,Chatra,323,Chatra,74,68,0,30,41,1,12,58,37,11,44,0,0,0,0,15,0,0,0,0,20,44,26,0,148
2018,Jharkhand,20,Deoghar,324,Deoghar,71,51,8,195,37,1,2,80,20,58,141,0,0,0,0,105,0,0,0,18,67,36,21,1,178
2018,Jharkhand,20,Dhanbad,325,Dhanbad,42,97,11,58,30,1,2,76,51,55,63,0,5,2,6,30,0,15,0,0,38,36,19,0,326
2018,Jharkhand,20,Dhanbad,325,Dhanbad Railway,4,2,0,4,3,0,0,7,2,0,1,0,2,0,0,0,0,0,0,0,0,7,0,0,2
2018,Jharkhand,20,Dumka,326,Dumka,58,82,4,16,3,1,1,67,38,33,15,0,7,0,0,19,0,0,0,0,31,33,0,0,168
2018,Jharkhand,20,East Singhbum,327,Jamshedpur,84,197,13,83,93,0,7,29,29,81,128,0,6,0,0,83,0,53,0,0,503,16,61,5,44
2018,Jharkhand,20,East Singhbum,327,Jamshedpur Railway,1,4,0,5,2,0,3,2,0,0,0,0,0,0,0,2,0,2,0,0,1,5,0,0,0
2018,Jharkhand,20,Garhwa,328,Garhwa,75,82,13,77,0,2,0,62,20,50,123,0,0,0,0,28,0,0,0,0,142,26,72,0,584
2018,Jharkhand,20,Giridih,329,Giridih,149,130,33,203,84,2,15,130,25,41,105,0,0,0,0,69,0,54,1,0,114,37,3,0,93
2018,Jharkhand,20,Godda,330,Godda,53,142,37,134,31,3,18,127,22,140,11,0,0,0,0,0,0,0,0,0,104,25,0,0,26
2018,Jharkhand,20,Gumla,331,Gumla,143,110,2,22,86,2,50,107,30,6,24,0,1,0,122,19,0,11,0,0,31,29,15,0,22
2018,Jharkhand,20,Hazaribagh,332,Hazaribagh,91,144,36,24,40,0,3,82,41,49,147,0,0,0,0,65,0,51,0,0,289,31,40,0,78
2018,Jharkhand,20,Jamtara,333,Jamtara,31,39,1,30,10,4,0,38,18,15,31,0,1,0,0,167,83,0,0,0,128,13,26,0,146
2018,Jharkhand,20,Khunti,606,Khunti,75,61,0,2,0,1,11,12,11,4,6,0,0,0,0,9,0,2,0,1,16,17,0,0,13
2018,Jharkhand,20,Koderma,334,Koderma,17,49,0,32,13,0,0,53,18,22,31,0,0,0,0,32,8,1,2,1,38,7,47,0,124
2018,Jharkhand,20,Latehar,335,Latehar,45,74,3,40,6,0,4,18,0,7,23,0,0,0,0,5,0,0,0,0,32,17,6,1,38
2018,Jharkhand,20,Lohardaga,336,Lohardagga,25,92,18,31,0,0,5,16,0,8,20,0,0,0,0,0,0,0,0,0,30,10,0,0,80
2018,Jharkhand,20,Pakur,337,Pakur,44,76,8,27,10,2,10,39,0,28,30,0,5,0,0,14,0,0,0,0,19,17,29,0,232
2018,Jharkhand,20,Palamu,338,Palamu,106,130,3,61,93,27,10,112,57,81,103,0,0,0,0,11,0,0,0,0,118,42,34,5,23
2018,Jharkhand,20,Ramgarh,607,Ramgarh,27,58,2,31,42,8,1,31,17,12,66,0,0,0,0,28,0,0,0,0,106,26,5,3,124
2018,Jharkhand,20,Ranchi,339,Ranchi,165,424,0,36,0,7,11,75,70,119,129,0,0,0,0,358,92,5,0,0,958,163,52,0,664
2018,Jharkhand,20,Sahebganj,340,Sahebganj,77,148,0,157,18,0,9,14,14,69,132,0,0,0,0,9,0,0,0,0,138,20,0,0,144
2018,Jharkhand,20,Saraikela Kharsawan,341,Saraikela,64,62,20,29,10,0,0,48,30,28,33,0,5,0,0,42,0,33,0,3,0,22,1,0,2
2018,Jharkhand,20,Simdega,342,Simdega,46,90,0,0,18,0,57,49,30,19,1,0,0,0,0,6,0,0,0,0,13,7,0,0,0
2018,Jharkhand,20,West Singhbhum,343,Chaibasa,103,118,19,13,17,8,7,48,0,19,29,1,5,0,0,20,0,0,0,0,39,12,8,0,43
2018,Karnataka,29,Bagalkote,524,Bagalkot,36,33,0,177,20,0,0,57,41,19,27,0,3,0,0,6,0,2,0,3,93,17,6,0,97
2018,Karnataka,29,Ballari,528,Ballari,31,60,0,145,84,1,0,150,42,39,82,0,6,0,0,11,0,1,0,3,156,30,11,0,27
2018,Karnataka,29,Belagavi,527,Belagavi City,16,22,0,41,49,2,0,82,26,45,26,0,11,2,27,22,0,1,0,2,115,27,6,6,9
2018,Karnataka,29,Belagavi,527,Belagavi District,66,120,0,241,64,0,0,197,90,103,11,0,16,6,13,13,0,1,0,2,103,39,14,1,9
2018,Karnataka,29,Belagavi,527,K.G.F.,6,23,0,26,8,1,0,38,21,7,10,0,1,1,10,18,0,2,0,4,15,10,7,0,4
2018,Karnataka,29,Bengaluru Urban,525,Bengaluru City,235,505,0,912,1608,46,16,1815,407,410,745,1,82,6,233,5253,0,4982,0,156,2504,1002,48,80,975
2018,Karnataka,29,Bengaluru Urban,525,Bengaluru District,79,73,0,150,51,32,0,139,54,66,37,0,27,12,0,24,0,1,3,4,298,88,23,4,24
2018,Karnataka,29,Bengaluru Urban,525,K.Railways,15,0,0,7,3,0,2,11,0,1,0,0,3,0,0,0,0,0,0,0,1,68,0,0,4
2018,Karnataka,29,Bidar,529,Bidar,44,44,1,89,43,2,0,163,38,88,46,0,8,1,17,18,0,0,2,7,30,39,6,3,79
2018,Karnataka,29,Chamarajanagara,531,Chamarajnagar,19,43,0,153,32,0,0,87,37,31,14,0,3,0,0,9,0,4,0,4,27,16,9,3,12
2018,Karnataka,29,Chikkaballapura,630,Chikkaballapura,37,82,0,53,41,0,2,200,84,20,16,0,8,3,19,10,0,1,0,1,85,13,18,0,9
2018,Karnataka,29,Chikkamagaluru,532,Chikkamagaluru,37,79,0,111,54,0,0,162,69,58,13,0,4,0,12,17,0,7,0,6,62,15,14,0,13
2018,Karnataka,29,Chitradurga,533,Chitradurga,20,34,0,207,51,1,0,85,29,46,32,0,9,0,0,7,0,1,0,4,73,16,8,0,14
2018,Karnataka,29,Dakshina Kannada,534,Dakshina Kannada,12,59,2,55,23,0,0,169,50,6,4,0,3,0,7,10,0,0,0,2,51,17,17,0,20
2018,Karnataka,29,Dakshina Kannada,534,Mangaluru City,22,45,0,95,32,0,6,131,35,35,12,0,2,1,25,77,0,63,0,3,128,82,6,24,21
2018,Karnataka,29,Davangere,535,Davanagere,35,85,2,161,82,0,0,159,58,29,75,0,3,0,9,17,0,14,0,1,126,41,10,10,12
2018,Karnataka,29,Dharwad,536,Dharwad,12,21,0,27,7,0,0,31,19,8,1,0,5,0,1,1,0,0,0,0,21,2,1,0,9
2018,Karnataka,29,Dharwad,536,Hubballi Dharwad City,29,23,0,38,32,2,0,80,21,57,2,0,4,0,22,33,0,8,0,2,106,45,10,5,10
2018,Karnataka,29,Gadag,537,Gadag,14,28,1,56,10,0,0,24,22,29,4,0,8,0,0,6,0,0,0,0,44,12,6,0,19
2018,Karnataka,29,Hassan,539,Hassan,48,99,0,229,82,0,0,164,78,57,89,0,14,0,9,17,0,7,0,6,127,52,4,3,14
2018,Karnataka,29,Haveri,540,Haveri,20,63,0,106,30,0,0,150,58,26,24,0,3,0,8,4,0,0,0,0,65,21,10,0,15
2018,Karnataka,29,Kalaburagi,538,Kalaburgi,70,79,1,201,45,0,0,169,58,134,54,0,10,0,21,17,0,4,0,5,59,49,15,9,32
2018,Karnataka,29,Kodagu,541,Kodagu,24,42,0,47,61,0,0,117,36,21,1,0,9,10,0,12,0,0,0,2,74,10,1,0,13
2018,Karnataka,29,Kolar,542,Kolar,29,48,0,67,54,0,0,114,48,10,30,1,2,2,7,18,0,0,0,0,62,18,6,0,14
2018,Karnataka,29,Koppal,543,Koppal,14,52,0,85,28,0,0,113,55,42,15,0,5,0,0,5,0,3,0,1,56,18,5,0,21
2018,Karnataka,29,Mandya,544,Mandya,51,63,0,216,160,0,0,177,76,51,28,0,7,0,32,6,0,0,0,1,47,65,8,10,47
2018,Karnataka,29,Mysuru,545,Mysuru City,27,51,2,80,112,0,0,224,39,40,84,0,6,5,10,129,48,3,1,7,187,73,8,0,76
2018,Karnataka,29,Mysuru,545,Mysuru District,52,67,0,239,15,0,9,75,57,48,34,0,2,0,0,3,0,0,0,0,67,46,0,9,27
2018,Karnataka,29,Raichur,546,Raichur,30,72,1,195,35,0,0,98,40,98,51,0,7,0,0,8,1,1,0,2,91,11,2,2,21
2018,Karnataka,29,Ramanagara,631,Ramanagara,60,35,0,135,170,4,2,201,35,59,26,0,13,6,12,10,0,0,0,3,136,51,5,0,25
2018,Karnataka,29,Shivamogga,547,Shimoga,40,113,0,418,152,1,0,212,101,135,11,0,18,0,34,52,0,46,0,0,169,80,15,0,13
2018,Karnataka,29,Tumakuru,548,Tumakuru,64,70,0,90,105,1,8,186,56,40,103,0,14,7,28,14,0,0,0,0,144,81,20,1,16
2018,Karnataka,29,Udupi,549,Udupi,18,65,0,113,19,0,0,98,73,35,22,0,3,0,4,22,0,0,0,0,94,57,12,1,14
2018,Karnataka,29,Uttara Kannada,550,Uttara Kannada,26,49,2,124,46,0,0,98,37,39,17,0,13,2,9,22,0,3,0,2,97,28,13,5,14
2018,Karnataka,29,Vijayapura,530,Vijayapura,72,42,0,109,54,0,0,96,54,79,2,0,16,0,0,1,0,0,0,0,50,28,7,2,24
2018,Karnataka,29,Yadgir,635,Yadgiri,23,21,1,144,20,0,0,59,25,42,20,0,8,1,13,7,0,2,0,0,29,3,1,1,15
2018,Kerala,32,Alappuzha,554,Alapuzha,13,250,69,316,32,0,6,253,62,91,1,0,5,13,41,19,1,2,2,12,260,28,23,0,233
2018,Kerala,32,Ernakulam,555,Ernakulam Commissionerate,12,147,31,318,12,1,8,0,0,79,1,0,2,0,12,73,10,11,0,6,429,67,24,0,278
2018,Kerala,32,Ernakulam,555,Ernakulam Commr.,1,31,0,31,6,0,3,139,42,0,0,0,0,12,0,0,0,0,0,0,0,0,0,0,0
2018,Kerala,32,Ernakulam,555,Ernakulam Rural,16,251,74,372,29,0,35,203,35,132,0,0,0,4,33,13,0,3,0,15,302,63,24,0,16
2018,Kerala,32,Idukki,556,Idukki,19,160,30,272,15,0,0,168,59,95,0,1,1,11,3,19,0,2,0,10,294,18,18,0,160
2018,Kerala,32,Kannur,557,Kannur,21,210,74,207,11,0,47,299,162,139,0,0,1,9,45,18,0,3,1,11,247,67,15,0,345
2018,Kerala,32,Kasaragod,558,Kasargod,14,142,48,232,11,0,0,195,19,83,0,0,0,31,13,6,0,0,1,0,128,33,5,0,108
2018,Kerala,32,Kollam,559,Kollam Commissionerate,16,119,46,250,7,0,6,0,0,114,4,0,4,0,27,12,0,3,0,2,157,59,24,0,125
2018,Kerala,32,Kollam,559,Kollam Commr.,1,46,0,3,11,0,3,148,73,0,0,0,1,0,0,0,0,0,0,0,0,0,0,0,0
2018,Kerala,32,Kollam,559,Kollam Rural,27,188,74,343,15,0,0,175,46,110,0,0,3,9,32,9,0,0,0,18,130,21,10,0,394
2018,Kerala,32,Kottayam,560,Kottayam,16,277,81,273,15,0,2,202,43,77,0,0,1,9,17,4,0,1,0,4,326,19,19,0,127
2018,Kerala,32,Kozhikode,561,Kozhikode Commissionerate,8,60,22,149,14,0,15,0,0,100,0,0,1,0,30,49,7,2,0,2,108,71,8,0,234
2018,Kerala,32,Kozhikode,561,Kozhikode Commr.,0,22,0,10,12,0,6,157,46,0,0,0,0,21,0,0,0,0,0,0,0,0,0,0,0
2018,Kerala,32,Kozhikode,561,Kozhikode Rural,14,183,50,297,23,0,2,207,49,216,2,0,0,0,26,10,1,1,0,3,152,29,15,0,114
2018,Kerala,32,Malappuram,562,Malappuram,22,382,108,553,30,0,11,536,84,354,3,0,0,46,86,17,0,2,0,11,228,85,20,0,194
2018,Kerala,32,Palakkad,563,Palakkad,22,296,100,239,24,1,38,243,53,124,1,0,5,0,47,6,0,2,0,2,120,103,19,0,261
2018,Kerala,32,Pathanamthitta,564,Pathanamthitta,16,186,62,196,3,0,7,207,48,52,0,0,0,0,37,10,0,2,0,6,168,28,16,0,71
2018,Kerala,32,Thiruvananthapuram,565,Crime Branch,2,21,3,8,0,0,5,17,6,0,1,0,3,0,0,55,0,12,6,26,150,1,27,0,9
2018,Kerala,32,Thiruvananthapuram,565,Railways,0,0,0,44,0,0,3,9,1,0,0,1,0,0,0,0,0,0,0,0,2,12,1,0,2
2018,Kerala,32,Thiruvananthapuram,565,Trivandrum Commissionerate,16,146,37,206,4,0,3,0,0,69,2,0,1,0,16,54,5,4,2,11,180,68,15,0,96
2018,Kerala,32,Thiruvananthapuram,565,Trivandrum Commr.,1,37,0,3,3,0,3,144,67,0,0,0,0,1,0,0,0,0,0,0,0,0,0,0,0
2018,Kerala,32,Thiruvananthapuram,565,Trivandrum Rural,22,342,103,542,21,1,4,363,145,141,2,1,6,9,37,21,0,3,2,11,257,75,18,1,611
2018,Kerala,32,Thrissur,566,Thrissur Commissionerate,11,163,71,175,5,0,0,0,0,107,1,0,1,0,49,5,0,0,0,1,721,45,1,3,122
2018,Kerala,32,Thrissur,566,Thrissur Commr.,1,69,0,4,6,0,0,207,81,0,0,0,0,30,0,0,0,0,0,0,0,0,0,0,0
2018,Kerala,32,Thrissur,566,Thrissur Rural,17,138,37,275,6,0,0,221,30,93,0,1,3,22,41,8,0,0,1,6,205,32,12,0,3
2018,Kerala,32,Wayanad,567,Wayanadu,12,174,60,181,11,1,14,160,14,45,2,0,5,2,20,3,0,0,0,0,97,14,8,0,73
2018,Ladakh,37,Kargil,6,Kargil,0,0,0,0,0,0,0,0,0,0,0,0,0,0,0,1,0,0,0,1,2,0,0,0,10
2018,Ladakh,37,Leh Ladakh,9,Leh,3,4,0,0,0,0,0,0,0,0,0,0,0,0,0,0,0,0,0,0,1,5,0,0,1
2018,Lakshadweep,31,Lakshadweep District,553,Lakshadweep,2,5,0,1,0,0,0,8,7,1,0,0,0,0,0,6,2,1,0,2,1,0,0,0,10
2018,Madhya Pradesh,23,Agar Malwa,667,Agar,1,26,0,17,19,0,0,176,0,0,0,0,0,49,0,0,0,0,0,0,0,0,0,0,0
2018,Madhya Pradesh,23,Agar-Malwa,667,Agar,7,61,26,69,10,0,0,0,0,34,3,0,3,0,24,0,0,0,0,0,5,2,1,0,4
2018,Madhya Pradesh,23,Alirajpur,639,Alirajpur,42,186,31,75,81,0,2,148,0,10,0,0,8,19,143,4,0,0,0,0,15,15,4,0,20
2018,Madhya Pradesh,23,Anuppur,390,Anuppur,34,150,50,119,187,0,0,234,0,74,8,0,5,12,48,35,10,0,5,0,19,5,8,0,43
2018,Madhya Pradesh,23,Ashoknagar,391,Ashok Nagar,24,174,74,220,121,0,0,222,0,41,10,0,7,13,205,0,0,0,0,0,22,15,0,0,30
2018,Madhya Pradesh,23,Balaghat,392,Balaghat,38,229,54,201,274,0,0,336,0,78,12,0,12,47,43,0,0,0,0,0,16,10,1,0,23
2018,Madhya Pradesh,23,Barwani,393,Barwani,45,168,52,100,65,0,0,149,0,17,1,0,12,19,91,22,3,0,1,0,2,5,13,0,52
2018,Madhya Pradesh,23,Betul,394,Betul,47,365,0,125,233,0,3,344,105,68,16,0,15,0,54,2,0,0,0,0,21,8,4,0,0
2018,Madhya Pradesh,23,Bhind,395,Bhind,28,116,30,146,73,0,1,33,0,116,24,0,0,0,0,0,0,0,0,0,40,38,4,0,92
2018,Madhya Pradesh,23,Bhopal,396,Bhopal,76,894,170,855,803,2,6,1477,370,309,57,0,14,30,737,31,2,0,7,1,126,127,57,19,2070
2018,Madhya Pradesh,23,Bhopal,396,Bhopal Railway,3,23,5,43,16,0,2,29,9,1,0,0,2,0,0,0,0,0,0,0,2,43,0,0,29
2018,Madhya Pradesh,23,Bhopal,396,Cyber Crime Cell,0,0,0,0,0,0,0,0,0,0,0,0,0,0,0,0,0,0,0,0,0,0,0,0,0
2018,Madhya Pradesh,23,Burhanpur,397,Burhanpur,21,90,33,87,50,0,0,139,0,13,8,0,4,0,0,4,0,0,0,3,8,2,1,0,559
2018,Madhya Pradesh,23,Chhatarpur,398,Chhatarpur,43,227,36,333,370,0,0,557,134,34,19,0,18,35,191,11,2,0,1,9,35,27,1,0,29
2018,Madhya Pradesh,23,Chhindwara,399,Chhindwara,75,398,76,303,509,0,15,590,0,41,22,0,19,137,20,0,0,0,0,0,58,36,0,0,299
2018,Madhya Pradesh,23,Cyber Crime,9999,Cyber Crime Cell,0,0,0,0,0,0,0,0,0,0,0,0,0,0,0,0,0,0,0,0,0,0,0,0,0
2018,Madhya Pradesh,23,Cyber Crime Cell,9999,Cyber Crime Cell,0,0,0,0,0,0,0,0,0,0,0,0,0,0,0,315,0,90,0,94,0,0,0,0,0
2018,Madhya Pradesh,23,Damoh,400,Damoh,39,69,13,153,246,0,0,198,0,45,20,0,12,0,236,4,1,0,0,0,1,6,0,0,19
2018,Madhya Pradesh,23,Datia,401,Datia,30,71,12,90,85,0,0,128,31,27,7,0,8,6,0,11,3,0,1,2,12,14,0,0,36
2018,Madhya Pradesh,23,Dewas,402,Dewas,34,352,109,356,245,0,4,381,0,271,16,0,14,45,442,0,0,0,0,0,0,37,0,0,87
2018,Madhya Pradesh,23,Dhar,403,Dhar,64,772,188,345,384,2,1,1009,269,72,4,0,20,63,285,78,1,0,3,0,1,53,8,1,90
2018,Madhya Pradesh,23,Dindori,404,Dindori,21,88,22,67,165,0,0,157,28,84,3,1,3,2,26,3,0,1,0,0,18,1,0,0,48
2018,Madhya Pradesh,23,Guna,406,Guna,33,277,55,281,160,5,0,375,132,94,8,1,13,9,58,0,0,0,0,0,4,46,38,0,391
2018,Madhya Pradesh,23,Gwalior,407,Gwalior,84,522,89,487,481,2,0,917,203,250,31,0,20,13,211,53,0,2,0,48,0,144,1,1,36
2018,Madhya Pradesh,23,Harda,408,Harda,14,184,64,122,80,1,0,149,0,45,2,0,6,6,2,1,0,0,0,2,20,7,0,0,10
2018,Madhya Pradesh,23,Indore,410,Cyber Crime Cell,0,0,0,0,0,0,0,0,0,0,0,0,0,0,0,0,0,0,0,32,0,0,0,0,0
2018,Madhya Pradesh,23,Indore,410,Indore,89,570,6,439,999,1,7,1171,447,398,23,4,38,79,474,80,17,1,12,9,149,96,9,7,147
2018,Madhya Pradesh,23,Indore,410,Indore Railway,2,1,1,6,2,0,0,5,3,0,1,0,0,0,0,0,0,0,0,0,0,4,0,0,20
2018,Madhya Pradesh,23,Indore,410,Khandwa,3,65,0,74,123,0,2,282,3,0,0,0,0,1,0,0,0,0,0,0,0,0,0,0,0
2018,Madhya Pradesh,23,Jabalpur,411,Jabalpur,73,441,115,505,764,0,5,667,0,412,22,0,29,0,751,1,0,0,0,0,66,118,17,0,66
2018,Madhya Pradesh,23,Jabalpur,411,Jabalpur Railway,1,16,7,15,9,0,0,23,0,0,0,0,2,0,0,0,0,0,0,0,1,33,0,0,44
2018,Madhya Pradesh,23,Jhabua,412,Jhabua,31,222,32,136,398,0,0,394,57,23,0,0,19,13,245,2,0,0,0,2,1,39,1,0,9
2018,Madhya Pradesh,23,Katni,413,Katni,41,196,57,176,249,0,0,316,0,28,10,0,15,19,0,0,0,0,0,0,32,13,0,0,177
2018,Madhya Pradesh,23,Khandwa (East Nimar),405,Khandwa,23,272,65,212,2,0,2,0,0,43,5,0,8,0,0,0,0,0,0,0,0,14,0,0,1333
2018,Madhya Pradesh,23,Khargone,414,Khargone,2,168,0,92,110,0,1,473,0,0,0,0,0,38,0,0,0,0,0,0,0,0,0,0,0
2018,Madhya Pradesh,23,Khargone (West Nimar),414,Khargone,45,285,168,250,48,0,2,0,0,60,2,0,6,0,127,17,1,0,2,1,14,14,12,0,27
2018,Madhya Pradesh,23,Mandla,415,Mandla,32,106,26,71,239,0,9,261,0,21,6,0,18,3,49,0,0,0,0,0,14,3,0,0,3
2018,Madhya Pradesh,23,Mandsaur,416,Mandsaur,22,180,56,217,112,0,1,178,0,16,2,0,8,0,34,24,1,2,6,0,25,18,8,0,32
2018,Madhya Pradesh,23,Morena,417,Morena,48,190,49,256,149,2,0,345,0,114,21,0,18,28,119,12,0,0,2,0,75,56,20,0,17
2018,Madhya Pradesh,23,Narmadapuram,409,Hoshangabad,51,258,66,285,276,0,5,373,0,134,8,0,4,49,248,4,0,1,0,3,33,13,11,0,17
2018,Madhya Pradesh,23,Narsimhapur,418,Narsinghpur,34,190,48,211,69,0,0,0,1,72,14,0,15,0,268,15,0,0,0,20,11,9,0,0,24
2018,Madhya Pradesh,23,Narsinghpur,418,Narsinghpur,3,48,0,61,97,0,0,378,122,0,0,0,2,38,0,0,0,0,0,0,0,0,0,0,0
2018,Madhya Pradesh,23,Neemuch,419,Neemuch,8,66,21,76,46,0,0,72,0,13,3,0,5,3,22,11,1,0,1,0,21,10,1,0,11
2018,Madhya Pradesh,23,Panna,420,Panna,20,70,17,122,106,0,0,166,1,23,16,0,14,0,50,0,0,0,0,0,0,7,0,0,50
2018,Madhya Pradesh,23,Raisen,421,Raisen,40,333,53,254,134,0,0,225,49,35,8,0,14,21,0,0,0,0,0,0,35,12,0,0,972
2018,Madhya Pradesh,23,Rajgarh,422,Rajgarh,15,136,14,215,171,0,2,178,17,47,9,0,12,0,287,3,0,0,0,3,19,16,1,0,1631
2018,Madhya Pradesh,23,Ratlam,423,Ratlam,32,369,116,269,290,0,0,464,0,113,2,0,15,1,104,16,1,3,3,1,40,30,0,2,63
2018,Madhya Pradesh,23,Rewa,424,Rewa,60,338,102,238,547,12,0,523,4,66,33,0,17,15,198,0,0,0,0,0,28,64,11,0,2210
2018,Madhya Pradesh,23,Sagar,425,Sagar,100,574,107,458,327,0,0,746,125,133,33,0,27,49,171,66,1,1,12,0,66,24,2,0,103
2018,Madhya Pradesh,23,Satna,426,Satna,77,466,88,209,277,4,0,477,0,58,29,0,15,16,117,0,0,0,0,0,0,26,0,0,0
2018,Madhya Pradesh,23,Sehore,427,Sehore,35,328,84,269,109,1,2,253,0,130,6,0,7,0,82,0,0,0,0,0,31,14,0,0,124
2018,Madhya Pradesh,23,Seoni,428,Seoni,48,194,25,136,176,0,0,234,0,93,8,0,7,0,345,9,0,0,3,3,11,8,0,0,1002
2018,Madhya Pradesh,23,Shahdol,429,Shahdol,39,253,60,155,289,0,7,374,8,100,8,0,2,34,31,22,3,1,2,0,30,13,11,2,191
2018,Madhya Pradesh,23,Shajapur,430,Shajapur,11,207,52,182,63,0,3,291,104,43,5,0,4,34,190,18,1,0,0,0,11,7,5,1,18
2018,Madhya Pradesh,23,Sheopur,431,Sheopur,6,67,10,53,33,0,0,95,22,15,3,0,3,17,56,3,0,0,0,2,10,6,3,0,74
2018,Madhya Pradesh,23,Shivpuri,432,Shivpuri,35,210,42,228,234,2,2,287,0,32,9,0,7,39,44,0,0,0,0,0,35,18,0,3,466
2018,Madhya Pradesh,23,Sidhi,433,Sidhi,28,62,2,66,294,2,4,224,44,37,15,0,19,0,107,6,0,0,3,0,9,18,3,0,18
2018,Madhya Pradesh,23,Singrauli,638,Singrauli,45,153,42,63,135,0,2,226,0,52,12,0,24,28,77,21,3,0,0,1,12,19,8,0,27
2018,Madhya Pradesh,23,Tikamgarh,434,Tikamgarh,32,307,93,222,179,0,2,328,0,36,11,0,12,0,73,62,5,0,2,0,48,19,0,0,200
2018,Madhya Pradesh,23,Ujjain,435,Ujjain,54,234,38,507,383,0,2,570,0,238,11,0,8,49,162,59,5,0,1,0,79,52,1,3,3222
2018,Madhya Pradesh,23,Umaria,436,Umaria,21,70,16,61,113,0,0,189,0,12,5,0,4,10,70,1,0,0,0,0,16,1,0,0,10
2018,Madhya Pradesh,23,Vidisha,437,Vidisha,46,215,0,188,329,0,7,456,163,113,13,0,17,44,226,0,0,0,0,0,13,12,3,2,15
2018,Maharashtra,27,Ahmednagar,466,Ahmednagar,79,302,0,484,508,2,0,485,234,252,18,2,47,3,70,36,12,6,1,0,275,461,0,5,607
2018,Maharashtra,27,Akola,467,Akola,37,138,0,204,202,0,0,281,123,273,6,0,21,19,19,46,10,0,6,0,91,53,6,0,154
2018,Maharashtra,27,Amravati,468,Amravati Commissionerate,26,131,0,245,3,0,0,0,0,183,2,1,5,0,110,105,21,11,16,3,93,81,27,0,234
2018,Maharashtra,27,Amravati,468,Amravati Commr.,2,0,0,0,97,0,0,273,121,0,0,0,0,24,0,0,0,0,0,0,0,0,0,0,0
2018,Maharashtra,27,Amravati,468,Amravati Rural,58,146,0,184,230,0,3,367,173,154,4,0,26,37,0,73,29,12,0,6,92,56,4,0,117
2018,Maharashtra,27,Aurangabad,469,Aurangabad Commr.,2,0,0,0,177,0,0,310,110,0,0,0,4,2,0,0,0,0,0,0,0,0,0,0,0
2018,Maharashtra,27,Aurangabad,469,Aurangabad Railway,0,0,0,0,12,0,0,24,2,0,0,0,0,1,0,0,0,0,0,0,0,0,0,0,0
2018,Maharashtra,27,Aurangabad,469,Aurangabad Rural,3,0,0,0,75,0,0,144,51,0,0,0,2,2,0,0,0,0,0,0,0,0,0,0,0
2018,Maharashtra,27,Beed,470,Beed,58,131,0,255,103,8,14,240,100,295,14,0,35,11,142,66,8,1,5,0,43,79,13,4,308
2018,Maharashtra,27,Bhandara,471,Bhandara,15,79,0,116,196,0,0,183,51,50,4,0,12,2,38,97,24,2,7,3,46,16,0,2,71
2018,Maharashtra,27,Buldhana,472,Buldhana,52,112,0,286,150,0,0,300,164,164,9,0,32,8,158,42,12,0,3,1,131,67,6,0,32
2018,Maharashtra,27,Chandrapur,473,Chandrapur,35,195,0,205,272,0,2,347,138,114,6,0,16,1,97,158,44,10,1,11,122,34,0,0,111
2018,Maharashtra,27,Chhatrapati Sambhajinagar,469,Aurangabad Commissionerate,36,122,0,286,112,0,0,0,0,226,1,0,16,0,166,148,44,4,12,8,136,144,8,5,104
2018,Maharashtra,27,Chhatrapati Sambhajinagar,469,Aurangabad Railway,1,1,0,26,6,0,0,0,0,0,0,0,0,0,42,0,0,0,0,0,0,101,0,0,20
2018,Maharashtra,27,Chhatrapati Sambhajinagar,469,Aurangabad Rural,39,84,0,115,11,2,0,0,0,194,6,0,40,0,87,33,8,0,2,1,47,31,2,1,114
2018,Maharashtra,27,Dharashiv,488,Osmanabad,41,93,0,140,38,0,0,0,0,71,5,0,15,0,198,30,8,2,3,0,64,39,0,0,125
2018,Maharashtra,27,Dhule,474,Dhule,27,72,0,91,106,0,0,133,27,220,5,0,10,0,28,27,8,0,3,0,89,125,0,0,145
2018,Maharashtra,27,Gadchiroli,475,Gadchiroli,40,63,0,46,85,0,0,92,39,13,3,0,4,2,14,34,14,0,0,0,39,5,0,0,29
2018,Maharashtra,27,Gondia,476,Gondia,26,82,1,131,160,0,0,186,85,44,9,0,7,6,103,42,7,0,7,0,57,37,0,0,41
2018,Maharashtra,27,Hingoli,477,Hingoli,28,42,0,79,51,0,0,86,40,88,4,1,18,2,83,10,0,0,2,0,2,29,0,0,17
2018,Maharashtra,27,Jalgaon,478,Jalgaon,69,193,0,241,200,1,2,305,123,214,1,0,27,2,54,21,5,4,1,2,148,186,2,4,416
2018,Maharashtra,27,Jalna,479,Jalna,48,83,0,215,57,0,0,64,28,275,8,0,6,0,40,45,21,0,1,0,122,84,13,0,611
2018,Maharashtra,27,Kolhapur,480,Kolhapur,61,178,0,192,317,3,31,337,141,98,6,0,17,1,154,49,14,2,4,2,214,224,12,9,376
2018,Maharashtra,27,Latur,481,Latur,37,82,0,150,252,0,0,213,60,157,4,0,15,0,102,36,9,3,2,2,95,86,0,7,18
2018,Maharashtra,27,Mumbai,482,Mumbai Commissionerate,164,1208,1,2570,1349,2,77,0,0,521,15,0,41,0,1193,2917,917,16,179,7,3586,1086,416,65,5701
2018,Maharashtra,27,Mumbai,482,Mumbai Commr.,10,0,0,0,1955,0,12,3511,1144,0,0,0,2,66,0,0,0,0,0,0,0,0,0,0,0
2018,Maharashtra,27,Mumbai,482,Mumbai Railway,10,13,0,150,27,0,0,757,29,0,0,0,2,1,275,30,2,0,0,0,119,1002,7,0,57
2018,Maharashtra,27,Mumbai Suburban,483,Navi Mumbai,55,213,1,199,625,1,6,557,160,150,1,0,18,4,138,144,39,1,12,1,513,308,11,17,185
2018,Maharashtra,27,Nagpur,484,Nagpur Commissionerate,72,239,0,283,330,0,44,0,1,129,11,0,17,0,381,202,72,4,7,6,502,266,17,18,395
2018,Maharashtra,27,Nagpur,484,Nagpur Commr.,4,0,0,0,436,0,0,702,195,0,0,0,1,13,0,0,0,0,0,0,0,0,0,0,0
2018,Maharashtra,27,Nagpur,484,Nagpur Railway,0,2,0,15,9,0,0,16,3,0,0,0,0,0,20,0,0,0,0,0,2,33,0,0,2
2018,Maharashtra,27,Nagpur,484,Nagpur Rural,38,168,0,182,143,0,3,344,133,31,4,0,19,7,114,52,19,0,4,10,115,63,0,1,50
2018,Maharashtra,27,Nanded,485,Nanded,64,107,0,153,208,0,2,274,100,243,2,0,31,18,68,30,5,2,0,1,106,99,4,1,31
2018,Maharashtra,27,Nandurbar,486,Nandurbar,30,53,0,48,97,0,0,96,35,53,0,0,10,0,62,24,4,0,2,0,40,48,9,0,18
2018,Maharashtra,27,Nashik,487,Nasik Commissionerate,35,78,0,131,186,5,0,0,0,186,3,0,19,0,236,70,20,8,8,2,56,220,62,9,57
2018,Maharashtra,27,Nashik,487,Nasik Commr.,0,0,0,0,250,0,0,440,87,0,0,0,2,0,0,0,0,0,0,0,0,0,0,0,0
2018,Maharashtra,27,Nashik,487,Nasik Rural,90,159,0,228,295,4,0,374,125,230,9,0,30,0,138,60,14,5,3,2,200,143,32,0,194
2018,Maharashtra,27,Osmanabad,488,Osmanabad,5,0,0,0,68,0,0,166,81,0,0,0,4,0,0,0,0,0,0,0,0,0,0,0,0
2018,Maharashtra,27,Palghar,665,Palghar,76,325,0,252,814,7,24,822,228,64,4,0,25,19,200,107,26,5,5,8,432,346,44,5,92
2018,Maharashtra,27,Parbhani,489,Parbhani,42,79,0,142,114,0,0,153,59,227,9,0,19,13,145,18,1,0,2,0,14,41,0,0,47
2018,Maharashtra,27,Pune,490,Pimpri Chinchwad City,79,243,0,318,575,0,9,544,93,140,3,0,20,17,334,125,45,6,7,2,206,328,11,0,220
2018,Maharashtra,27,Pune,490,Pune Commissionerate,81,338,0,450,315,2,72,0,0,268,6,0,30,0,618,283,104,18,19,0,572,363,30,14,300
2018,Maharashtra,27,Pune,490,Pune Commr.,5,0,0,0,587,0,4,877,246,0,0,0,3,8,0,0,0,0,0,0,0,0,0,0,0
2018,Maharashtra,27,Pune,490,Pune Railway,2,2,0,1,12,0,0,20,2,0,0,0,0,0,2,0,0,0,0,0,6,20,0,0,2
2018,Maharashtra,27,Pune,490,Pune Rural,123,273,0,523,701,3,0,735,240,214,9,0,47,24,210,118,42,7,5,0,279,380,2,16,161
2018,Maharashtra,27,Raigad,491,Raigad,46,101,0,118,159,1,0,153,54,28,2,0,11,0,79,103,35,3,4,0,177,48,0,2,101
2018,Maharashtra,27,Ratnagiri,492,Ratnagiri,24,74,0,100,141,0,0,142,54,10,0,0,5,0,76,93,34,2,9,0,82,24,8,0,52
2018,Maharashtra,27,Sangli,493,Sangli,81,215,0,217,369,2,17,413,151,78,15,0,33,10,263,72,18,2,7,2,162,189,38,8,152
2018,Maharashtra,27,Satara,494,Satara,60,207,1,298,424,2,20,479,203,112,2,0,35,3,272,113,23,1,12,0,215,155,7,1,128
2018,Maharashtra,27,Sindhudurg,495,Sindhudurg,9,17,0,59,36,0,4,42,19,4,0,0,4,0,19,52,24,1,0,1,50,13,0,0,26
2018,Maharashtra,27,Solapur,496,Solapur Commissionerate,10,74,0,103,8,1,7,0,0,95,1,0,5,0,90,48,16,0,2,0,153,48,0,1,234
2018,Maharashtra,27,Solapur,496,Solapur Commr.,0,0,0,0,104,1,1,187,81,0,0,0,0,0,0,0,0,0,0,0,0,0,0,0,0
2018,Maharashtra,27,Solapur,496,Solapur Rural,83,226,0,371,260,1,0,335,168,116,5,0,41,0,87,46,7,0,9,0,119,110,35,0,186
2018,Maharashtra,27,Thane,497,Thane Commissionerate,108,464,0,518,515,3,78,0,1,317,6,0,25,0,596,357,54,63,8,20,854,639,54,11,319
2018,Maharashtra,27,Thane,497,Thane Commr.,11,0,0,0,877,0,4,1313,350,0,0,0,0,1,0,0,0,0,0,0,0,0,0,1,0
2018,Maharashtra,27,Thane,497,Thane Rural,39,175,0,220,276,2,44,398,115,128,3,0,23,0,98,123,24,4,13,0,215,155,32,0,103
2018,Maharashtra,27,Wardha,498,Wardha,38,75,0,155,218,0,0,228,75,36,2,0,14,0,114,108,38,1,11,7,31,33,14,0,71
2018,Maharashtra,27,Washim,499,Washim,23,49,0,120,59,0,0,105,38,118,4,0,9,0,6,24,1,0,5,0,49,24,6,1,19
2018,Maharashtra,27,Yavatmal,500,Yavatmal,58,214,0,294,232,0,0,339,160,288,5,1,6,1,117,80,32,1,3,6,107,67,18,1,65
2018,Manipur,14,Bishnupur,252,Bishnupur,3,26,0,3,21,1,0,23,8,0,0,0,0,0,0,0,0,0,0,0,9,0,0,0,13
2018,Manipur,14,Chandel,253,Chandel,4,5,0,1,0,0,2,3,3,0,0,0,0,0,0,0,0,0,0,0,1,1,2,0,9
2018,Manipur,14,Churachandpur,254,Churachandpur,5,5,0,2,2,2,0,6,1,0,0,0,0,0,2,2,0,0,1,0,2,0,0,0,37
2018,Manipur,14,Imphal East,255,Imphal East,4,26,10,13,8,0,3,18,5,1,0,0,0,0,0,1,0,0,0,2,14,0,3,0,26
2018,Manipur,14,Imphal West,256,Cid,0,0,0,7,0,0,0,0,0,0,0,0,0,0,0,52,14,0,3,0,28,0,2,0,32
2018,Manipur,14,Imphal West,256,Imphal West,13,58,3,33,35,1,3,48,12,9,0,0,3,0,10,2,0,0,0,0,30,2,10,0,76
2018,Manipur,14,Senapati,257,Senapati,3,2,1,0,0,1,0,0,0,0,0,0,0,0,0,0,0,0,0,0,4,1,0,0,24
2018,Manipur,14,Tamenglong,258,Tamenglong,7,1,0,0,0,2,0,1,1,0,0,0,0,0,0,0,0,0,0,0,2,2,0,0,19
2018,Manipur,14,Thoubal,259,Thoubal,9,37,8,7,16,0,0,26,10,3,0,0,0,0,2,0,0,0,0,0,12,0,3,0,45
2018,Manipur,14,Ukhrul,260,Ukhrul,4,3,0,0,1,0,0,3,3,1,0,0,0,0,0,0,0,0,0,0,0,0,0,0,9
2018,Meghalaya,17,East Garo Hills,273,East Garo Hills,7,4,0,5,0,0,0,0,0,0,0,0,0,0,0,6,0,0,0,0,8,2,3,0,25
2018,Meghalaya,17,East Garo Hills,273,Garo Hills East,0,0,0,0,3,0,0,7,4,0,0,0,0,0,0,0,0,0,0,0,0,0,0,0,0
2018,Meghalaya,17,East Jaintia Hills,657,East Jaintia Hills,10,25,0,4,10,0,0,0,0,0,0,0,0,0,0,0,0,0,0,0,11,6,0,0,7
2018,Meghalaya,17,East Jaintia Hills,657,Jaintia Hills East,0,0,0,0,0,0,0,25,24,0,0,0,0,0,0,0,0,0,0,0,0,0,0,0,0
2018,Meghalaya,17,East Khasi Hills,274,Cyber Cell,0,0,0,0,0,0,0,1,0,0,0,0,0,0,0,27,0,0,11,0,0,0,0,0,11
2018,Meghalaya,17,East Khasi Hills,274,East Khasi Hills,24,87,4,39,1,1,0,0,0,6,1,0,0,0,11,37,0,22,0,2,121,30,14,2,34
2018,Meghalaya,17,East Khasi Hills,274,Khasi Hills East,0,0,0,0,30,0,0,140,105,0,0,0,0,0,0,0,0,0,0,0,0,0,0,0,0
2018,Meghalaya,17,North Garo Hills,656,Garo Hills North,2,9,0,9,9,2,0,22,16,1,0,0,0,0,0,1,0,1,0,0,0,0,5,0,16
2018,Meghalaya,17,Ri Bhoi,276,Ri-Bhoi,9,80,26,18,16,0,3,47,10,0,0,0,0,0,16,8,0,4,0,2,20,17,3,0,17
2018,Meghalaya,17,South Garo Hills,277,Garo Hills South,0,0,0,0,0,0,0,6,6,0,0,0,0,0,0,0,0,0,0,0,0,0,0,0,0
2018,Meghalaya,17,South Garo Hills,277,South Garo Hills,3,9,0,0,1,2,0,0,1,2,0,0,0,0,0,0,0,0,0,0,8,3,0,0,5
2018,Meghalaya,17,South West Garo Hills,663,Garo Hills South West,0,0,0,0,0,0,0,0,0,0,0,0,0,0,0,0,0,0,0,0,0,0,0,0,0
2018,Meghalaya,17,South West Garo Hills,663,South West Garo Hills,7,6,0,15,0,0,0,0,0,0,0,0,0,0,8,0,0,0,0,0,0,4,0,0,19
2018,Meghalaya,17,South West Khasi Hills,658,Khasi Hills South West,0,0,0,0,0,0,0,15,14,0,0,0,0,0,0,0,0,0,0,0,0,0,0,0,0
2018,Meghalaya,17,South West Khasi Hills,658,South West Khasi Hills,5,11,1,2,0,0,0,0,0,0,0,0,0,0,3,1,0,1,0,0,0,3,2,0,4
2018,Meghalaya,17,West Garo Hills,278,Garo Hills West,0,1,0,0,1,0,0,31,11,0,0,0,0,2,0,0,0,0,0,0,0,0,0,0,0
2018,Meghalaya,17,West Garo Hills,278,West Garo Hills,10,20,6,11,0,1,0,0,0,5,0,0,0,0,14,0,0,0,0,0,14,6,0,0,17
2018,Meghalaya,17,West Jaintia Hills,275,Jaintia Hills West,1,0,0,2,4,0,0,56,44,0,0,0,0,0,0,0,0,0,0,0,0,0,0,0,0
2018,Meghalaya,17,West Jaintia Hills,275,West Jaintia Hills,15,55,3,14,2,0,0,0,0,2,0,0,0,0,5,3,0,0,0,1,2,9,2,0,7
2018,Meghalaya,17,West Khasi Hills,279,Khasi Hills West,0,0,0,0,0,0,0,35,35,0,0,0,0,0,0,0,0,0,0,0,0,0,0,0,0
2018,Meghalaya,17,West Khasi Hills,279,West Khasi Hills,7,43,1,3,2,0,0,0,0,2,0,0,0,0,1,2,0,0,0,0,11,3,0,0,16
2018,Mizoram,15,Aizawl,261,Aizawl,7,65,13,33,0,0,2,86,66,4,0,0,0,1,18,6,0,2,0,1,25,4,9,0,8
2018,Mizoram,15,Aizawl,261,Spl Narcotic,0,0,0,0,0,0,0,0,0,0,0,0,0,0,0,0,0,0,0,0,0,0,0,0,0
2018,Mizoram,15,Champhai,262,Champhai,6,28,4,7,1,0,0,27,16,1,0,0,0,1,4,0,0,0,0,0,1,0,0,0,0
2018,Mizoram,15,Kolasib,263,Kolasib,2,27,3,9,1,0,0,33,18,1,0,0,0,8,0,0,0,0,0,0,0,2,0,0,4
2018,Mizoram,15,Lawngtlai,264,Lawngtlai,4,0,0,0,0,0,0,0,0,0,0,0,0,0,0,0,0,0,0,0,0,0,3,0,0
2018,Mizoram,15,Lunglei,265,Lunglei,1,6,0,9,0,0,0,10,7,1,0,0,0,1,0,0,0,0,0,0,4,0,0,0,11
2018,Mizoram,15,Mamit,266,Mamit,5,14,1,4,0,0,0,21,16,0,0,0,0,0,0,0,0,0,0,0,1,0,1,0,1
2018,Mizoram,15,Saiha,267,Saiha,0,0,0,0,0,0,0,8,8,0,0,0,0,0,0,0,0,0,0,0,0,0,0,0,0
2018,Mizoram,15,Serchhip,268,Serchhip,1,20,2,4,1,0,0,13,7,0,0,0,0,1,4,0,0,0,0,0,1,0,1,0,0
2018,Mizoram,15,Siaha,267,Saiha,2,7,0,2,0,0,0,0,0,0,0,0,0,0,0,0,0,0,0,0,0,0,0,0,8
2018,Nagaland,24,Ahmadabad,438,Western Railway Ahmedabad,0,0,0,0,0,0,0,0,0,0,0,0,0,0,0,2,0,0,1,0,0,0,0,0,1
2018,Nagaland,13,Dimapur,244,Dimapur,22,4,0,9,70,11,0,51,2,0,0,0,0,2,9,0,0,0,0,0,21,16,10,1,20
2018,Nagaland,13,Kiphire,614,Kiphire,0,2,0,0,1,0,0,1,0,0,0,0,0,0,0,0,0,0,0,0,0,0,1,0,0
2018,Nagaland,13,Kohima,245,Kohima,4,10,3,9,1,0,0,8,0,0,0,0,0,0,0,0,0,0,0,0,10,1,5,0,6
2018,Nagaland,13,Longleng,615,Longleng,0,1,0,0,0,0,0,1,1,0,0,0,0,0,0,0,0,0,0,0,1,0,0,0,0
2018,Nagaland,13,Mokokchung,246,Mokokchung,3,2,0,0,0,2,0,2,2,1,0,0,0,0,0,0,0,0,0,0,3,0,0,0,16
2018,Nagaland,13,Mon,247,Mon,1,4,0,0,1,1,0,4,3,1,0,0,0,0,2,1,0,0,0,1,3,3,1,0,2
2018,Nagaland,13,Peren,613,Peren,3,0,0,0,0,0,0,0,0,0,0,0,0,0,0,0,0,0,0,0,1,0,0,0,7
2018,Nagaland,13,Phek,248,Phek,0,0,0,0,0,0,0,0,0,0,0,0,0,0,0,0,0,0,0,0,0,0,0,0,0
2018,Nagaland,13,Tuensang,249,Tuensang,1,0,0,0,0,2,0,0,0,0,0,0,0,0,0,1,0,0,0,1,1,0,2,0,4
2018,Nagaland,24,Vadodara,461,Western Railway Vadodara,0,0,0,0,0,0,0,0,0,0,0,0,0,0,0,0,0,0,0,0,0,0,0,0,0
2018,Nagaland,13,Wokha,250,Wokha,0,2,0,0,1,0,0,2,0,0,0,0,0,1,0,0,0,0,0,0,0,0,0,0,10
2018,Nagaland,13,Zunheboto,251,Zunheboto,3,1,0,0,0,0,0,1,1,1,0,0,0,0,0,0,0,0,0,0,1,0,1,0,0
2018,Odisha,21,Anugul,344,Angul,52,132,0,471,96,0,4,20,20,114,140,0,0,0,104,0,0,0,0,0,79,175,0,3,301
2018,Odisha,21,Balangir,345,Bolangir,50,78,1,335,107,0,0,175,49,57,11,0,0,0,53,40,20,0,0,0,79,118,0,0,1398
2018,Odisha,21,Baleshwar,346,Balasore,76,222,22,745,491,0,4,455,94,99,40,1,1,0,13,32,11,0,0,8,141,111,0,1,403
2018,Odisha,21,Baleshwar,346,Berhampur,20,38,1,415,150,0,0,122,36,18,2,0,0,0,19,56,24,0,0,16,112,67,0,0,24
2018,Odisha,21,Bargarh,347,Baragarh,51,77,6,365,93,0,0,141,48,35,110,0,0,0,71,56,24,0,0,16,81,59,0,0,87
2018,Odisha,21,Bhadrak,348,Bhadrak,48,163,4,515,282,0,6,172,91,57,316,0,0,0,32,34,10,0,0,28,109,52,0,0,10
2018,Odisha,21,Boudh,349,Boudh,18,54,12,140,44,0,1,30,0,16,4,0,0,0,11,8,4,0,0,0,26,15,0,0,4
2018,Odisha,21,Cuttack,350,Cid Cb,0,0,0,0,0,0,0,0,0,0,0,0,0,0,0,0,0,0,0,0,0,0,0,0,0
2018,Odisha,21,Cuttack,350,Cid Crime Branch,0,1,0,0,0,0,1,0,0,0,0,0,0,0,0,0,0,0,0,0,83,2,0,0,0
2018,Odisha,21,Cuttack,350,Cid Cyber Crime,0,1,0,2,0,0,1,0,0,0,0,0,0,0,0,116,58,0,0,0,58,0,0,0,58
2018,Odisha,21,Cuttack,350,Cuttack,47,97,4,165,269,0,0,193,55,36,166,0,0,0,3,63,26,0,0,22,111,82,0,0,1145
2018,Odisha,21,Cuttack,350,Dcp Ctc,0,0,0,0,167,0,0,228,61,0,0,0,0,0,0,0,0,0,0,0,0,0,0,0,0
2018,Odisha,21,Cuttack,350,Dcp Cuttack,29,92,1,128,126,0,0,0,0,52,190,0,0,0,45,65,24,0,0,34,176,93,0,1,396
2018,Odisha,21,Cuttack,350,Srp(Cuttack),2,2,0,9,13,0,0,8,0,0,1,0,0,0,0,0,0,0,0,0,3,33,0,0,42
2018,Odisha,21,Deogarh,351,Deogarh,13,40,0,113,49,0,3,51,21,14,1,0,0,0,6,17,7,0,0,6,13,18,0,0,7
2018,Odisha,21,Dhenkanal,352,Dhenkanal,45,62,12,471,88,0,0,153,65,41,8,0,0,0,45,35,17,0,0,2,66,69,0,0,17
2018,Odisha,21,Gajapati,353,Gajapati,9,42,0,117,53,0,0,56,23,36,1,0,0,0,13,6,1,0,0,2,21,7,0,0,3
2018,Odisha,21,Ganjam,354,Ganjam,74,128,2,486,279,0,1,233,81,78,13,0,0,0,22,51,18,0,0,30,88,95,0,0,18
2018,Odisha,21,Jagatsinghapur,355,Jagatsinghpur,35,77,9,370,90,0,3,32,31,35,145,2,0,0,18,48,6,4,1,0,83,71,0,1,153
2018,Odisha,21,Jajapur,356,Jajpur,66,160,4,351,331,0,0,281,106,64,223,0,0,0,18,132,48,0,0,32,150,123,0,1,52
2018,Odisha,21,Jharsuguda,357,Jharsuguda,31,58,0,163,91,0,0,97,42,24,3,0,0,0,34,30,9,0,0,24,56,52,0,0,239
2018,Odisha,21,Kalahandi,358,Kalahandi,41,103,2,461,228,0,0,176,56,39,0,1,1,0,30,0,0,0,0,0,110,46,0,2,0
2018,Odisha,21,Kandhamal,359,Kandhamal,27,126,0,175,157,0,10,156,67,55,1,0,0,0,29,34,17,0,0,0,48,27,0,0,17
2018,Odisha,21,Kendrapara,360,Kendrapara,46,94,13,541,250,1,0,202,96,243,0,0,5,0,33,66,14,0,1,0,76,59,0,0,121
2018,Odisha,21,Kendujhar,361,Keonjhar,75,118,5,423,266,0,1,235,84,53,15,0,0,0,47,34,9,0,0,32,75,44,0,0,9
2018,Odisha,21,Khordha,362,Dcp Bbsr,0,0,0,0,279,0,0,375,93,0,0,0,0,0,0,0,0,0,0,0,0,0,0,0,0
2018,Odisha,21,Khordha,362,Dcp Bhubaneswar,43,145,9,299,0,0,0,0,0,120,175,0,0,0,39,154,75,0,0,8,659,221,0,0,75
2018,Odisha,21,Khordha,362,Khurda,32,98,31,171,141,0,2,83,0,37,15,1,0,0,19,16,2,0,0,0,53,87,0,0,599
2018,Odisha,21,Koraput,363,Koraput,34,134,6,265,99,0,0,85,84,77,98,0,0,0,24,40,12,0,8,0,66,115,0,0,20
2018,Odisha,21,Malkangiri,364,Malkangiri,25,63,0,119,68,0,20,108,40,36,3,0,0,0,9,20,7,0,0,12,37,5,0,0,7
2018,Odisha,21,Mayurbhanj,365,Mayurbhanj,81,218,8,390,91,3,0,226,126,73,24,0,0,0,82,30,9,0,5,0,91,50,0,0,340
2018,Odisha,21,Nabarangpur,366,Nabarangpur,37,128,0,208,103,0,2,136,70,81,33,0,2,2,15,14,3,1,0,5,15,30,0,0,38
2018,Odisha,21,Nayagarh,367,Nayagarh,36,80,2,225,209,0,0,165,49,35,129,0,0,0,30,27,11,0,0,10,59,64,0,1,11
2018,Odisha,21,Nuapada,368,Nuapada,10,21,3,218,85,0,13,67,21,29,47,0,0,0,11,19,7,0,0,10,54,19,0,0,7
2018,Odisha,21,Puri,369,Puri,59,120,10,725,15,0,4,102,83,54,23,0,0,0,0,14,1,0,0,24,63,183,0,0,503
2018,Odisha,21,Rayagada,370,Rayagada,26,80,5,148,192,0,5,166,60,66,2,0,0,0,33,28,11,0,0,12,45,24,0,0,11
2018,Odisha,21,Sambalpur,371,Sambalpur,37,90,8,314,152,0,2,155,63,63,12,0,0,0,123,80,32,0,0,32,159,125,0,0,32
2018,Odisha,21,Sonepur,372,Sonepur,9,20,4,121,48,0,0,40,15,11,6,0,0,0,4,10,5,0,0,0,20,38,0,0,5
2018,Odisha,21,Sundargarh,373,Rourkela,46,100,2,201,241,0,3,179,46,58,7,0,0,0,95,47,20,0,0,14,107,133,0,0,20
2018,Odisha,21,Sundargarh,373,Srp(Rourkela),6,0,0,0,2,0,10,5,0,0,0,0,0,0,5,0,0,0,0,0,2,13,1,0,11
2018,Odisha,21,Sundargarh,373,Sundargarh,53,76,2,123,90,0,9,109,36,79,3,0,0,2,35,45,15,0,1,0,44,80,1,0,41
2018,Puducherry,34,Karaikal,598,Karaikal,0,0,0,0,0,0,0,0,0,0,0,0,0,0,0,0,0,0,0,0,0,0,0,0,0
2018,Puducherry,34,Pondicherry,600,Puducherry,29,47,9,69,43,0,0,89,56,8,5,0,1,0,20,14,0,0,0,0,43,62,21,8,258
2018,Punjab,3,Amritsar,27,Amritsar Rural,47,113,21,45,67,1,0,89,0,29,4,1,12,0,56,7,0,1,1,4,81,7,0,0,123
2018,Punjab,3,Amritsar,27,Cp Amritsar,23,113,24,50,95,0,1,123,6,80,6,0,8,1,3,16,1,1,3,0,148,10,3,0,61
2018,Punjab,3,Amritsar,27,Special Task Force,0,0,0,0,0,0,0,0,0,0,0,0,0,0,0,0,0,0,0,0,0,0,0,0,0
2018,Punjab,3,Barnala,605,Barnala,15,75,16,24,42,0,0,47,6,28,0,0,7,0,16,7,0,0,0,5,127,3,0,2,29
2018,Punjab,3,Bathinda,28,Bathinda,43,130,5,57,46,1,0,100,41,75,6,1,11,0,0,21,1,0,2,0,169,6,6,0,274
2018,Punjab,3,Faridkot,29,Faridkot,18,53,4,25,25,0,0,52,10,23,2,0,3,0,0,4,0,0,0,2,89,6,2,2,40
2018,Punjab,3,Fatehgarh Sahib,30,Fatehgarh Sahib,11,24,0,8,29,0,0,16,13,41,0,0,0,0,0,14,0,0,1,4,158,0,0,0,176
2018,Punjab,3,Fazilka,651,Fazilka,33,120,14,21,24,1,0,75,44,18,5,1,6,0,22,8,0,0,1,0,112,1,0,0,44
2018,Punjab,3,Ferozepur,31,Ferozepur,34,107,0,27,42,2,0,46,26,29,1,0,0,0,0,7,0,0,0,0,210,5,0,0,62
2018,Punjab,3,Gurdaspur,32,Batala,21,79,19,49,42,0,0,68,3,32,2,0,6,0,8,9,0,1,1,1,100,4,0,0,42
2018,Punjab,3,Gurdaspur,32,Gurdaspur,20,61,9,15,22,0,0,32,0,50,3,1,6,0,2,10,1,0,0,6,94,1,0,0,4
2018,Punjab,3,Hoshiarpur,33,Hoshiarpur,33,129,3,42,59,0,0,97,34,50,4,0,11,0,0,8,0,0,0,10,175,9,1,1,96
2018,Punjab,3,Jalandhar,34,Cp Jalandhar,20,156,26,73,134,0,0,167,0,78,3,0,2,0,40,34,4,0,5,4,186,19,7,0,112
2018,Punjab,3,Jalandhar,34,Jalandhar Rural,31,115,26,52,43,0,2,87,0,52,2,0,6,5,48,4,0,1,0,1,94,14,0,1,8
2018,Punjab,3,Kapurthala,35,Kapurthala,18,71,11,51,49,0,0,58,4,57,1,0,8,0,0,9,0,1,0,0,71,4,0,0,134
2018,Punjab,3,Ludhiana,36,Cp Ludhiana,59,385,24,118,239,0,2,352,65,167,8,0,13,0,17,45,6,0,9,2,315,23,8,0,635
2018,Punjab,3,Ludhiana,36,Khanna,15,50,7,17,29,0,0,46,4,18,0,0,15,0,0,2,0,0,0,3,121,0,21,0,73
2018,Punjab,3,Ludhiana,36,Ludhiana Rural,15,60,13,29,30,0,1,48,3,20,0,0,1,0,0,8,0,0,0,8,117,6,0,0,29
2018,Punjab,3,Mansa,37,Mansa,22,89,18,23,14,0,0,60,27,30,2,0,7,0,7,2,0,0,0,0,71,3,0,0,68
2018,Punjab,3,Moga,38,Moga,24,86,1,43,39,0,2,64,19,41,0,0,5,0,10,14,0,2,1,0,97,3,0,0,94
2018,Punjab,3,Pathankot,662,Pathankot,6,23,2,5,11,0,0,19,9,21,2,0,0,0,9,10,0,0,0,4,0,5,1,0,23
2018,Punjab,3,Patiala,41,Grp,14,5,1,4,2,0,0,12,2,0,1,0,1,0,2,0,0,0,0,0,2,3,0,0,22
2018,Punjab,3,Patiala,41,Patiala,61,202,34,104,104,0,0,169,12,143,7,0,15,0,38,9,0,2,0,7,429,4,1,0,124
2018,Punjab,3,Rupnagar,42,Ropar,12,70,20,34,13,0,0,44,0,50,0,0,4,0,0,17,1,0,3,0,132,4,4,0,67
2018,Punjab,3,S.A.S Nagar,608,Bureau Of Investigation,1,2,0,0,0,0,0,0,0,0,0,0,0,0,0,0,0,0,0,1,1,0,1,0,0
2018,Punjab,3,S.A.S Nagar,608,Intelligence Wing,0,0,0,0,0,0,0,0,0,0,0,0,0,0,0,2,0,0,0,0,1,0,0,0,2
2018,Punjab,3,S.A.S Nagar,608,Nri Wing,0,0,0,1,0,0,0,0,0,79,0,0,0,0,0,4,0,0,1,2,36,0,9,0,2
2018,Punjab,3,S.A.S Nagar,608,S.A.S Nagar,30,43,0,0,0,0,0,0,0,0,0,0,0,0,0,0,0,0,0,0,190,12,48,0,478
2018,Punjab,3,S.A.S Nagar,608,Sas Nagar,3,117,0,35,115,0,0,125,35,89,2,0,14,0,0,0,0,0,0,1,0,0,0,0,0
2018,Punjab,3,Sangrur,43,Sangrur,36,166,24,75,53,0,0,98,0,76,5,0,0,0,0,19,1,0,0,0,170,9,0,0,210
2018,Punjab,3,Sas Nagar,608,Bureau Of Investigation,0,0,0,0,0,0,0,0,0,0,0,0,0,0,0,8,2,1,0,3,1,0,0,0,2
2018,Punjab,3,Sas Nagar,608,Sas Nagar,0,0,0,0,0,0,0,0,0,0,0,0,0,0,0,14,0,0,0,5,0,0,0,0,0
2018,Punjab,3,Shahid Bhagat Singh Nagar,40,Sbs Nagar,10,72,19,18,20,0,0,55,0,32,0,0,4,1,0,7,1,0,1,6,1,7,2,0,11
2018,Punjab,3,Sri Muktsar Sahib,39,Muktsar,38,96,4,40,41,1,0,92,49,15,5,0,2,0,10,15,1,0,1,2,1,2,3,0,122
2018,Punjab,3,Tarn Taran,609,Tarn Taran,25,94,14,51,49,0,2,67,0,48,1,0,9,0,0,4,1,0,0,0,155,8,0,0,223
2018,Rajasthan,8,Ajmer,86,Ajmer,61,340,65,307,290,2,0,248,14,704,15,0,5,0,78,52,10,0,2,4,1011,40,144,1,249
2018,Rajasthan,8,Ajmer,86,Grp Ajmer,5,7,1,17,10,0,2,14,0,0,1,0,1,0,25,2,1,0,0,0,10,5,0,0,10
2018,Rajasthan,8,Alwar,87,Alwar,110,715,183,277,255,1,5,254,172,763,54,0,4,0,0,57,19,0,0,0,1057,86,449,3,351
2018,Rajasthan,8,Banswara,88,Banswara,43,180,20,84,134,0,0,96,2,114,6,0,2,0,41,17,0,0,0,0,84,38,1,17,119
2018,Rajasthan,8,Baran,89,Baran,30,212,48,281,245,1,0,205,0,341,5,0,4,0,11,2,0,0,0,0,0,15,2,0,87
2018,Rajasthan,8,Barmer,90,Barmer,31,225,46,242,56,0,0,123,2,181,27,0,2,0,103,14,5,0,1,2,167,15,145,0,8
2018,Rajasthan,8,Bharatpur,91,Bharatpur,90,407,121,100,237,6,4,198,112,554,22,0,5,0,58,15,0,2,0,14,668,55,0,0,3556
2018,Rajasthan,8,Bhilwara,92,Bhilwara,41,364,2,276,254,0,0,147,77,514,10,0,8,0,79,15,0,2,0,0,697,62,19,0,237
2018,Rajasthan,8,Bikaner,93,Bikaner,41,282,50,109,74,1,0,112,38,353,14,0,8,0,0,15,0,0,0,0,253,10,252,1,1197
2018,Rajasthan,8,Bundi,94,Bundi,20,150,15,199,139,0,0,53,13,271,2,0,0,0,0,14,7,0,0,0,0,7,11,2,375
2018,Rajasthan,8,Chittorgarh,95,Chittorgarh,33,196,32,180,163,1,0,130,1,388,3,1,10,0,87,2,0,0,0,0,283,44,28,1,511
2018,Rajasthan,8,Churu,96,Churu,37,282,42,50,59,1,2,96,40,417,12,0,4,4,10,12,0,0,0,0,0,17,407,1,979
2018,Rajasthan,8,Dausa,97,Dausa,36,188,6,26,100,1,0,44,14,190,7,0,2,0,45,65,32,0,0,0,416,13,0,0,855
2018,Rajasthan,8,Dholpur,98,Dholpur,50,153,33,126,139,0,0,121,15,231,33,0,2,0,71,1,0,0,0,0,149,13,0,0,681
2018,Rajasthan,8,Dungarpur,99,Dungarpur,39,160,39,99,114,0,0,57,0,85,6,0,1,0,138,4,0,0,0,0,103,25,0,0,74
2018,Rajasthan,8,Ganganagar,100,Ganganagar,56,396,59,214,178,0,0,197,9,631,8,0,4,0,101,44,5,0,1,0,602,27,252,7,824
2018,Rajasthan,8,Hanumangarh,101,Hanumangarh,53,309,81,186,87,0,0,141,3,473,4,0,9,0,76,19,3,1,2,0,3,16,205,4,916
2018,Rajasthan,8,Jaipur,102,Jaipur East,21,179,19,147,240,3,0,205,11,245,5,0,3,7,120,113,9,38,0,7,441,28,0,0,74
2018,Rajasthan,8,Jaipur,102,Jaipur Metro,0,0,1,0,0,0,0,0,0,0,0,0,0,0,0,0,0,0,0,0,0,0,0,0,0
2018,Rajasthan,8,Jaipur,102,Jaipur North,14,102,1,51,58,0,0,64,11,200,4,0,0,0,135,46,0,6,0,0,0,11,0,3,486
2018,Rajasthan,8,Jaipur,102,Jaipur Rural,45,178,41,102,69,0,0,0,18,234,10,0,6,0,69,84,0,14,0,6,517,41,38,1,1360
2018,Rajasthan,8,Jaipur,102,Jaipur South,29,174,17,62,177,0,1,153,17,204,3,0,3,0,59,155,0,69,0,7,878,20,90,0,879
2018,Rajasthan,8,Jaipur,102,Jaipur West,33,167,25,88,218,6,0,193,8,344,8,0,7,0,48,115,0,48,0,0,1136,13,149,7,678
2018,Rajasthan,8,Jaipur,102,Scrb,0,0,0,0,0,0,0,0,0,0,0,0,0,0,0,49,0,3,0,2,0,0,0,0,0
2018,Rajasthan,8,Jaipur,102,Sog,0,2,0,0,0,0,0,0,0,0,0,0,0,0,0,3,0,0,0,0,6,0,8,0,0
2018,Rajasthan,8,Jaipur,102,Ssb,0,0,0,0,0,0,0,0,0,0,0,0,0,0,0,0,0,0,0,0,0,0,0,0,0
2018,Rajasthan,8,Jaipur (Gramin),783,Jaipur Rural,2,28,0,9,67,0,0,139,18,0,0,0,0,0,0,0,0,0,0,0,0,0,0,0,0
2018,Rajasthan,8,Jaisalmer,103,Jaisalmer,13,40,12,97,16,0,0,35,0,36,7,0,1,0,45,21,3,2,1,11,145,19,24,1,110
2018,Rajasthan,8,Jalore,104,Jalore,35,117,15,114,60,0,0,29,9,200,5,0,4,0,12,7,0,0,0,0,0,24,168,1,0
2018,Rajasthan,8,Jhalawar,105,Jhalawar,43,244,49,329,263,0,0,237,1,335,6,0,5,0,146,3,1,0,0,0,247,30,0,2,28
2018,Rajasthan,8,Jhunjhunu,106,Jhunjhunu,39,260,17,103,158,2,0,59,0,332,11,0,1,0,119,9,4,0,0,0,524,14,1,0,1555
2018,Rajasthan,8,Jodhpur,107,Grp Jodhpur,1,3,0,4,0,0,0,4,1,0,0,0,0,0,4,0,0,0,0,0,1,0,0,0,11
2018,Rajasthan,8,Jodhpur,107,Jodhpur East,21,89,3,94,49,0,0,44,45,155,4,0,3,0,74,67,17,0,0,0,6,31,176,3,424
2018,Rajasthan,8,Jodhpur,107,Jodhpur Rural,32,122,32,91,69,0,0,73,3,117,19,0,4,0,82,11,3,0,0,0,38,20,186,0,172
2018,Rajasthan,8,Jodhpur,107,Jodhpur West,25,110,26,183,107,0,2,117,1,238,4,0,2,0,100,131,32,3,4,2,353,27,131,1,388
2018,Rajasthan,8,Karauli,108,Karauli,39,202,56,39,169,1,0,99,0,148,13,0,1,0,42,11,0,0,0,0,324,12,3,0,1927
2018,Rajasthan,8,Kota,109,Kota City,24,187,28,159,325,2,5,276,8,420,4,1,6,1,205,40,6,4,3,5,511,30,9,3,22
2018,Rajasthan,8,Kota,109,Kota Rural,26,89,9,130,137,1,0,98,4,206,5,0,1,0,2,1,0,0,0,0,135,9,9,0,552
2018,Rajasthan,8,Nagaur,110,Nagaur,46,265,58,139,149,0,0,144,8,438,13,0,5,0,81,20,0,4,0,1,352,19,137,0,880
2018,Rajasthan,8,Pali,111,Pali,54,256,17,236,158,0,0,72,47,380,12,0,7,0,0,5,0,2,0,3,611,57,43,0,1943
2018,Rajasthan,8,Pratapgarh,629,Pratapgarh,25,290,60,128,99,0,0,73,17,152,5,0,2,0,33,1,0,1,0,0,102,8,10,0,195
2018,Rajasthan,8,Rajsamand,112,Rajsamand,18,138,25,145,136,0,0,111,0,209,6,0,4,1,59,8,0,1,0,2,258,18,17,0,48
2018,Rajasthan,8,Sawai Madhopur,113,Sawai Madhopur,34,165,30,147,146,0,0,82,4,241,6,0,3,0,104,88,17,0,1,0,210,18,157,4,1215
2018,Rajasthan,8,Sikar,114,Sikar,46,236,49,156,167,0,0,134,3,426,16,0,0,0,78,70,10,2,21,0,834,44,26,0,1847
2018,Rajasthan,8,Sirohi,115,Sirohi,35,136,28,78,71,0,0,88,14,117,1,0,2,0,40,2,0,0,0,0,0,11,0,0,297
2018,Rajasthan,8,Tonk,116,Tonk,17,124,45,75,96,0,0,73,0,288,7,0,0,0,81,10,0,0,0,0,14,18,360,0,430
2018,Rajasthan,8,Udaipur,117,Udaipur,57,527,107,220,403,1,0,312,0,378,6,0,16,0,269,8,0,0,0,4,466,85,32,0,394
2018,Sikkim,11,Gangtok,225,East,5,47,2,19,52,0,0,101,48,1,1,0,0,0,0,0,0,0,0,0,19,5,7,0,2
2018,Sikkim,11,Gyalshing,228,West,3,23,3,1,5,0,0,31,20,0,0,0,0,1,0,0,0,0,0,0,0,0,0,0,0
2018,Sikkim,11,Mangan,226,North,0,5,0,0,2,0,0,6,3,0,0,0,0,0,0,1,0,0,0,2,0,0,0,0,0
2018,Sikkim,11,Namchi,227,South,4,34,0,9,18,0,2,83,47,0,0,0,0,3,3,0,0,0,0,0,0,3,1,0,1
2018,Tamil Nadu,33,Ariyalur,610,Ariyalur,19,40,0,10,9,0,0,79,41,3,2,0,9,0,31,0,0,0,0,0,27,24,0,0,13
2018,Tamil Nadu,33,Chennai,568,Chennai,186,209,3,90,32,11,2,775,220,116,11,3,35,42,573,104,5,6,24,8,723,526,221,236,242
2018,Tamil Nadu,33,Chennai,568,Cyber Cell,0,0,0,0,0,0,0,1,0,0,0,0,0,0,0,15,2,0,1,1,2,0,3,0,6
2018,Tamil Nadu,33,Chennai,568,Other Units,0,0,0,0,0,0,0,0,0,0,0,0,0,0,0,0,0,0,0,0,0,0,0,0,0
2018,Tamil Nadu,33,Chennai,568,Railway Chennai,3,4,0,3,1,0,0,8,7,1,2,0,0,0,39,0,0,0,0,0,6,195,2,0,36
2018,Tamil Nadu,33,Coimbatore,569,Coimbatore,37,27,0,9,5,0,0,34,32,13,0,0,0,0,0,5,0,0,0,0,50,30,7,0,113
2018,Tamil Nadu,33,Coimbatore,569,Coimbatore City,33,25,0,7,2,2,0,39,27,19,0,0,0,0,56,24,6,0,0,1,107,113,1,52,14
2018,Tamil Nadu,33,Coimbatore,569,Cyber Cell,0,0,0,0,0,0,0,0,0,0,0,0,0,0,0,0,0,0,0,1,5,0,0,0,0
2018,Tamil Nadu,33,Cuddalore,570,Cuddalore,56,114,0,100,14,0,0,142,82,23,9,0,4,0,53,3,0,0,0,6,47,17,0,1,28
2018,Tamil Nadu,33,Dharmapuri,571,Dharmapuri,38,41,0,9,53,2,0,126,27,4,0,0,8,1,11,6,0,0,0,4,29,17,0,2,110
2018,Tamil Nadu,33,Dindigul,572,Dindigul,41,62,0,31,38,0,0,79,59,32,1,0,7,1,22,0,0,0,0,0,105,39,0,16,275
2018,Tamil Nadu,33,Erode,573,Erode,22,61,0,13,39,0,0,78,45,20,3,0,0,0,0,0,0,0,0,0,61,53,0,0,239
2018,Tamil Nadu,33,Kanchipuram,574,Kanchipuram,53,46,0,6,14,0,0,35,34,3,2,0,0,0,64,0,0,0,0,0,87,90,0,10,2526
2018,Tamil Nadu,33,Kanniyakumari,575,Kanyakumari,38,88,1,17,35,0,0,95,72,5,61,0,4,0,8,9,0,0,0,14,106,11,0,3,19
2018,Tamil Nadu,33,Karur,576,Karur,22,19,0,2,4,0,0,17,15,1,2,0,8,0,0,6,0,0,0,0,10,40,0,0,113
2018,Tamil Nadu,33,Krishnagiri,577,Krishnagiri,52,54,0,19,28,0,0,128,46,5,2,1,13,1,17,3,0,1,0,2,46,24,2,3,119
2018,Tamil Nadu,33,Madurai,578,Madurai,63,76,4,13,47,1,0,141,78,39,8,0,0,0,108,13,0,1,0,8,118,82,0,1,16
2018,Tamil Nadu,33,Madurai,578,Madurai City,45,45,0,11,1,2,20,59,53,102,2,0,11,0,132,0,0,0,0,0,216,123,0,0,1
2018,Tamil Nadu,33,Nagapattinam,579,Nagapattinam,27,62,0,38,23,0,0,33,33,14,6,0,0,0,31,0,0,0,0,0,13,45,0,0,0
2018,Tamil Nadu,33,Namakkal,580,Namakkal,43,36,0,18,9,0,0,47,31,13,2,0,6,0,14,0,0,0,0,0,68,31,1,3,525
2018,Tamil Nadu,33,Perambalur,581,Perambalur,15,32,0,27,2,0,0,47,26,5,2,0,8,2,8,0,0,0,0,0,4,14,0,0,0
2018,Tamil Nadu,33,Pudukkottai,582,Pudukottai,32,41,1,16,11,0,0,121,37,6,1,0,7,6,43,4,0,0,0,3,6,14,0,0,0
2018,Tamil Nadu,33,Ramanathapuram,583,Ramnathapuram,37,37,0,1,10,0,2,66,43,2,13,1,0,2,42,35,0,0,11,4,24,35,7,1,97
2018,Tamil Nadu,33,Salem,584,Salem,49,69,0,62,27,3,0,103,76,5,3,0,9,0,22,11,0,0,0,0,44,38,0,1,513
2018,Tamil Nadu,33,Salem,584,Salem City,18,30,0,5,6,0,0,31,28,9,1,0,1,0,49,4,1,0,0,0,36,59,5,0,104
2018,Tamil Nadu,33,Sivaganga,585,Sivagangai,33,39,0,18,69,0,0,69,40,32,3,0,10,0,146,7,0,0,0,6,92,64,13,0,223
2018,Tamil Nadu,33,Thanjavur,586,Thanjavur,65,43,0,46,37,0,0,108,35,21,12,0,10,7,26,12,0,0,0,12,31,58,0,0,0
2018,Tamil Nadu,33,The Nilgiris,587,Nilgiris,6,32,0,3,3,0,0,34,31,5,0,0,1,0,18,0,0,0,0,0,13,3,0,0,355
2018,Tamil Nadu,33,Theni,588,Theni,40,54,0,10,6,0,0,139,70,48,3,0,10,18,62,0,0,0,0,0,114,17,0,7,617
2018,Tamil Nadu,33,Thiruvallur,589,Thiruvallur,36,53,0,2,3,0,0,71,47,11,0,0,0,9,30,10,0,0,0,12,51,31,0,1,59
2018,Tamil Nadu,33,Thiruvarur,590,Thiruvarur,26,28,0,14,39,0,0,98,27,18,2,0,1,0,23,1,0,0,0,2,0,41,1,2,1481
2018,Tamil Nadu,33,Tiruchirappalli,591,Railway Trichy,3,1,0,0,1,0,0,3,2,0,0,0,0,0,19,0,0,0,0,0,2,53,0,0,5
2018,Tamil Nadu,33,Tiruchirappalli,591,Trichy,43,49,0,18,17,0,5,85,23,20,3,0,4,7,42,0,0,0,0,0,55,69,14,4,0
2018,Tamil Nadu,33,Tiruchirappalli,591,Trichy City,18,17,0,18,1,3,0,34,26,45,3,0,9,0,33,12,0,0,0,0,117,71,12,10,12
2018,Tamil Nadu,33,Tirunelveli,592,Thirunelveli,65,147,7,38,26,0,0,328,128,26,15,0,6,26,344,36,0,0,1,32,128,21,6,6,861
2018,Tamil Nadu,33,Tirunelveli,592,Thirunelveli City,13,22,0,3,3,2,0,25,25,3,7,0,4,0,104,10,2,0,1,4,83,36,0,3,260
2018,Tamil Nadu,33,Tiruppur,634,Tiruppur,42,30,0,12,3,1,0,65,32,9,1,0,0,0,20,0,0,0,0,0,24,42,0,0,25
2018,Tamil Nadu,33,Tiruppur,634,Tiruppur City,25,11,0,3,5,1,0,27,13,8,0,0,3,0,10,2,0,0,0,3,5,52,3,0,137
2018,Tamil Nadu,33,Tiruvannamalai,593,Thiruvannamalai,39,105,1,14,22,2,1,138,91,13,13,0,6,0,66,0,0,0,0,0,38,25,4,1,1564
2018,Tamil Nadu,33,Tuticorin,594,Thoothukudi,64,93,0,45,8,0,0,135,93,31,5,0,5,6,119,14,0,0,2,4,102,84,1,12,33
2018,Tamil Nadu,33,Vellore,595,Vellore,77,95,0,30,44,8,3,323,100,23,0,0,18,1,185,0,0,0,0,0,76,25,12,2,5196
2018,Tamil Nadu,33,Villupuram,596,Villupuram,62,122,1,42,99,0,0,121,97,25,32,0,24,0,6,13,0,0,0,13,112,36,0,7,1142
2018,Tamil Nadu,33,Virudhunagar,597,Virudhunagar,65,72,1,11,4,3,0,68,57,11,29,0,6,0,91,10,0,1,0,1,94,47,4,3,1576
2018,Telangana,36,Adilabad,501,Adilabad,15,39,2,64,18,0,0,41,17,129,2,0,7,0,33,0,0,0,0,0,85,1,0,0,50
2018,Telangana,36,Bhadradri Kothagudem,690,Bhadradri Kothagudem,28,74,1,128,68,0,0,146,73,91,5,0,18,0,61,18,5,0,1,1,90,2,0,2,407
2018,Telangana,36,Hyderabad,507,Cyberabad Commissionerate,81,416,0,1105,447,4,116,701,316,818,31,5,59,0,177,0,0,0,0,0,1525,154,77,20,457
2018,Telangana,36,Hyderabad,507,Hyderabad Commissionerate,86,351,2,446,323,2,29,491,251,1343,18,6,31,0,432,428,0,11,0,88,1374,111,299,3,1354
2018,Telangana,36,Hyderabad,507,Railway Police Secunderabad,5,2,0,7,1,0,0,36,2,0,0,0,1,0,47,0,0,0,0,0,57,24,0,0,40
2018,Telangana,36,Jagitial,681,Jagitial,31,24,0,0,0,0,2,0,0,0,0,0,0,0,0,0,0,0,0,0,228,10,0,0,430
2018,Telangana,36,Jagitial,681,Jagityal,0,34,2,142,11,0,2,30,10,108,7,0,13,0,51,0,0,0,0,0,0,0,0,5,0
2018,Telangana,36,Jagityal,681,Jagityal,0,0,0,0,0,0,0,0,0,0,0,0,0,0,0,2,0,2,0,0,0,0,0,0,0
2018,Telangana,36,Jayashankar Bhupalapally,687,Jayashankar Bhupalpalli,23,26,0,80,54,0,0,45,28,76,5,0,14,0,4,18,3,0,1,0,91,4,34,0,754
2018,Telangana,36,Jogulamba Gadwal,695,Jogulamba Gadwal,12,28,0,82,10,0,0,59,17,24,1,0,4,0,19,10,5,0,0,0,122,3,0,0,53
2018,Telangana,36,Kamareddy,685,Kamareddy,24,32,3,68,30,1,2,46,12,129,4,0,5,0,15,8,0,2,0,3,80,14,0,0,131
2018,Telangana,36,Karimnagar,508,Karimnagar Commissionerate,18,61,0,236,28,0,0,58,20,349,7,0,20,0,13,19,0,0,0,26,365,4,0,10,694
2018,Telangana,36,Khammam,509,Khammam Commissionerate,31,69,0,260,145,0,0,342,97,185,4,0,35,0,106,87,36,5,2,0,305,10,33,14,789
2018,Telangana,36,Kumuram Bheem Asifabad,699,Kumaram Bheem Asifabad,18,42,4,96,5,0,0,35,32,41,3,0,9,0,25,16,1,0,4,0,188,3,7,0,48
2018,Telangana,36,Mahabubabad,688,Mahabubabad,19,39,3,160,78,0,0,88,17,83,7,0,16,0,55,5,0,0,0,0,200,4,0,0,152
2018,Telangana,36,Mahabubnagar,512,Mahabubnagar,21,202,0,194,69,0,0,216,84,103,4,0,17,0,67,9,1,1,0,0,151,8,11,5,96
2018,Telangana,36,Medak,513,Medak,18,43,0,69,36,0,0,76,53,123,4,0,6,0,10,2,1,0,0,0,52,7,0,0,471
2018,Telangana,36,Nagarkurnool,694,Nagarkurnool,15,66,0,73,28,0,0,83,29,77,2,0,16,0,12,14,7,0,0,0,71,11,6,0,229
2018,Telangana,36,Nalgonda,514,Nalgonda,34,77,3,282,18,0,5,143,114,259,5,1,22,0,61,23,0,3,1,7,289,7,0,1,910
2018,Telangana,36,Nirmal,680,Nirmal,19,37,0,57,6,0,0,36,31,53,1,0,5,0,25,2,0,0,0,0,43,6,0,0,58
2018,Telangana,36,Nizamabad,516,Nizamabad Commissionerate,26,44,1,160,18,1,2,77,35,275,9,1,14,0,106,26,8,0,2,0,353,18,2,0,94
2018,Telangana,36,Peddapalli,682,Ramagundam Commissionerate,41,78,0,344,22,0,10,170,40,324,10,0,28,12,55,76,16,0,2,0,394,5,2,3,107
2018,Telangana,36,Rajanna Sircilla,683,Rajanna Siricilla,17,20,0,63,19,3,0,41,7,62,3,0,4,0,16,2,0,0,0,0,124,4,0,0,517
2018,Telangana,36,Ranga Reddy,518,Cyberabad Commissionerate,0,0,0,0,0,0,0,0,0,0,0,0,0,0,0,579,223,4,22,0,135,0,0,0,327
2018,Telangana,36,Sangareddy,691,Sangareddy,36,59,1,128,13,0,0,57,31,140,6,1,15,0,38,7,0,0,0,0,49,10,23,0,457
2018,Telangana,36,Siddipet,692,Siddipet Commissionerate,20,48,1,175,21,0,0,70,27,215,4,0,12,0,16,20,5,0,1,2,155,5,11,2,480
2018,Telangana,36,Suryapet,696,Suryapet,23,78,3,254,33,0,0,71,56,179,4,0,9,1,24,0,0,0,0,0,254,6,21,0,740
2018,Telangana,36,Vikarabad,698,Vikarabad,24,33,0,51,19,0,0,40,20,92,7,0,4,0,8,16,3,1,4,0,30,0,39,0,41
2018,Telangana,36,Wanaparthy,693,Wanaparthy,8,50,0,38,7,0,0,44,29,39,1,0,7,0,20,0,0,0,0,0,56,2,0,0,43
2018,Telangana,36,Warangal,522,Warangal Commissionerate,49,77,3,258,201,0,5,200,75,270,22,0,40,0,122,114,0,9,0,0,515,31,0,3,1187
2018,Telangana,36,Yadadri Bhuvanagiri,697,Rachakonda Commissionerate,86,452,0,705,99,0,89,305,144,699,22,1,31,0,249,323,90,19,0,0,1571,164,32,14,3297
2018,The Dadra And Nagar Haveli And Daman And Diu,38,Dadra And Nagar Haveli,465,Dadra And Nagar Haveli,7,32,0,8,6,0,0,38,21,1,0,0,1,0,13,0,0,0,0,0,18,4,0,0,18
2018,The Dadra And Nagar Haveli And Daman And Diu,38,Daman,463,Daman,5,6,1,5,27,0,0,30,1,2,0,0,0,0,4,0,0,0,0,0,10,3,2,0,23
2018,The Dadra And Nagar Haveli And Daman And Diu,38,Diu,464,Diu,0,0,0,1,2,0,0,4,2,2,0,0,0,0,0,0,0,0,0,0,7,0,0,0,1
2018,Tripura,16,Dhalai,269,Dhalai,6,30,2,24,10,0,0,29,20,37,1,0,0,0,6,0,0,0,0,0,1,1,2,0,0
2018,Tripura,16,Gomati,654,Gomati,16,28,2,17,15,2,2,20,5,44,1,0,1,0,3,2,0,0,0,4,10,4,0,2,188
2018,Tripura,16,Khowai,652,Kowai,12,20,0,6,9,0,0,21,14,10,1,0,2,0,2,0,0,0,0,0,3,4,6,0,63
2018,Tripura,16,North Tripura,270,North,10,42,4,17,34,0,0,31,16,22,2,0,0,0,0,3,0,1,0,3,20,5,0,0,94
2018,Tripura,16,Sepahijala,653,Sipahijala,0,0,0,0,12,0,0,23,11,0,0,0,0,0,0,0,0,0,0,0,0,0,0,0,0
2018,Tripura,16,South Tripura,271,South,21,48,13,20,39,1,0,51,17,51,2,0,3,0,2,1,0,0,0,0,18,3,3,0,7
2018,Tripura,16,Unakoti,655,Sipahijala,19,32,2,15,4,0,1,0,0,39,3,0,2,0,10,6,0,4,0,0,4,2,6,0,23
2018,Tripura,16,Unakoti,655,Unakoti,18,41,4,12,22,2,0,25,16,23,5,0,1,0,9,2,0,1,0,2,11,1,1,0,37
2018,Tripura,16,West Tripura,272,Grp,0,0,0,0,0,0,0,0,0,0,0,0,0,0,0,0,0,0,0,0,0,0,0,0,4
2018,Tripura,16,West Tripura,272,West,40,66,2,64,42,4,0,71,28,77,3,0,5,0,19,7,0,2,0,2,27,15,16,0,31
2018,Uttar Pradesh,9,Agra,118,Agra,134,340,21,594,626,6,0,640,154,556,70,2,2,1,0,86,0,16,0,1,533,188,0,8,2106
2018,Uttar Pradesh,9,Aligarh,119,Aligarh,127,247,50,430,814,4,4,727,154,431,54,1,11,0,0,58,0,0,0,0,0,145,0,0,944
2018,Uttar Pradesh,9,Ambedkar Nagar,121,Ambedkar Nagar,36,163,0,142,84,0,0,151,29,29,63,0,0,0,0,46,0,0,0,0,0,28,0,0,200
2018,Uttar Pradesh,9,Amethi,640,Amethi,41,52,18,248,325,0,0,160,0,122,17,0,0,0,8,43,11,0,0,20,147,30,0,0,28
2018,Uttar Pradesh,9,Amroha,154,Amroha,48,124,0,118,118,0,0,99,40,151,23,0,0,0,0,34,6,1,0,28,106,20,0,0,631
2018,Uttar Pradesh,9,Auraiya,122,Auraiya,43,172,20,202,171,5,0,255,74,193,31,0,9,0,75,67,11,0,0,0,55,39,0,0,113
2018,Uttar Pradesh,9,Ayodhya,140,Ayodhya,40,429,43,273,283,3,0,413,83,15,216,0,6,0,0,42,0,18,0,15,0,43,2,0,58
2018,Uttar Pradesh,9,Azamgarh,123,Azamgarh,41,170,9,157,198,1,0,183,51,145,177,1,0,0,0,135,27,4,6,17,309,34,0,1,72
2018,Uttar Pradesh,9,Baghpat,124,Baghpat,69,146,24,96,129,1,0,187,36,81,7,0,0,0,0,27,0,0,0,3,0,41,0,0,561
2018,Uttar Pradesh,9,Bahraich,125,Bahraich,38,116,0,166,268,0,0,114,45,31,437,0,0,0,0,55,7,0,0,0,110,11,73,0,398
2018,Uttar Pradesh,9,Ballia,126,Ballia,28,142,23,214,311,0,0,358,151,99,26,0,6,0,0,35,0,2,0,11,43,30,127,0,200
2018,Uttar Pradesh,9,Balrampur,127,Balrampur,26,66,4,29,45,0,0,96,89,3,66,0,4,0,0,20,0,0,0,3,37,12,37,0,26
2018,Uttar Pradesh,9,Banda,128,Banda,37,104,30,164,130,0,0,161,0,77,35,0,15,0,0,33,5,11,0,9,83,12,0,0,51
2018,Uttar Pradesh,9,Bara Banki,129,Barabanki,49,274,32,207,40,0,0,0,2,316,37,0,0,0,76,46,0,0,0,0,174,26,0,0,64
2018,Uttar Pradesh,9,Barabanki,129,Barabanki,5,32,0,52,214,0,0,388,85,0,0,0,0,0,0,0,0,0,0,0,0,0,0,0,0
2018,Uttar Pradesh,9,Bareilly,130,Bareilly,97,227,0,423,397,0,0,217,197,42,653,4,0,0,0,137,0,0,0,0,515,74,0,7,1987
2018,Uttar Pradesh,9,Basti,131,Basti,28,207,25,77,194,0,0,222,55,137,16,0,0,0,0,64,0,0,0,0,107,10,0,0,100
2018,Uttar Pradesh,9,Bhadohi,179,Bhadohi,21,36,12,50,98,0,0,86,8,5,79,0,7,0,38,18,0,0,0,0,40,5,50,0,88
2018,Uttar Pradesh,9,Bijnor,132,Bijnor,71,174,19,161,190,2,0,144,133,177,354,2,0,0,58,61,0,16,0,0,0,45,0,0,116
2018,Uttar Pradesh,9,Budaun,133,Badaun,73,138,38,241,259,0,0,191,61,332,53,0,6,0,25,49,0,0,0,0,138,37,0,0,950
2018,Uttar Pradesh,9,Bulandshahr,134,Bulandshahar,114,204,70,275,239,0,0,254,99,493,58,2,1,3,136,60,0,2,0,11,37,61,0,0,215
2018,Uttar Pradesh,9,Chandauli,135,Chandoli,15,120,18,52,100,2,0,167,41,11,93,0,7,0,67,25,0,0,0,6,51,6,75,0,106
2018,Uttar Pradesh,9,Chitrakoot,136,Chitrakoot,23,56,11,96,77,0,0,32,0,40,54,0,6,0,0,16,0,0,0,0,57,2,0,0,200
2018,Uttar Pradesh,9,Deoria,137,Deoria,44,193,0,82,166,0,0,176,35,48,20,0,0,0,0,68,0,0,0,0,105,20,0,0,128
2018,Uttar Pradesh,9,Etah,138,Etah,55,120,22,158,160,0,0,147,108,149,51,0,0,0,0,30,0,0,0,0,151,41,0,0,51
2018,Uttar Pradesh,9,Etawah,139,Etawah,44,112,14,134,179,0,0,209,52,173,46,0,6,0,144,85,27,0,0,0,135,44,0,1,193
2018,Uttar Pradesh,9,Farrukhabad,141,Fatehgarh,60,140,40,68,275,0,0,361,74,379,41,2,4,28,0,43,0,16,0,0,108,47,0,0,467
2018,Uttar Pradesh,9,Fatehpur,142,Fatehpur,40,149,25,219,232,1,0,334,0,62,32,0,10,4,66,17,0,0,0,5,44,20,29,0,210
2018,Uttar Pradesh,9,Firozabad,143,Firozabad,85,285,39,195,332,2,2,429,99,132,44,2,11,0,27,80,11,0,9,18,11,74,0,0,171
2018,Uttar Pradesh,9,Gautam Buddha Nagar,144,Gautambudh Nagar,88,195,16,220,263,0,0,153,6,297,38,0,4,2,10,712,104,152,0,0,113,135,784,0,2916
2018,Uttar Pradesh,9,Ghaziabad,145,Ghaziabad,127,258,14,404,405,2,0,141,47,483,32,2,6,0,0,234,0,0,0,0,22,116,440,0,2669
2018,Uttar Pradesh,9,Ghazipur,146,Ghazipur,48,238,34,219,385,0,0,558,121,123,34,0,5,9,0,52,0,1,0,3,8,32,0,0,126
2018,Uttar Pradesh,9,Gonda,147,Gonda,34,92,17,114,201,0,0,159,47,43,32,0,0,0,0,46,0,0,0,0,242,24,0,0,46
2018,Uttar Pradesh,9,Gorakhpur,148,Gorakhpur,91,310,102,329,364,1,2,352,117,56,430,0,12,32,0,409,83,4,14,19,162,165,176,2,175
2018,Uttar Pradesh,9,Hamirpur,149,Hamirpur,41,164,25,139,127,2,0,195,0,61,16,0,8,6,15,7,0,1,0,2,54,10,0,0,30
2018,Uttar Pradesh,9,Hapur,661,Hapur,57,104,26,154,218,0,0,206,65,76,20,0,0,0,35,24,0,0,0,3,12,40,60,0,141
2018,Uttar Pradesh,9,Hardoi,150,Hardoi,61,214,43,286,376,0,4,304,139,416,84,0,0,0,0,24,0,0,0,0,183,44,0,0,174
2018,Uttar Pradesh,9,Hathras,163,Hathras,51,81,21,200,196,0,0,190,69,155,24,0,5,0,0,47,0,2,7,24,82,28,41,0,361
2018,Uttar Pradesh,9,Jalaun,151,Jalaun,40,50,19,192,220,0,0,232,47,86,62,0,2,0,0,31,0,0,0,0,0,8,93,0,0
2018,Uttar Pradesh,9,Jaunpur,152,Jaunpur,78,190,33,130,608,0,0,578,159,82,44,0,11,0,0,60,0,0,0,0,111,51,0,1,102
2018,Uttar Pradesh,9,Jhansi,153,Jhansi,48,167,12,219,154,2,0,228,85,187,26,1,12,0,0,34,0,3,0,8,0,28,72,0,117
2018,Uttar Pradesh,9,Kannauj,155,Kannauj,37,72,0,115,154,0,0,95,37,0,192,0,0,0,0,36,0,0,0,0,114,47,0,0,1139
2018,Uttar Pradesh,9,Kanpur Dehat,156,Kanpur Dehat,40,134,25,244,220,2,0,237,109,172,28,0,7,0,4,16,0,8,0,8,62,17,43,0,0
2018,Uttar Pradesh,9,Kanpur Nagar,157,Kanpur Nagar,87,322,2,434,672,2,0,355,156,816,66,0,0,0,20,291,0,58,0,42,681,70,0,1,1262
2018,Uttar Pradesh,9,Kasganj,633,Kasganj,50,229,0,131,143,0,2,188,37,90,29,1,3,0,0,20,0,0,0,20,0,14,57,0,475
2018,Uttar Pradesh,9,Kaushambi,158,Kaushambi,35,38,5,141,251,0,0,218,0,97,33,1,0,8,0,28,0,0,0,0,115,16,0,0,373
2018,Uttar Pradesh,9,Kheri,159,Khiri,109,144,27,293,407,2,0,197,80,168,64,0,0,0,0,168,16,0,0,0,217,23,0,0,158
2018,Uttar Pradesh,9,Kushi Nagar,160,Kushi Nagar,4,23,0,34,187,0,0,305,31,0,0,0,0,0,0,0,0,0,0,0,0,0,0,0,0
2018,Uttar Pradesh,9,Kushinagar,160,Kushi Nagar,40,217,64,116,100,0,0,0,0,32,18,0,0,0,161,121,21,0,4,0,21,14,134,0,31
2018,Uttar Pradesh,9,Lalitpur,161,Lalitpur,19,87,13,204,84,0,2,148,66,50,19,0,0,0,0,44,7,0,0,13,5,3,0,0,556
2018,Uttar Pradesh,9,Lucknow,162,Grp,18,19,5,79,37,0,0,21,1,0,0,0,1,0,3,16,5,0,0,0,23,159,3,0,503
2018,Uttar Pradesh,9,Lucknow,162,Lucknow,123,414,15,646,1091,1,6,839,190,1434,115,0,9,0,74,1000,0,39,0,71,1437,49,399,4,232
2018,Uttar Pradesh,9,Maharajganj,164,Maharajganj,5,0,0,0,16,0,0,320,244,0,0,0,0,0,0,0,0,0,0,0,0,0,0,0,0
2018,Uttar Pradesh,9,Mahoba,165,Mahoba,28,125,19,175,120,0,0,249,99,25,23,0,1,8,0,16,0,0,0,0,41,14,0,0,9
2018,Uttar Pradesh,9,Mahrajganj,164,Maharajganj,22,28,0,12,24,0,0,0,123,52,26,0,15,0,7,54,0,1,0,41,68,4,0,1,44
2018,Uttar Pradesh,9,Mainpuri,166,Mainpuri,74,180,24,211,321,0,0,411,12,158,74,0,0,0,30,17,1,0,0,4,1,46,62,0,95
2018,Uttar Pradesh,9,Mathura,167,Mathura,93,179,33,250,269,0,0,51,31,229,40,0,11,0,0,41,0,0,0,19,0,136,0,0,217
2018,Uttar Pradesh,9,Mau,168,Mau,28,76,8,56,97,0,0,88,16,17,92,0,0,0,0,61,0,0,0,0,235,8,0,0,0
2018,Uttar Pradesh,9,Meerut,169,Meerut,144,250,119,390,525,0,0,640,25,544,35,2,0,26,0,81,0,0,0,81,0,111,365,0,546
2018,Uttar Pradesh,9,Mirzapur,170,Mirzapur,39,80,13,16,18,0,0,48,9,38,28,1,1,0,25,49,8,0,0,1,61,3,0,0,125
2018,Uttar Pradesh,9,Moradabad,171,Moradabad,60,508,77,378,271,0,0,523,140,385,36,3,0,0,0,183,33,7,0,18,33,63,0,0,76
2018,Uttar Pradesh,9,Muzaffarnagar,172,Muzaffarnagar,82,267,12,130,237,0,0,234,45,112,22,2,0,0,0,58,0,0,0,12,57,63,58,1,1528
2018,Uttar Pradesh,9,Pilibhit,173,Pilibhit,38,109,21,150,222,0,0,102,87,275,52,1,4,0,0,43,0,0,0,20,126,25,0,0,569
2018,Uttar Pradesh,9,Pratapgarh,174,Pratapgarh,69,108,17,179,289,0,0,129,0,235,32,0,1,48,0,34,0,0,0,13,181,69,0,0,33
2018,Uttar Pradesh,9,Prayagraj,120,Prayagraj,132,209,13,401,454,5,0,184,0,1014,72,1,11,0,67,386,0,0,0,2,618,116,0,0,282
2018,Uttar Pradesh,9,Rae Bareli,175,Raibareilly,50,132,13,165,272,0,0,44,37,0,172,0,0,0,0,37,0,0,0,0,139,36,0,0,18
2018,Uttar Pradesh,9,Rampur,176,Rampur,45,171,5,156,200,0,0,123,50,0,434,0,5,0,25,18,0,0,0,9,0,25,101,0,51
2018,Uttar Pradesh,9,Saharanpur,177,Saharanpur,58,179,26,209,134,1,0,231,150,117,28,0,0,0,14,62,6,5,0,0,209,52,80,0,598
2018,Uttar Pradesh,9,Sambhal,659,Sambhal,63,219,33,252,205,0,3,300,83,133,64,0,0,0,0,45,6,0,2,4,95,33,0,0,326
2018,Uttar Pradesh,9,Sant Kabeer Nagar,178,Sant Kabirnagar,2,10,0,76,102,0,0,269,67,0,0,0,0,0,0,0,0,0,0,0,0,0,0,0,0
2018,Uttar Pradesh,9,Sant Kabir Nagar,178,Sant Kabirnagar,15,178,14,97,21,0,0,0,10,79,15,0,5,0,0,28,0,0,0,0,97,11,0,0,62
2018,Uttar Pradesh,9,Shahjahanpur,180,Shahjahanpur,66,174,37,172,184,0,0,187,74,230,431,0,0,0,0,43,0,0,0,0,0,26,6,0,2602
2018,Uttar Pradesh,9,Shamli,660,Shamli,35,148,17,102,115,1,0,130,87,119,8,0,0,0,23,27,0,6,0,12,0,23,102,0,634
2018,Uttar Pradesh,9,Shravasti,181,Shrawasti,1,8,0,8,6,0,0,37,1,0,0,0,0,0,0,0,0,0,0,0,0,0,0,0,0
2018,Uttar Pradesh,9,Shrawasti,181,Shrawasti,13,39,12,32,53,0,0,0,0,3,125,1,4,0,3,15,0,0,0,0,16,1,27,0,12
2018,Uttar Pradesh,9,Siddharth Nagar,182,Sidharthnagar,5,25,0,0,108,0,0,193,55,0,0,0,0,0,0,0,0,0,0,0,0,0,0,0,0
2018,Uttar Pradesh,9,Siddharthnagar,182,Sidharthnagar,18,166,25,80,37,0,0,0,0,5,55,0,4,0,0,40,0,0,0,0,55,4,0,0,433
2018,Uttar Pradesh,9,Sitapur,183,Sitapur,124,978,41,532,390,0,0,846,235,252,336,0,0,0,0,15,0,0,0,6,186,91,0,0,332
2018,Uttar Pradesh,9,Sonbhadra,184,Sonbhadra,36,175,34,63,134,0,0,170,0,6,64,0,14,0,0,24,0,0,0,24,91,9,0,0,196
2018,Uttar Pradesh,9,Sultanpur,185,Sultanpur,64,244,27,178,287,0,0,318,36,34,198,0,9,0,0,46,0,0,0,0,88,50,90,0,27
2018,Uttar Pradesh,9,Unnao,186,Unnao,95,268,47,338,433,1,0,562,165,280,58,1,2,0,109,55,0,2,0,8,0,53,0,0,35
2018,Uttar Pradesh,9,Varanasi,187,Varanasi,54,354,58,361,393,0,0,747,188,539,36,0,9,31,66,660,170,9,5,72,646,43,16,0,931
2018,Uttarakhand,5,Almora,45,Almora,4,20,9,20,27,1,0,27,0,5,1,0,1,0,1,8,0,5,0,1,0,1,0,0,32
2018,Uttarakhand,5,Bageshwar,46,Bageshwar,3,11,4,9,26,0,4,23,0,0,1,0,1,0,7,0,0,0,0,0,8,1,5,0,24
2018,Uttarakhand,5,Chamoli,47,Chamoli,3,10,1,3,2,2,0,11,7,0,2,0,0,0,0,4,0,0,0,0,0,0,0,0,5
2018,Uttarakhand,5,Champawat,48,Champawat,5,26,8,7,21,0,3,23,0,0,2,0,0,0,8,5,0,1,0,2,7,1,0,0,8
2018,Uttarakhand,5,Dehradun,49,Dehradun,35,347,60,103,111,0,13,140,0,216,12,0,0,0,178,115,28,10,16,18,23,28,69,0,327
2018,Uttarakhand,5,Dehradun,49,Grp,1,0,0,2,4,0,0,2,0,0,0,0,0,0,0,0,0,0,0,0,1,14,0,0,10
2018,Uttarakhand,5,Haridwar,50,Haridwar,73,403,106,249,274,2,9,396,93,201,22,1,5,0,7,58,0,10,0,0,106,53,0,0,1522
2018,Uttarakhand,5,Nainital,51,Nainital,16,140,38,64,180,0,2,227,64,49,7,0,3,0,0,4,0,0,0,5,106,21,0,0,55
2018,Uttarakhand,5,Pauri Garhwal,52,Pauri Garhwal,7,11,0,11,49,0,0,38,16,18,1,0,2,0,2,2,0,1,0,0,18,0,0,0,58
2018,Uttarakhand,5,Pithoragarh,53,Pithoragarh,5,18,3,11,27,0,0,15,13,11,2,0,5,0,11,3,0,0,0,2,0,2,0,0,6
2018,Uttarakhand,5,Rudra Prayag,54,Rudra Prayag,1,8,0,1,0,0,0,2,2,2,0,0,0,0,0,2,0,0,0,0,0,0,0,0,10
2018,Uttarakhand,5,Tehri Garhwal,55,Tehri Garhwal,3,17,0,0,6,0,0,3,3,1,3,0,0,0,0,5,0,0,0,0,19,1,0,0,70
2018,Uttarakhand,5,Udam Singh Nagar,56,Udham Singh Nagar,0,0,0,0,0,0,0,0,0,0,0,0,0,0,0,8,0,0,0,0,0,0,0,0,0
2018,Uttarakhand,5,Udam Singh Nagar,56,Udhamsingh Nagar,60,452,51,168,220,0,3,380,142,102,113,0,0,0,0,0,0,0,0,0,0,66,9,0,1409
2018,Uttarakhand,5,Uttar Kashi,57,Uttarkashi,4,6,0,5,15,0,0,19,9,17,1,0,3,0,0,4,0,0,2,0,0,0,0,0,4
2018,West Bengal,19,24 Paraganas North,303,Barasat,0,0,0,0,467,0,2,619,114,0,0,0,0,0,0,0,0,0,0,0,0,0,0,0,0
2018,West Bengal,19,24 Paraganas North,303,Barrackpur Pc,0,0,0,0,133,0,1,265,90,0,0,0,0,0,0,0,0,0,0,0,0,0,0,0,0
2018,West Bengal,19,24 Paraganas North,303,Basirhat,0,0,0,0,41,0,0,72,26,0,0,0,0,0,0,0,0,0,0,0,0,0,0,0,0
2018,West Bengal,19,24 Paraganas North,303,Bidhannagar Pc,0,0,0,0,52,0,0,84,30,0,0,0,0,0,0,0,0,0,0,0,0,0,0,0,0
2018,West Bengal,19,24 Paraganas South,304,Baruipur Police,0,0,0,0,240,0,0,327,84,0,0,0,0,0,0,0,0,0,0,0,0,0,0,0,0
2018,West Bengal,19,24 Paraganas South,304,Diamond Harbour Police,0,0,0,0,115,1,0,176,56,0,0,0,0,0,0,0,0,0,0,0,0,0,0,1,0
2018,West Bengal,19,24 Paraganas South,304,Sundarban Police,0,0,0,0,42,0,0,94,49,0,0,0,0,0,0,0,0,0,0,0,0,0,0,0,0
2018,West Bengal,19,Alipurduar,664,Alipurduar,47,119,27,45,248,4,5,216,86,160,10,0,22,0,17,7,0,0,0,0,37,2,8,2,240
2018,West Bengal,19,Bankura,305,Bankura,81,74,10,53,111,0,0,123,31,189,18,0,14,0,24,3,0,0,0,1,37,15,16,2,284
2018,West Bengal,19,Birbhum,307,Birbhum,109,174,35,56,125,2,2,247,104,228,9,2,23,8,18,12,0,5,0,4,123,28,10,5,268
2018,West Bengal,19,Cooch Behar,308,Coochbehar,58,129,31,52,278,2,0,0,0,337,28,1,19,0,0,0,0,0,0,0,62,0,0,0,161
2018,West Bengal,19,Coochbehar,308,Coochbehar,0,0,0,0,0,0,0,63,53,0,0,0,0,0,0,0,0,0,0,0,0,0,0,0,0
2018,West Bengal,19,Dakshin Dinajpur,310,Dakshin Dinajpur,42,41,18,38,52,1,0,0,0,67,9,0,0,0,0,0,0,0,0,0,38,2,4,2,545
2018,West Bengal,19,Darjeeling,309,Darjeeling,19,42,11,69,56,0,0,68,40,84,10,0,0,0,0,0,0,0,0,0,37,11,8,0,476
2018,West Bengal,19,Darjeeling,309,Siliguri Grp,2,0,0,9,15,0,8,12,1,0,0,0,0,0,0,0,0,0,0,0,0,0,0,0,33
2018,West Bengal,19,Darjeeling,309,Siliguri Pc,28,137,6,150,64,0,6,109,74,575,5,0,5,0,0,67,27,1,0,0,259,6,70,9,848
2018,West Bengal,19,Dinajpur Dakshin,310,Dakshin Dinajpur,1,0,0,0,49,0,0,68,16,0,0,0,0,0,0,0,0,0,0,0,0,0,0,0,0
2018,West Bengal,19,Dinajpur Uttar,311,Uttar Dinajpur,1,0,0,0,146,0,1,276,67,0,0,0,4,2,0,0,0,0,0,0,0,0,0,2,0
2018,West Bengal,19,Hooghly,312,Chandannagar Pc,29,34,1,38,13,0,2,48,39,423,8,0,8,0,4,4,0,0,0,0,275,10,4,3,1009
2018,West Bengal,19,Hooghly,312,Hooghly Rural Police,64,94,12,58,206,3,0,178,66,535,21,4,38,0,0,3,0,0,0,0,217,20,5,4,1689
2018,West Bengal,19,Howrah,313,Howrah Grp,11,1,0,11,6,0,5,10,1,0,1,0,6,0,0,2,0,0,0,0,5,2,2,0,33
2018,West Bengal,19,Howrah,313,Howrah Pc,20,44,6,86,84,2,11,109,56,354,7,0,8,0,13,23,0,0,0,0,215,14,10,0,1781
2018,West Bengal,19,Howrah,313,Howrah Rural,63,58,18,50,51,0,3,71,41,689,5,2,7,0,0,11,0,7,0,1,146,21,21,2,972
2018,West Bengal,19,Jalpaiguri,314,Jalpaiguri,38,130,28,72,244,0,2,249,115,125,20,2,6,0,19,5,0,0,0,0,78,4,12,0,960
2018,West Bengal,19,Jhargram,703,Jhargram,23,33,4,42,72,0,0,69,30,72,2,0,5,0,6,5,0,0,0,0,12,3,5,0,322
2018,West Bengal,19,Kalimpong,702,Kalimpong,12,15,2,20,34,0,0,47,25,38,2,0,2,0,0,2,0,0,0,0,4,1,0,0,53
2018,West Bengal,19,Kolkata,315,Kolkata,58,148,0,604,513,12,6,574,228,946,7,3,27,0,23,56,2,2,14,2,2320,15,84,35,2204
2018,West Bengal,19,Kolkata,315,Sealdah Grp,15,4,0,14,5,1,0,13,5,2,1,0,5,0,0,0,0,0,0,0,5,2,14,0,32
2018,West Bengal,19,Malda,316,Malda,29,254,68,247,202,0,4,0,18,883,15,0,45,0,0,1,0,0,0,0,136,4,0,0,685
2018,West Bengal,19,Maldah,316,Malda,0,2,0,14,20,0,1,331,197,0,0,0,0,39,0,0,0,0,0,0,0,0,0,0,0
2018,West Bengal,19,Medinipur East,317,Purab Medinipur,13,0,0,0,114,2,1,196,38,0,0,0,0,0,0,0,0,0,0,0,0,0,0,0,0
2018,West Bengal,19,Medinipur West,318,Kharagpur Grp,0,0,0,0,0,0,0,0,0,0,0,0,0,0,0,0,0,0,0,0,0,0,0,0,0
2018,West Bengal,19,Medinipur West,318,Paschim Medinipur,7,0,0,0,171,0,0,324,88,0,0,0,0,7,0,0,0,0,0,0,0,0,0,0,0
2018,West Bengal,19,Murshidabad,319,Murshidabad,183,581,255,156,414,1,12,479,208,1206,39,4,15,0,163,36,1,2,1,6,191,5,46,12,1715
2018,West Bengal,19,Nadia,320,Nadia,106,249,107,93,398,2,3,334,88,883,49,5,27,0,19,15,0,0,0,0,195,6,8,7,2726
2018,West Bengal,19,North 24 Parganas,303,Barasat,86,170,37,142,467,1,8,0,0,1315,24,2,33,0,0,45,0,11,0,21,255,6,205,2,2028
2018,West Bengal,19,North 24 Parganas,303,Barrackpur Pc,44,182,29,573,114,1,6,0,0,1338,18,3,12,0,33,31,2,3,8,1,569,13,119,2,1286
2018,West Bengal,19,North 24 Parganas,303,Basirhat,45,99,10,43,291,0,2,0,0,694,12,3,0,0,0,0,0,0,0,0,53,12,9,0,1457
2018,West Bengal,19,North 24 Parganas,303,Bidhannagar Pc,11,49,3,74,32,3,5,0,0,219,3,1,6,0,36,20,3,0,6,0,422,5,70,2,788
2018,West Bengal,19,Paschim Bardhaman,704,Asansol-Durgapur Pc,65,60,10,54,68,0,0,82,44,517,12,1,16,0,0,41,6,0,4,0,206,8,94,1,448
2018,West Bengal,19,Paschim Medinipur,318,Kharagpur Grp,5,0,0,1,0,0,0,0,0,1,0,0,0,0,2,0,0,0,0,0,1,1,0,0,9
2018,West Bengal,19,Paschim Medinipur,318,Paschim Medinipur,106,152,30,314,124,2,0,0,0,451,9,0,16,0,0,10,0,0,0,0,167,34,35,1,1872
2018,West Bengal,19,Purba Bardhaman,306,Purba Bardhaman,105,129,38,118,388,2,7,279,64,471,30,1,33,0,2,24,0,1,0,0,211,21,0,1,3042
2018,West Bengal,19,Purba Medinipur,317,Purab Medinipur,106,102,31,97,154,2,10,0,0,697,12,5,18,0,59,13,1,0,0,0,45,34,32,0,2063
2018,West Bengal,19,Purulia,321,Purulia,78,31,13,106,95,0,0,74,23,166,4,0,8,0,8,2,0,2,0,0,17,3,7,0,376
2018,West Bengal,19,South 24 Parganas,304,Baruipur Police,105,282,41,179,171,1,0,0,0,1697,31,2,11,0,88,13,0,0,0,0,281,6,18,2,3658
2018,West Bengal,19,South 24 Parganas,304,Diamond Harbour Police,64,125,15,85,123,2,2,0,0,720,10,2,12,0,0,18,2,0,2,0,88,6,9,1,1028
2018,West Bengal,19,South 24 Parganas,304,Sundarban Police,51,71,13,26,30,4,0,0,0,631,10,1,5,0,0,1,0,0,0,0,65,5,2,0,434
2018,West Bengal,19,Uttar Dinajpur,311,Uttar Dinajpur,72,143,39,17,149,2,6,0,0,244,10,1,19,0,38,13,0,3,4,0,76,22,12,4,793
2019,Andaman And Nicobar Islands,35,Nicobars,603,Nicobar,1,25,0,1,0,0,0,25,25,0,0,0,0,0,0,0,0,0,0,0,3,0,0,0,0
2019,Andaman And Nicobar Islands,35,North And Middle Andaman,632,North & Middle Andaman,2,2,0,0,0,0,0,0,0,0,0,0,0,0,0,0,0,0,0,0,2,0,0,0,1
2019,Andaman And Nicobar Islands,35,North And Middle Andaman,632,North And Middle Andaman,0,1,0,0,3,0,0,47,34,0,0,0,0,1,1,0,0,0,0,0,0,0,0,0,0
2019,Andaman And Nicobar Islands,35,North And Middle Andaman,632,North Andmiddle Andaman,0,30,1,6,0,0,0,0,0,0,0,0,0,0,0,0,0,0,0,0,0,0,0,0,0
2019,Andaman And Nicobar Islands,35,South Andamans,602,South Andaman,10,51,7,22,23,0,0,81,35,1,0,0,0,2,11,4,0,0,2,0,3,0,4,0,5
2019,Andhra Pradesh,28,Anantapur,502,Anantapur,2,55,0,29,22,1,0,237,4,0,0,0,1,5,0,0,0,0,0,0,0,0,0,0,0
2019,Andhra Pradesh,28,Anantapur,502,Guntakal Railway,0,0,0,0,2,0,0,3,1,0,0,0,0,0,0,0,0,0,0,0,0,0,0,0,0
2019,Andhra Pradesh,28,Ananthapuramu,502,Anantapur,106,130,75,414,12,2,6,0,0,394,12,0,38,0,23,122,23,2,9,2,261,34,44,12,559
2019,Andhra Pradesh,28,Ananthapuramu,502,Guntakal Railway,2,1,0,8,0,0,0,0,0,1,0,0,2,0,7,0,0,0,0,0,4,8,0,0,5
2019,Andhra Pradesh,28,Chittoor,503,Chittoor,70,80,18,278,11,0,0,61,8,274,4,0,35,1,16,33,2,2,2,1,170,23,22,3,883
2019,Andhra Pradesh,28,East Godavari,505,East Godavari,59,193,46,416,48,4,1,127,12,476,12,1,24,13,104,31,6,0,2,4,384,9,15,1,47
2019,Andhra Pradesh,28,East Godavari,505,Rajahmundry,17,102,33,238,22,1,23,127,1,238,2,0,11,9,50,188,70,2,1,0,292,28,11,7,434
2019,Andhra Pradesh,28,Guntur,506,Guntur,71,219,90,840,112,4,2,230,0,869,5,1,37,6,43,215,57,3,22,2,719,24,20,3,1481
2019,Andhra Pradesh,28,Guntur,506,Guntur Urban,32,105,40,324,45,3,12,98,1,524,5,0,28,1,81,337,105,12,27,4,379,30,2,16,337
2019,Andhra Pradesh,28,Krishna,510,Krishna,53,178,78,544,156,0,2,187,0,791,11,0,24,3,61,219,33,3,14,0,398,9,26,0,1617
2019,Andhra Pradesh,28,Kurnool,511,Kurnool,78,151,43,767,19,0,0,147,80,199,408,0,69,0,19,136,0,0,0,0,366,23,50,16,152
2019,Andhra Pradesh,28,Ntr,749,Vijayawada City,28,118,37,365,47,2,24,189,0,594,5,0,2,11,136,469,200,9,13,4,539,32,0,1,336
2019,Andhra Pradesh,28,Ntr,749,Vijayawada Railway,1,2,0,10,0,0,0,6,0,0,0,0,2,0,0,0,0,0,0,0,4,2,0,0,5
2019,Andhra Pradesh,28,Prakasam,517,Prakasham,48,129,21,309,19,0,0,142,112,627,9,2,30,1,0,197,33,1,8,7,365,35,97,0,382
2019,Andhra Pradesh,28,Spsr Nellore,515,Nellore,0,38,0,24,5,0,0,77,1,0,0,0,0,0,0,0,0,0,0,0,0,0,0,0,0
2019,Andhra Pradesh,28,Sri Potti Sriramulu Nellore,515,Nellore,59,71,44,245,16,0,19,0,0,447,2,0,15,0,0,0,0,0,0,0,195,29,9,0,1173
2019,Andhra Pradesh,28,Srikakulam,519,Srikakulam,22,104,32,216,20,0,6,82,0,212,4,0,17,0,45,86,33,6,0,0,209,0,10,1,282
2019,Andhra Pradesh,28,Tirupati,752,Tirupathi Urban,26,43,19,90,6,0,0,34,0,89,2,0,5,0,42,168,71,0,12,0,284,14,11,1,1225
2019,Andhra Pradesh,28,Visakhapatanam,520,Visakha Rural,2,21,0,10,33,0,0,69,1,0,0,0,0,0,0,0,0,0,0,0,0,0,0,0,0
2019,Andhra Pradesh,28,Visakhapatanam,520,Visakhapatnam,1,26,0,17,157,0,0,250,24,0,0,0,1,11,0,0,0,0,0,0,0,0,0,0,0
2019,Andhra Pradesh,28,Visakhapatnam,520,Visakha Rural,52,67,21,156,33,0,1,0,0,141,6,0,17,0,25,38,14,2,4,0,175,9,5,0,1599
2019,Andhra Pradesh,28,Visakhapatnam,520,Visakhapatnam,20,191,27,389,68,0,5,0,0,585,35,0,8,0,128,731,268,65,2,0,646,18,30,3,702
2019,Andhra Pradesh,28,Vizianagaram,521,Vizianagaram,27,161,25,173,33,0,1,117,41,274,5,1,14,3,19,148,53,18,2,4,175,4,20,0,533
2019,Andhra Pradesh,28,West Godavari,523,West Godavari,64,218,11,506,70,0,2,276,196,779,9,0,23,7,133,301,79,4,10,0,627,9,23,23,619
2019,Andhra Pradesh,28,Y.S.R.,504,Cuddapah,59,97,16,325,7,3,3,65,20,337,48,1,18,10,53,13,3,0,0,3,303,10,21,2,462
2019,Arunachal Pradesh,12,Anjaw,628,Anjaw,0,0,0,0,0,0,0,3,0,0,0,0,0,0,0,0,0,0,0,0,0,1,0,0,7
2019,Arunachal Pradesh,12,Changlang,229,Changlang,2,10,3,2,3,1,3,6,0,3,0,0,1,0,0,2,0,0,0,3,5,5,1,0,3
2019,Arunachal Pradesh,12,Dibang Valley,230,Dibang Valley,0,0,0,0,1,0,0,1,0,0,0,0,0,0,0,0,0,0,0,0,0,0,0,0,3
2019,Arunachal Pradesh,12,East Kameng,231,Kameng East,7,5,0,3,2,0,0,7,5,3,0,0,0,0,0,0,0,0,0,0,2,10,0,0,8
2019,Arunachal Pradesh,12,East Kameng,231,Kameng West,1,0,0,0,1,0,0,3,1,0,0,0,0,0,0,0,0,0,0,0,0,0,0,0,0
2019,Arunachal Pradesh,12,East Siang,232,Siang East,1,13,5,16,23,0,0,18,0,5,0,0,0,0,10,0,0,0,0,0,10,10,3,0,33
2019,Arunachal Pradesh,12,Kamle,718,Kamle,1,0,0,0,1,0,0,0,0,0,0,0,0,0,0,0,0,0,0,0,1,0,0,0,9
2019,Arunachal Pradesh,12,Kra Daadi,677,Kra Dadi,0,4,2,0,0,0,0,2,0,0,0,0,0,0,0,0,0,0,0,0,0,3,0,0,20
2019,Arunachal Pradesh,12,Kurung Kumey,233,Kurung Kumey,2,6,0,0,0,0,0,1,0,0,0,0,0,0,0,0,0,0,0,0,1,1,0,0,24
2019,Arunachal Pradesh,12,Leparada,724,Leparada,2,0,0,3,0,0,0,1,0,0,0,0,0,0,0,0,0,0,0,0,1,0,1,0,6
2019,Arunachal Pradesh,12,Lohit,234,Lohit,3,6,2,7,11,0,0,11,0,3,1,0,0,0,0,0,0,0,0,0,2,2,0,0,8
2019,Arunachal Pradesh,12,Longding,666,Longding,2,12,3,3,2,2,0,5,0,3,0,0,0,0,0,0,0,0,0,0,1,5,1,0,1
2019,Arunachal Pradesh,12,Lower Dibang Valley,235,Lower Dibang Valley,4,1,0,0,0,4,0,3,2,0,0,0,0,0,0,0,0,0,0,0,3,4,1,0,3
2019,Arunachal Pradesh,12,Lower Siang,719,Lower Siang,3,2,0,2,0,0,0,1,0,2,0,0,0,0,0,0,0,0,0,0,1,0,2,0,1
2019,Arunachal Pradesh,12,Lower Subansiri,236,Subansiri Lower,2,0,0,0,0,0,0,1,0,0,0,0,0,0,0,0,0,0,0,0,2,3,1,0,19
2019,Arunachal Pradesh,12,Namsai,678,Namsai,10,9,1,2,4,0,2,5,1,0,0,0,0,0,0,0,0,0,0,0,3,3,0,0,9
2019,Arunachal Pradesh,12,Pakke Kessang,723,Pakkessang,0,0,0,0,0,0,0,3,0,0,0,0,0,0,0,0,0,0,0,0,0,0,0,0,0
2019,Arunachal Pradesh,12,Papum Pare,237,Crime Branch,0,0,0,1,0,1,0,0,0,0,0,0,0,0,0,0,0,0,0,0,1,0,0,0,0
2019,Arunachal Pradesh,12,Papum Pare,237,Papum Pare City,7,43,2,21,54,0,2,46,15,23,0,0,1,0,0,4,0,1,0,6,47,30,2,0,76
2019,Arunachal Pradesh,12,Papum Pare,237,Papum Pare Rural,4,3,1,0,1,0,0,4,1,0,0,0,0,0,0,0,0,0,0,0,3,1,0,0,25
2019,Arunachal Pradesh,12,Shi Yomi,725,Shiyomi,1,0,0,0,1,0,0,1,0,0,0,0,0,0,0,0,0,0,0,0,1,0,0,0,3
2019,Arunachal Pradesh,12,Siang,679,Siang,0,1,0,2,3,0,0,2,0,0,0,0,0,0,0,0,0,0,0,0,0,4,0,0,0
2019,Arunachal Pradesh,12,Tawang,238,Tawang,1,2,0,3,0,0,0,1,0,0,0,0,0,0,0,0,0,0,0,0,1,0,0,0,6
2019,Arunachal Pradesh,12,Tirap,239,Tirap,4,1,0,2,0,0,0,1,1,1,0,0,0,0,0,0,0,0,0,0,1,4,0,0,5
2019,Arunachal Pradesh,12,Upper Siang,240,Siang Upper,1,2,0,0,0,0,0,3,3,0,0,0,0,0,0,2,0,0,0,0,1,0,0,0,13
2019,Arunachal Pradesh,12,Upper Subansiri,241,Subansiri Upper,4,8,0,11,0,0,0,9,5,5,0,0,1,1,12,0,0,0,0,0,1,1,1,0,9
2019,Arunachal Pradesh,12,West Kameng,242,Kameng West,3,4,0,5,1,0,0,0,0,1,0,0,0,0,4,0,0,0,0,0,4,2,0,0,7
2019,Arunachal Pradesh,12,West Siang,243,Siang West,1,18,6,9,6,0,0,15,2,5,0,0,0,1,11,0,0,0,0,0,7,2,3,0,19
2019,Assam,18,Baksa,616,Baksa,39,89,11,108,107,0,6,106,48,152,26,0,0,0,9,33,0,1,0,26,65,46,3,0,10
2019,Assam,18,Barpeta,280,Barpeta,47,496,0,557,631,0,30,548,114,0,1009,1,0,0,0,206,0,0,103,0,341,95,36,0,1494
2019,Assam,18,Biswanath,705,Biswanath,52,79,5,71,116,0,46,158,29,177,11,0,1,0,0,18,0,0,0,18,38,11,12,0,277
2019,Assam,18,Bongaigaon,281,Bongaigaon,18,164,25,156,120,0,1,168,57,319,3,0,0,0,0,67,0,0,0,0,162,33,0,0,499
2019,Assam,18,Cachar,282,Cachar,67,170,1,49,21,1,0,349,54,664,20,0,3,0,0,163,0,0,0,0,154,82,142,0,1760
2019,Assam,18,Charaideo,708,Charaideo,36,70,0,32,84,0,12,94,28,78,11,0,6,0,0,21,0,0,0,42,0,19,0,0,221
2019,Assam,18,Chirang,612,Chirang,24,78,1,19,108,2,7,57,40,115,5,0,0,0,0,26,0,0,0,0,47,15,6,0,104
2019,Assam,18,Darrang,283,Darrang,23,305,33,248,385,0,14,197,64,664,30,0,0,0,48,48,0,0,0,96,220,25,25,0,892
2019,Assam,18,Dhemaji,284,Dhemaji,26,109,3,84,108,0,6,112,41,139,10,0,4,6,0,29,0,3,0,0,99,14,1,0,45
2019,Assam,18,Dhubri,285,Dhubri,46,327,98,726,547,10,4,467,151,1230,17,0,0,3,0,0,0,0,0,0,77,104,25,2,50
2019,Assam,18,Dibrugarh,286,Dibrugarh,68,135,4,81,199,0,11,97,75,396,87,0,0,0,0,193,0,23,1,30,218,72,10,0,1676
2019,Assam,18,Dima Hasao,299,Dima Hasao,8,12,0,5,14,0,0,22,7,10,2,0,0,0,0,8,0,0,0,0,19,2,0,0,33
2019,Assam,18,Goalpara,287,Goalpara,34,101,19,123,145,2,8,175,53,394,6,0,0,0,0,40,0,0,0,0,142,26,0,0,0
2019,Assam,18,Golaghat,288,Golaghat,49,142,6,64,334,4,8,144,53,406,5,0,0,0,0,40,0,40,0,0,197,47,14,0,695
2019,Assam,18,Hailakandi,289,Hailakandi,18,315,23,214,153,3,0,107,41,436,6,0,0,0,0,23,0,1,0,15,87,44,21,0,19
2019,Assam,18,Hojai,709,Hojai,51,142,16,240,274,3,7,231,61,570,5,0,4,0,11,25,0,8,0,18,220,27,12,0,104
2019,Assam,18,Jorhat,290,Jorhat,56,87,20,191,147,0,0,131,60,618,0,0,0,0,0,123,0,0,0,0,93,91,26,0,2219
2019,Assam,18,Kamrup,291,Kamrup,47,362,17,623,581,4,21,407,98,553,23,0,0,0,23,141,0,21,0,60,118,93,0,2,1257
2019,Assam,18,Kamrup Metro,618,Bieo,0,0,0,0,0,0,0,0,0,0,0,0,0,0,0,0,0,0,0,0,0,0,2,0,0
2019,Assam,18,Kamrup Metro,618,Cid,0,0,0,0,0,0,0,0,0,0,0,0,0,0,0,0,0,0,0,0,14,0,0,0,0
2019,Assam,18,Kamrup Metro,618,Grp,10,2,0,17,7,0,43,20,0,0,0,0,0,0,0,0,0,0,0,0,22,5,0,0,26
2019,Assam,18,Kamrup Metro,618,Guwahati City,75,195,11,342,663,2,36,427,111,878,50,1,10,0,0,586,0,47,0,155,2265,666,496,6,44
2019,Assam,18,Kamrup Metro,618,Rpo,5,4,0,0,4,0,0,2,2,10,0,0,0,0,0,0,0,0,0,0,1,0,0,0,30
2019,Assam,18,Kamrup Metro,618,Sou,0,0,0,0,0,0,0,0,0,0,0,0,0,0,0,0,0,0,0,0,0,0,0,0,0
2019,Assam,18,Kamrup Metro,618,Stf,0,0,0,0,0,0,0,0,0,0,0,0,0,0,0,0,0,0,0,0,0,0,0,0,0
2019,Assam,18,Karbi Anglong,292,Karbi Anglong,29,73,0,9,117,10,0,167,24,66,1,0,1,5,0,25,0,4,0,0,24,11,2,2,205
2019,Assam,18,Karimganj,293,Karimganj,38,130,17,109,96,2,2,65,42,298,11,3,0,0,16,17,0,0,0,15,110,47,31,0,663
2019,Assam,18,Kokrajhar,294,Kokrajhar,30,117,0,84,31,0,8,178,48,179,13,0,0,0,0,84,25,0,0,10,91,13,0,0,458
2019,Assam,18,Lakhimpur,295,Lakhimpur,47,128,10,64,238,1,9,170,39,558,14,0,3,0,0,56,0,4,0,44,42,40,16,0,332
2019,Assam,18,Majuli,706,Majuli,7,11,2,8,13,0,0,16,7,38,0,0,0,0,0,3,0,0,0,1,12,0,0,0,10
2019,Assam,18,Marigaon,296,Morigaon,37,200,28,45,179,0,22,258,87,549,63,0,0,0,0,0,0,0,0,0,241,73,0,0,919
2019,Assam,18,Nagaon,297,Nagaon,70,317,23,233,449,14,12,527,97,972,81,3,3,283,0,0,0,0,0,0,0,124,0,0,3059
2019,Assam,18,Nalbari,298,Nalbari,16,123,0,92,100,4,1,177,31,268,1,0,11,50,0,198,82,0,0,0,48,46,4,0,429
2019,Assam,18,Sivasagar,300,Sibsagar,38,169,10,140,664,0,6,360,47,345,3,0,0,0,47,58,0,1,0,50,179,36,0,0,215
2019,Assam,18,Sonitpur,301,Sonitpur,57,144,0,50,332,0,68,142,46,462,11,0,0,0,0,60,0,0,0,0,219,59,0,0,1598
2019,Assam,18,South Salmara Mancachar,707,South Salmara,13,153,19,78,34,3,8,110,19,0,0,0,0,10,0,15,0,0,0,15,19,5,3,0,203
2019,Assam,18,Tinsukia,302,Sadia,6,23,0,10,17,0,6,9,9,18,0,0,0,0,0,0,0,0,0,0,17,3,0,0,37
2019,Assam,18,Tinsukia,302,Tinsukia,60,194,82,112,199,1,1,359,69,292,6,1,9,0,0,112,0,8,0,42,293,143,12,0,37
2019,Assam,18,Udalguri,617,Udalguri,41,95,4,64,136,0,0,51,35,83,3,0,0,0,0,44,0,0,22,0,32,18,2,0,104
2019,Assam,18,West Karbi Anglong,710,Hamren,4,12,0,10,0,0,6,0,0,6,0,0,0,0,0,9,0,0,0,0,10,2,0,0,124
2019,Bihar,10,Araria,188,Araria,63,189,0,3,263,1,0,277,57,60,102,0,0,56,0,8,4,0,0,0,27,57,0,1,9
2019,Bihar,10,Arwal,611,Arwal,18,30,1,6,29,0,1,22,12,9,25,0,0,0,6,12,0,10,0,4,31,21,39,0,0
2019,Bihar,10,Aurangabad,189,Aurangabad,62,119,0,0,121,0,4,122,32,32,84,0,0,0,0,58,29,0,0,0,12,23,13,0,29
2019,Bihar,10,Banka,190,Banka,59,117,0,0,225,0,0,150,18,32,93,0,0,0,7,14,5,0,2,0,73,58,22,0,7
2019,Bihar,10,Begusarai,191,Begusarai,100,153,17,15,156,0,4,158,23,20,82,0,0,0,12,20,10,0,0,0,135,109,37,3,10
2019,Bihar,10,Bhagalpur,192,Bhagalpur,76,234,11,6,411,2,3,292,61,99,206,1,0,0,364,269,131,5,0,0,251,71,35,4,131
2019,Bihar,10,Bhagalpur,192,Naugachia,20,82,0,0,101,0,0,105,9,8,37,0,0,0,17,48,24,0,0,0,24,24,24,0,24
2019,Bihar,10,Bhojpur,193,Bhojpur,93,144,11,2,208,0,0,199,46,51,242,0,0,0,0,40,20,0,0,0,105,58,83,0,27
2019,Bihar,10,Buxar,194,Buxar,50,133,0,6,166,0,0,210,24,42,80,0,0,45,92,0,0,0,0,0,64,37,80,0,0
2019,Bihar,10,Darbhanga,195,Darbhanga,71,238,10,22,297,0,0,215,38,39,159,0,0,0,226,22,11,0,0,0,123,36,137,0,11
2019,Bihar,10,Gaya,196,Gaya,150,374,0,5,436,2,0,413,89,106,169,0,0,0,13,52,26,0,0,0,627,70,21,0,30
2019,Bihar,10,Gopalganj,197,Gopalganj,70,93,0,1,195,0,0,147,18,55,91,0,0,0,60,54,27,0,0,0,120,44,0,1,27
2019,Bihar,10,Jamui,198,Jamui,68,104,0,4,150,0,0,128,21,26,66,0,0,1,0,0,0,0,0,0,135,42,0,0,2
2019,Bihar,10,Jehanabad,199,Jehanabad,46,32,2,16,103,1,0,41,36,19,52,0,0,0,23,10,5,0,0,0,150,33,30,0,5
2019,Bihar,10,Kaimur (Bhabua),200,Bhabhua,40,108,0,0,161,4,0,135,26,25,82,1,0,10,0,64,32,0,0,0,89,28,23,0,32
2019,Bihar,10,Katihar,201,Katihar,83,320,0,15,249,0,0,215,37,71,175,1,0,0,113,140,70,0,0,0,25,49,58,0,70
2019,Bihar,10,Katihar,201,Katihar Railway,6,0,0,2,2,0,6,6,1,0,0,0,0,0,0,1,0,0,0,0,2,4,0,0,3
2019,Bihar,10,Khagaria,202,Khagaria,54,92,6,0,170,3,0,92,30,31,38,0,0,0,0,20,10,0,0,0,37,43,40,0,10
2019,Bihar,10,Kishanganj,203,Kishanganj,34,69,0,1,48,0,0,53,15,20,68,0,4,0,0,6,1,0,1,0,42,8,6,8,52
2019,Bihar,10,Lakhisarai,204,Lakhisarai,43,85,9,0,134,0,0,122,32,23,35,0,3,0,0,32,16,0,0,0,61,18,14,0,21
2019,Bihar,10,Madhepura,205,Madhepura,110,133,6,0,205,5,0,224,24,28,59,0,0,44,0,54,27,0,0,0,92,75,0,0,44
2019,Bihar,10,Madhubani,206,Madhubani,62,105,0,4,206,0,0,123,63,75,190,0,0,0,0,88,44,0,0,0,113,32,27,0,44
2019,Bihar,10,Munger,207,Jamalpur Railway,6,0,0,0,2,0,8,4,0,0,1,0,0,0,2,0,0,0,0,0,2,9,0,0,3
2019,Bihar,10,Munger,207,Munger,38,132,0,0,210,2,0,177,49,91,49,1,0,0,36,10,5,0,0,0,88,20,0,0,5
2019,Bihar,10,Muzaffarpur,208,Muzaffarpur,161,408,2,7,728,2,2,588,93,192,113,0,0,13,85,16,8,0,0,0,338,356,0,0,11
2019,Bihar,10,Muzaffarpur,208,Muzaffarpur Railway,9,3,0,8,8,0,0,26,4,0,1,0,1,0,0,0,0,0,0,0,0,2,0,0,37
2019,Bihar,10,Nalanda,209,Nalanda,116,265,3,15,497,3,2,368,63,84,212,0,0,0,0,20,10,0,0,0,245,107,0,5,10
2019,Bihar,10,Nawada,210,Nawadah,74,157,0,0,281,2,0,626,43,41,90,0,0,179,62,76,38,0,0,0,249,28,30,0,38
2019,Bihar,10,Pashchim Champaran,211,Bagaha,38,12,0,0,82,1,0,16,8,27,37,0,0,0,0,2,0,0,0,0,30,8,15,1,0
2019,Bihar,10,Pashchim Champaran,211,Bettiah,87,153,0,0,241,1,0,316,68,56,147,0,0,54,49,54,27,0,0,0,144,10,57,0,33
2019,Bihar,10,Patna,212,Anti Terrorist Squad,0,0,0,0,0,0,0,0,0,0,0,0,0,0,0,0,0,0,0,0,0,0,0,0,0
2019,Bihar,10,Patna,212,Economic Offences Unit,0,0,0,0,0,0,0,0,0,0,0,0,0,0,0,6,0,0,0,0,0,0,4,0,0
2019,Bihar,10,Patna,212,Patna,318,514,23,98,1295,9,7,668,131,295,283,0,0,0,19,476,238,0,0,0,1741,415,0,18,246
2019,Bihar,10,Patna,212,Patna Railway,19,2,0,9,15,0,2,4,0,0,3,0,0,0,0,0,0,0,0,0,0,9,0,0,14
2019,Bihar,10,Purbi Champaran,213,Motihari,132,264,0,17,529,0,0,760,28,112,282,2,0,359,89,16,8,0,0,0,221,118,148,0,18
2019,Bihar,10,Purnia,214,Purnea,132,283,0,11,260,5,0,393,54,44,67,0,0,55,0,0,0,0,0,0,81,78,22,0,0
2019,Bihar,10,Rohtas,215,Rohtas,93,195,2,0,291,2,0,251,59,68,130,0,0,0,0,10,5,0,0,0,125,102,41,2,9
2019,Bihar,10,Saharsa,216,Saharsa,40,46,0,0,113,0,0,34,25,31,48,0,0,0,0,10,5,0,0,0,109,19,0,0,5
2019,Bihar,10,Samastipur,217,Samastipur,95,217,0,0,352,8,0,277,22,58,121,0,0,11,209,30,15,0,0,0,133,54,7,0,19
2019,Bihar,10,Saran,218,Saran,95,295,0,0,501,0,0,319,25,121,258,1,0,0,209,62,31,0,0,0,277,120,35,2,33
2019,Bihar,10,Sheikhpura,219,Sheikhpura,21,22,0,26,37,0,0,91,29,14,39,0,0,20,0,0,0,0,0,0,30,10,13,0,0
2019,Bihar,10,Sheohar,220,Sheohar,11,41,1,10,49,1,0,43,1,7,18,0,0,0,0,14,7,0,0,0,20,13,7,0,7
2019,Bihar,10,Sitamarhi,221,Sitamarhi,73,235,0,3,442,0,0,316,13,154,37,0,0,0,0,194,97,0,0,0,97,87,0,0,98
2019,Bihar,10,Siwan,222,Siwan,111,172,0,0,255,7,0,208,26,41,125,0,0,0,318,2,0,0,0,4,98,69,39,0,2
2019,Bihar,10,Supaul,223,Supaul,53,140,5,5,143,0,0,106,26,37,66,0,0,0,0,48,24,0,0,0,45,31,63,0,24
2019,Bihar,10,Vaishali,224,Vaishali,153,151,0,13,453,0,0,280,61,53,147,0,0,0,0,10,5,0,0,0,5,181,25,0,5
2019,Chandigarh,4,Chandigarh,44,Chandigarh,26,247,65,96,260,0,2,264,5,177,7,0,1,0,141,39,9,2,1,4,121,37,3,0,172
2019,Chhattisgarh,22,Balod,646,Balod,21,110,3,52,92,0,0,142,60,14,3,0,4,1,66,15,2,0,1,1,29,10,5,0,590
2019,Chhattisgarh,22,Baloda Bazar,644,Balodbazar,0,126,1,88,226,1,0,307,159,46,9,0,14,23,0,0,0,0,0,2,0,0,0,0,0
2019,Chhattisgarh,22,Balodabazar-Bhatapara,644,Balodbazar,30,41,0,0,0,1,0,0,0,0,0,0,0,0,184,9,0,0,0,6,63,21,11,0,25
2019,Chhattisgarh,22,Balrampur,649,Balrampur,0,0,0,0,34,0,4,124,68,0,0,0,0,1,0,0,0,0,0,0,0,0,0,0,0
2019,Chhattisgarh,22,Balrampur Ramanujganj,649,Balrampur,37,160,0,37,27,0,8,0,0,12,1,0,11,0,36,0,0,0,0,0,0,8,15,0,447
2019,Chhattisgarh,22,Bastar,374,Jagdalpur,33,144,0,31,85,0,2,134,73,4,0,0,4,3,39,54,16,0,1,0,41,12,0,0,483
2019,Chhattisgarh,22,Bemetara,650,Bemetra,21,76,0,38,119,0,0,178,57,12,1,0,8,3,44,2,0,0,0,0,23,7,0,0,760
2019,Chhattisgarh,22,Bijapur,636,Bizapur,33,26,2,4,23,0,0,27,9,1,0,0,1,0,0,1,0,0,0,0,0,6,0,0,80
2019,Chhattisgarh,22,Bilaspur,375,Bilaspur,48,567,0,156,374,2,4,508,88,89,8,0,10,36,329,4,0,0,0,4,155,52,10,0,0
2019,Chhattisgarh,22,Dakshin Bastar Dantewada,376,Dantewara,24,11,0,5,6,0,0,0,0,4,0,0,0,0,17,8,1,1,1,3,22,11,0,0,10
2019,Chhattisgarh,22,Dantewada,376,Dantewara,0,0,0,0,14,0,0,25,7,0,0,0,0,0,0,0,0,0,0,0,0,0,0,0,0
2019,Chhattisgarh,22,Dhamtari,377,Dhamtari,24,94,0,46,71,0,0,139,78,13,4,0,9,2,72,34,9,0,3,0,40,7,0,1,737
2019,Chhattisgarh,22,Durg,378,Durg,39,216,1,157,456,2,6,542,141,115,5,0,6,81,272,6,0,0,0,8,143,51,0,0,0
2019,Chhattisgarh,22,Gariyaband,645,Gariyaband,9,71,1,22,32,0,3,106,49,6,1,0,4,16,33,0,0,0,0,0,16,7,1,0,12
2019,Chhattisgarh,22,Janjgir-Champa,379,Janjgir,48,130,0,96,267,0,0,350,96,48,11,0,5,42,214,1,0,0,0,1,31,24,0,0,14
2019,Chhattisgarh,22,Jashpur,380,Jashpur,72,177,0,35,93,0,16,191,75,4,0,0,3,6,62,2,0,0,0,0,10,31,0,0,54
2019,Chhattisgarh,22,Kabeerdham,382,Kabirdham,29,79,0,33,53,1,0,0,0,17,2,0,6,0,60,9,0,0,0,1,13,8,8,0,48
2019,Chhattisgarh,22,Kabirdham,382,Kabirdham,1,0,0,0,70,1,0,143,50,0,0,0,0,7,0,0,0,0,0,0,0,0,0,0,0
2019,Chhattisgarh,22,Kanker,381,Kanker,1,0,0,0,41,0,0,144,63,0,0,0,1,2,0,0,0,0,0,0,0,0,0,0,0
2019,Chhattisgarh,22,Kondagaon,643,Kondagaon,11,49,0,12,15,0,9,48,30,6,0,0,2,0,0,9,4,0,0,2,12,3,0,0,4
2019,Chhattisgarh,22,Korba,383,Korba,49,139,0,65,161,0,1,198,90,35,4,0,4,5,78,0,0,0,0,0,55,20,1,0,85
2019,Chhattisgarh,22,Korea,384,Koriya,40,121,0,40,79,0,3,193,94,28,2,0,7,30,102,16,8,0,0,0,36,2,5,0,192
2019,Chhattisgarh,22,Mahasamund,385,Mahasamund,12,88,0,53,138,0,2,135,52,16,1,0,2,6,16,1,0,0,0,0,36,7,0,0,87
2019,Chhattisgarh,22,Mungeli,647,Mungali,16,70,0,58,129,0,2,157,59,18,4,0,7,8,81,0,0,0,0,0,15,8,0,0,15
2019,Chhattisgarh,22,Narayanpur,637,Narayanpur,13,22,0,12,8,0,11,38,19,0,0,0,0,1,19,2,0,0,0,4,2,5,0,0,3
2019,Chhattisgarh,22,Raigarh,386,Raigarh,69,314,0,113,255,0,4,298,91,36,7,0,4,43,74,17,0,2,0,2,76,45,0,0,316
2019,Chhattisgarh,22,Raipur,387,Grp Raipur,1,3,1,13,3,0,2,16,5,1,1,0,0,1,14,0,0,0,0,0,1,5,1,0,2
2019,Chhattisgarh,22,Raipur,387,Raipur,84,403,0,182,719,0,8,784,257,93,11,0,23,39,344,33,1,1,3,23,0,85,0,11,149
2019,Chhattisgarh,22,Rajnandgaon,388,Rajnandgaon,20,148,0,80,315,2,0,314,100,35,4,0,16,0,45,14,0,0,0,0,52,10,40,0,43
2019,Chhattisgarh,22,Sukma,642,Sukma,37,8,0,1,26,0,0,19,2,3,0,0,0,0,0,2,0,0,0,0,9,10,5,0,0
2019,Chhattisgarh,22,Surajpur,648,Surajpur,53,177,0,45,72,0,12,205,94,29,1,0,12,9,80,14,1,1,0,2,21,5,9,0,23
2019,Chhattisgarh,22,Surguja,389,Sarguja,47,203,1,47,173,0,2,200,76,42,2,0,4,7,99,6,0,0,0,12,77,22,0,0,0
2019,Chhattisgarh,22,Uttar Bastar Kanker,381,Kanker,45,96,1,34,0,0,0,0,0,5,1,0,3,0,53,6,0,0,0,0,16,2,0,0,296
2019,Delhi,7,Central,77,Central,40,228,1,204,364,2,9,343,87,71,7,0,1,0,166,4,0,0,1,3,164,64,15,0,242
2019,Delhi,7,East,78,East,25,228,0,172,462,1,9,446,102,213,7,2,4,8,480,4,0,0,2,0,196,184,1,0,165
2019,Delhi,7,New Delhi,79,Economic Offences Wing,0,0,0,0,0,0,0,0,0,0,0,0,0,0,0,0,0,0,0,0,178,0,103,0,1
2019,Delhi,7,New Delhi,79,Eow,0,0,0,0,0,0,0,0,0,0,0,0,0,0,0,0,0,0,0,0,0,0,0,0,0
2019,Delhi,7,New Delhi,79,Igi Airport,0,8,0,23,1,0,0,0,0,0,0,0,0,0,0,0,0,0,0,0,96,1,187,0,7
2019,Delhi,7,New Delhi,79,New Delhi,6,48,0,52,66,2,0,68,18,13,1,0,1,1,32,2,1,0,0,0,129,27,53,0,43
2019,Delhi,7,New Delhi,79,Outer North,76,169,0,93,971,8,30,709,114,138,9,1,6,0,305,0,0,0,0,0,68,174,0,0,84
2019,Delhi,7,New Delhi,79,Railway,3,4,0,8,37,0,2,31,4,0,0,1,1,0,24,0,0,0,0,0,3,9,0,0,28
2019,Delhi,7,New Delhi,79,Spuwac,0,0,0,0,0,0,0,0,0,56,0,0,0,0,0,0,0,0,0,0,0,0,0,0,0
2019,Delhi,7,New Delhi,79,Vigilance,0,0,0,0,0,0,0,0,0,0,0,0,0,0,0,0,0,0,0,0,0,0,0,0,0
2019,Delhi,7,North,80,North,19,116,0,142,394,1,6,321,71,165,4,0,0,0,158,5,0,1,1,1,66,58,0,1,302
2019,Delhi,7,North East,81,North-East,58,269,2,181,950,0,24,773,151,425,18,1,6,6,292,19,3,0,5,2,105,300,1,0,133
2019,Delhi,7,North West,82,Crime Branch,0,0,0,0,2,0,0,1,0,0,0,0,0,0,2,22,7,0,0,0,33,0,21,0,9
2019,Delhi,7,North West,82,Metro,0,4,0,33,10,0,0,10,5,0,0,0,1,1,14,1,0,0,0,1,7,2,0,0,1
2019,Delhi,7,North West,82,North-West,34,271,0,154,632,1,25,640,164,223,5,0,1,0,199,6,0,1,0,3,120,167,3,0,291
2019,Delhi,7,North West,82,Outer,54,320,1,219,884,0,7,706,171,352,18,5,3,0,242,7,0,0,0,1,385,167,5,0,107
2019,Delhi,7,North West,82,Rohini,48,280,0,251,682,0,6,564,131,350,14,2,5,0,224,4,0,0,0,0,120,106,9,0,108
2019,Delhi,7,North West,82,Spl Cell,0,2,0,8,0,0,0,0,0,0,0,0,0,0,0,17,0,4,0,0,0,0,13,0,2
2019,Delhi,7,Shahdara,671,Shahdara,25,200,0,181,514,2,4,483,79,442,4,1,6,16,198,19,1,0,1,0,179,190,9,0,56
2019,Delhi,7,South,83,South,37,263,3,193,649,0,0,529,134,322,10,4,5,3,257,15,0,5,4,0,313,150,8,1,539
2019,Delhi,7,South East,670,South-East,38,247,0,217,706,2,9,589,125,158,16,0,2,1,127,4,0,0,1,2,257,134,6,0,568
2019,Delhi,7,South West,84,Dwarka,49,325,0,328,814,1,2,630,124,315,14,0,4,0,224,19,2,1,3,1,264,90,5,2,189
2019,Delhi,7,South West,84,South-West,26,255,0,146,548,1,4,459,111,186,8,0,1,0,142,13,0,2,3,2,170,54,7,0,151
2019,Delhi,7,West,85,West,42,223,1,208,515,0,3,481,132,366,7,1,3,4,113,13,5,0,1,1,198,94,0,0,120
2019,Goa,30,North Goa,551,Cid,0,4,1,12,0,0,23,6,0,1,0,0,0,0,0,16,6,0,0,2,17,0,0,1,9
2019,Goa,30,North Goa,551,North Goa,14,78,29,96,67,0,33,88,0,2,1,1,3,2,9,8,2,0,0,0,49,9,1,0,10
2019,Goa,30,South Goa,552,South Goa,20,63,19,63,36,0,7,73,0,6,0,0,1,5,23,3,1,0,0,0,32,5,4,0,4
2019,Gujarat,24,Ahmadabad,438,Ahmedabad City,88,397,0,209,256,11,4,771,360,819,1,2,50,12,335,293,94,22,5,18,807,370,48,10,669
2019,Gujarat,24,Ahmadabad,438,Ahmedabad Rural,38,70,0,19,11,0,0,73,53,46,0,0,10,0,10,24,8,0,2,0,63,23,25,0,118
2019,Gujarat,24,Ahmadabad,438,W.Rly Ahmedabad,0,1,0,1,11,0,0,13,2,1,0,0,1,0,0,0,0,0,0,0,0,0,0,0,0
2019,Gujarat,24,Ahmadabad,438,Western Railway Ahmedabad,10,0,0,0,0,0,0,0,0,0,0,0,0,0,9,0,0,0,0,0,2,2,4,0,6
2019,Gujarat,24,Amreli,439,Amreli,15,97,0,61,28,0,0,110,52,125,0,0,9,0,57,29,5,1,3,1,24,21,5,0,139
2019,Gujarat,24,Anand,440,Anand,42,48,0,22,29,0,0,115,136,44,0,0,11,0,37,6,1,0,0,2,38,11,5,0,31
2019,Gujarat,24,Arvalli,672,Arvalli,13,45,0,13,38,0,0,36,4,94,0,0,0,0,0,0,0,0,0,0,6,14,7,0,4
2019,Gujarat,24,Banas Kantha,441,Banaskantha,33,132,0,56,182,4,0,147,45,187,0,0,0,0,25,31,2,3,2,0,51,76,2,0,60
2019,Gujarat,24,Bharuch,442,Bharuch,30,62,0,30,15,1,0,140,95,31,1,0,4,3,63,62,14,4,3,0,50,22,9,1,142
2019,Gujarat,24,Bhavnagar,443,Bhavnagar,36,124,0,49,22,15,0,144,134,150,0,0,19,0,107,109,48,1,4,4,115,33,8,1,93
2019,Gujarat,24,Botad,676,Botad,12,38,0,6,11,0,0,50,37,22,0,0,7,0,37,7,0,1,1,1,6,5,4,0,22
2019,Gujarat,24,Chhotaudepur,668,Chhotaudepur,27,39,0,10,6,1,0,50,31,5,0,0,6,0,20,0,0,0,0,0,3,0,0,0,21
2019,Gujarat,24,Dang,444,Dang,4,4,0,6,0,0,0,2,2,0,0,0,2,0,5,0,0,0,0,0,0,0,4,0,1
2019,Gujarat,24,Devbhumi Dwarka,674,Devbhumi Dwarka,8,28,0,12,6,0,0,32,22,60,0,0,5,0,25,8,0,1,0,0,5,2,6,0,11
2019,Gujarat,24,Dohad,445,Dahod,38,100,0,12,56,0,0,134,67,30,0,0,7,0,54,8,0,0,0,8,13,42,0,0,2
2019,Gujarat,24,Gandhinagar,446,Cid Crime,0,2,0,0,0,0,0,0,0,0,0,0,0,0,0,3,0,0,0,4,13,0,3,0,1
2019,Gujarat,24,Gandhinagar,446,Gandhinagar,17,68,0,19,22,0,0,75,54,80,0,0,7,0,77,28,6,5,0,6,55,37,8,0,13
2019,Gujarat,24,Gir Somnath,675,Gir Somnath,13,79,0,27,24,3,0,63,31,104,0,0,4,0,25,22,4,0,1,0,35,12,0,0,54
2019,Gujarat,24,Jamnagar,447,Jamnagar,18,76,0,16,27,0,0,83,50,57,0,0,12,1,27,18,2,0,1,0,23,8,13,1,81
2019,Gujarat,24,Junagadh,448,Junagadh,26,112,0,50,58,3,0,112,28,163,0,0,14,1,51,42,6,4,0,8,58,31,3,1,125
2019,Gujarat,24,Kachchh,449,Kachchh East(G),24,57,0,13,41,0,0,92,24,43,0,0,5,3,21,9,1,0,0,8,40,27,7,0,30
2019,Gujarat,24,Kachchh,449,Kachchh West(B),16,35,0,17,26,2,0,42,15,71,0,0,9,0,23,28,10,0,1,2,48,11,13,0,15
2019,Gujarat,24,Kheda,450,Kheda,31,126,0,28,99,0,0,120,14,65,0,0,12,0,15,14,0,0,0,0,18,17,6,0,14
2019,Gujarat,24,Mahesana,451,Mehsana,37,89,0,30,43,3,0,130,88,88,0,0,13,0,57,8,1,2,1,2,51,53,2,0,52
2019,Gujarat,24,Mahisagar,669,Mahisagar,13,28,0,15,51,0,0,36,8,37,0,0,16,0,5,2,0,0,0,4,5,2,0,0,27
2019,Gujarat,24,Morbi,673,Morbi,39,64,0,7,24,0,0,83,41,22,0,0,13,0,38,11,2,0,0,0,14,12,3,0,30
2019,Gujarat,24,Narmada,452,Narmada,13,33,0,10,8,0,0,33,23,15,0,0,5,0,31,1,0,0,0,0,7,3,0,0,6
2019,Gujarat,24,Navsari,453,Navsari,10,35,0,13,19,1,2,51,25,32,0,0,3,0,35,27,10,0,2,0,36,5,4,0,43
2019,Gujarat,24,Panch Mahals,454,Panchmahal,34,51,0,9,7,0,3,102,89,55,0,0,9,0,37,6,0,2,1,0,12,9,6,0,36
2019,Gujarat,24,Patan,455,Patan,16,81,0,22,35,2,0,74,41,66,0,0,4,0,52,16,3,0,1,0,13,9,5,0,46
2019,Gujarat,24,Porbandar,456,Porbandar,18,22,0,20,11,0,0,31,13,34,1,0,4,2,21,3,0,0,0,0,6,11,6,1,72
2019,Gujarat,24,Rajkot,457,Rajkot City,34,143,0,15,45,0,0,145,81,146,1,0,6,0,100,24,1,0,2,0,65,21,7,9,160
2019,Gujarat,24,Rajkot,457,Rajkot Rural,29,123,0,26,43,1,0,119,64,83,0,0,9,1,31,7,0,3,0,3,17,18,3,0,22
2019,Gujarat,24,Sabar Kantha,458,Sabarkantha,19,75,0,21,24,0,2,68,36,77,0,0,9,1,31,24,4,1,5,0,34,17,9,0,18
2019,Gujarat,24,Surat,459,Surat City,104,311,0,92,320,20,2,770,292,506,3,2,30,4,595,313,47,141,1,3,794,178,14,0,212
2019,Gujarat,24,Surat,459,Surat Rural,35,74,0,15,44,2,0,102,40,15,2,1,1,1,19,10,0,0,0,0,53,36,5,0,84
2019,Gujarat,24,Surendranagar,460,Surendranagar,33,28,0,18,2,0,0,86,63,36,0,0,12,11,44,13,1,0,1,4,22,19,7,0,40
2019,Gujarat,24,Tapi,641,Tapi,17,15,0,5,8,0,0,29,11,3,1,0,1,2,17,6,1,0,1,0,3,5,2,0,12
2019,Gujarat,24,Vadodara,461,Vadodara City,10,107,0,45,66,0,0,163,81,153,0,2,9,1,144,23,9,0,2,2,227,51,13,0,249
2019,Gujarat,24,Vadodara,461,Vadodara Rural,29,77,0,10,24,0,0,141,61,17,1,0,3,1,32,22,5,0,1,0,42,4,12,0,69
2019,Gujarat,24,Vadodara,461,W.Rly Vadodara,3,5,0,8,10,0,0,22,6,0,0,0,1,0,0,0,0,0,0,0,0,0,0,0,0
2019,Gujarat,24,Vadodara,461,Western Railway Vadodara,10,0,0,0,0,0,0,0,0,0,0,0,0,0,23,0,0,0,0,0,1,14,2,0,3
2019,Gujarat,24,Valsad,462,Valsad,32,49,0,17,56,0,2,96,18,37,0,0,8,0,24,15,3,1,0,5,29,8,14,0,12
2019,Haryana,6,Ambala,58,Ambala,29,132,0,77,147,0,0,94,83,256,8,0,6,0,48,8,0,0,0,0,37,15,26,0,631
2019,Haryana,6,Ambala,58,Grp,31,5,0,9,9,0,0,21,6,0,4,0,11,0,21,0,0,0,0,0,3,4,0,0,131
2019,Haryana,6,Bhiwani,59,Bhiwani,38,197,10,227,36,0,0,209,97,278,11,0,13,3,62,15,0,2,0,10,0,63,3,0,830
2019,Haryana,6,Charki Dadri,701,Charkhi Dadri,16,34,2,41,8,0,0,48,11,39,4,0,8,0,19,5,0,0,0,6,4,18,13,0,49
2019,Haryana,6,Faridabad,60,Faridabad,91,432,31,239,225,2,0,751,213,548,26,2,18,1,345,63,3,4,6,12,257,36,122,0,2351
2019,Haryana,6,Fatehabad,61,Fatehabad,28,105,2,99,29,0,5,163,65,91,7,0,13,0,54,12,0,0,2,4,92,31,1,1,156
2019,Haryana,6,Gurugram,62,Gurugram,108,452,6,242,139,3,0,568,184,320,23,0,15,0,85,142,0,15,0,17,353,57,1,8,2614
2019,Haryana,6,Gurugram,62,Irrigation And Power,0,0,0,0,0,0,0,0,0,0,0,0,0,0,0,0,0,0,0,0,0,0,0,0,974
2019,Haryana,6,Gurugram,62,Irrigation Andpower,0,0,0,0,0,0,0,0,0,0,0,0,0,0,0,0,0,0,0,0,0,0,0,0,0
2019,Haryana,6,Hisar,63,Hansi,14,49,0,25,19,0,0,71,26,80,9,0,9,0,37,2,0,0,0,2,45,30,0,0,156
2019,Haryana,6,Hisar,63,Hissar,52,161,1,138,14,1,0,186,78,196,7,1,11,1,70,51,0,1,9,0,60,45,2,0,378
2019,Haryana,6,Jhajjar,64,Jhajjar,87,146,11,88,126,0,0,183,60,211,13,1,13,2,119,6,0,3,0,1,81,16,55,0,636
2019,Haryana,6,Jind,65,Jind,64,142,4,60,140,0,0,162,94,156,12,0,4,6,105,8,0,2,2,0,34,54,16,0,621
2019,Haryana,6,Kaithal,66,Kaithal,42,115,6,90,200,0,0,146,54,118,7,0,17,0,68,27,2,0,0,1,103,40,18,0,189
2019,Haryana,6,Karnal,67,Karnal,63,203,41,183,117,3,0,362,137,259,16,0,7,0,9,197,41,1,47,16,233,30,65,6,582
2019,Haryana,6,Kurukshetra,68,Kurukshetra,31,151,12,94,118,1,1,85,78,296,7,0,11,0,73,2,0,0,0,0,0,15,38,4,835
2019,Haryana,6,Mahendragarh,69,Mahendergarh,42,119,9,112,20,0,2,85,68,70,7,0,0,0,21,136,65,0,0,4,122,17,19,0,637
2019,Haryana,6,Nuh,604,Nuh,47,248,14,155,64,5,2,166,105,166,16,1,4,1,41,12,0,0,0,11,35,23,20,0,707
2019,Haryana,6,Palwal,619,Palwal,44,193,1,54,93,0,0,108,78,194,14,0,7,0,0,4,0,0,0,0,0,25,15,0,461
2019,Haryana,6,Panchkula,70,Panchkula,25,136,2,90,136,0,6,177,48,104,2,0,5,0,16,11,0,1,0,0,128,13,36,1,246
2019,Haryana,6,Panipat,71,Panipat,64,279,14,184,423,3,0,461,133,306,16,0,12,3,74,24,2,3,2,12,244,8,95,1,1744
2019,Haryana,6,Rewari,72,Rewari,44,140,8,119,33,0,0,138,99,198,12,0,21,0,39,9,0,1,0,3,57,10,14,0,922
2019,Haryana,6,Rohtak,73,Rohtak,75,199,13,175,257,1,3,282,90,288,13,0,10,0,84,16,0,0,0,8,155,50,0,6,973
2019,Haryana,6,Sirsa,74,Sirsa,20,216,9,87,35,0,0,186,119,158,11,0,5,0,47,4,0,0,0,8,120,39,25,1,270
2019,Haryana,6,Sonipat,75,Sonipat,97,210,0,181,172,0,2,226,88,299,18,0,11,0,49,3,0,1,0,2,79,121,0,0,959
2019,Haryana,6,Yamunanagar,76,Yamunanagar,44,191,6,49,255,0,0,241,84,238,9,0,12,1,37,24,0,1,0,28,103,13,0,0,936
2019,Himachal Pradesh,2,Bilaspur,15,Bilaspur,3,41,12,45,52,0,0,42,0,19,1,0,4,0,4,3,0,0,0,2,23,0,8,0,40
2019,Himachal Pradesh,2,Chamba,16,Chamba,14,51,10,36,17,0,0,38,0,7,0,0,8,0,4,1,0,0,0,2,16,2,2,0,22
2019,Himachal Pradesh,2,Hamirpur,17,Hamirpur,2,50,10,45,22,0,0,39,2,19,1,0,5,0,4,6,0,0,0,12,0,0,3,0,6
2019,Himachal Pradesh,2,Kangra,18,Kangra,21,126,19,113,69,0,0,106,1,30,2,0,16,0,14,5,0,0,0,8,65,2,7,1,36
2019,Himachal Pradesh,2,Kinnaur,19,Kinnaur,4,24,7,8,7,0,0,14,0,3,0,0,1,0,5,0,0,0,0,0,3,0,0,0,4
2019,Himachal Pradesh,2,Kullu,20,Kullu,8,60,18,34,43,0,0,66,7,8,0,0,2,0,17,21,0,1,7,12,13,1,1,3,27
2019,Himachal Pradesh,2,Lahul And Spiti,21,Lahaul And Spiti,0,0,0,0,0,0,0,0,0,0,0,0,0,0,0,0,0,0,0,0,1,0,0,0,2
2019,Himachal Pradesh,2,Lahul And Spiti,21,Lahaul Andspiti,0,0,0,1,0,0,0,0,0,1,0,0,0,0,0,0,0,0,0,0,0,0,0,0,0
2019,Himachal Pradesh,2,Mandi,22,Mandi,5,157,27,121,74,0,0,119,1,46,0,0,8,0,83,9,0,0,0,11,0,0,0,2,18
2019,Himachal Pradesh,2,Shimla,23,Cid,0,0,0,0,0,0,0,0,0,0,0,0,0,0,0,1,0,0,0,1,4,0,0,0,1
2019,Himachal Pradesh,2,Shimla,23,Cyber,0,0,0,0,0,0,0,0,0,0,0,0,0,0,0,10,0,0,0,0,0,0,0,0,0
2019,Himachal Pradesh,2,Shimla,23,Grp,2,0,0,0,0,0,0,0,0,0,0,0,0,0,0,0,0,0,0,0,0,0,0,0,0
2019,Himachal Pradesh,2,Shimla,23,Shimla,9,130,36,85,139,0,0,131,0,15,0,0,4,0,22,9,0,5,0,2,80,0,8,1,50
2019,Himachal Pradesh,2,Sirmaur,24,Sirmaur,3,87,21,63,56,0,0,66,0,27,0,0,1,0,27,5,0,0,0,9,28,1,1,2,6
2019,Himachal Pradesh,2,Solan,25,Baddi,9,42,10,28,24,0,0,31,1,11,0,1,5,0,12,2,0,0,0,1,33,4,3,0,32
2019,Himachal Pradesh,2,Solan,25,Solan,3,62,17,29,54,0,0,57,0,11,1,0,3,0,19,7,0,2,0,2,25,2,6,1,27
2019,Himachal Pradesh,2,Una,26,Una,5,40,10,23,31,0,0,39,0,34,0,0,6,0,29,4,0,0,0,6,33,1,0,1,6
2019,Jammu And Kashmir,1,Anantnag,1,Anantnag,2,27,0,82,80,0,0,26,1,8,0,0,2,0,0,4,0,0,0,2,19,3,0,0,52
2019,Jammu And Kashmir,1,Bandipora,623,Bandipora,1,12,0,25,18,0,0,5,7,4,0,0,0,0,0,0,0,0,0,0,9,1,0,0,0
2019,Jammu And Kashmir,1,Baramulla,3,Baramulla,11,16,0,102,76,0,0,3,3,60,0,0,2,0,0,0,0,0,0,0,27,11,0,0,139
2019,Jammu And Kashmir,1,Baramulla,3,Sopore,1,9,1,85,43,0,0,29,3,2,0,0,2,0,82,0,0,0,0,0,6,5,2,0,33
2019,Jammu And Kashmir,1,Budgam,2,Budgam,3,16,0,240,65,0,0,1,0,7,0,0,0,0,0,5,0,0,0,0,20,5,7,0,0
2019,Jammu And Kashmir,1,Doda,4,Doda,3,23,0,23,55,0,0,17,2,13,0,0,0,0,0,1,0,0,0,0,8,0,0,0,25
2019,Jammu And Kashmir,1,Ganderbal,626,Ganderbal,0,9,0,53,25,0,0,29,8,4,0,0,0,0,13,0,0,0,0,0,6,0,0,0,4
2019,Jammu And Kashmir,1,Jammu,5,Crime Jammu,0,0,0,0,0,0,0,0,0,0,0,0,0,0,0,10,5,0,0,0,53,0,0,0,5
2019,Jammu And Kashmir,1,Jammu,5,Crime Srinagar,0,0,0,0,0,0,0,0,0,0,0,0,0,0,0,0,0,0,0,0,0,0,0,0,0
2019,Jammu And Kashmir,1,Jammu,5,Jammu,25,74,0,120,159,0,0,35,33,49,4,0,6,0,53,23,0,0,0,0,0,3,156,0,880
2019,Jammu And Kashmir,1,Jammu,5,Railways Jammu,0,0,0,0,1,0,0,1,0,0,0,0,0,0,0,0,0,0,0,0,0,0,0,0,1
2019,Jammu And Kashmir,1,Jammu,5,Railways Kashmir,0,0,0,0,0,0,0,1,1,0,0,0,0,0,0,0,0,0,0,0,0,0,0,0,0
2019,Jammu And Kashmir,1,Kargil,6,Kargil,0,0,1,0,1,0,0,0,0,0,0,0,0,0,0,0,0,0,0,0,0,0,0,0,0
2019,Jammu And Kashmir,1,Kathua,7,Kathua,10,32,4,17,44,0,0,36,8,10,1,0,1,0,25,0,0,0,0,0,0,3,5,0,27
2019,Jammu And Kashmir,1,Kishtwar,620,Kishtwar,2,24,4,19,23,0,0,20,0,4,0,0,1,0,0,0,0,0,0,0,7,2,0,0,28
2019,Jammu And Kashmir,1,Kulgam,622,Kulgam,6,22,0,135,40,0,0,2,0,8,0,0,0,0,0,0,0,0,0,0,23,6,0,0,78
2019,Jammu And Kashmir,1,Kupwara,8,Handwara,3,6,2,25,25,0,0,12,0,7,0,0,3,0,0,0,0,0,0,0,7,0,0,0,27
2019,Jammu And Kashmir,1,Kupwara,8,Kupwara,3,10,0,30,43,0,0,4,4,18,0,0,0,0,0,0,0,0,0,0,6,3,0,0,57
2019,Jammu And Kashmir,1,Leh Ladakh,9,Leh,0,2,0,7,0,0,0,1,1,1,0,0,0,0,0,0,0,0,0,0,0,0,0,0,0
2019,Jammu And Kashmir,1,Poonch,10,Poonch,0,45,1,30,44,0,0,23,6,3,0,0,0,0,18,5,0,1,1,4,11,0,1,0,4
2019,Jammu And Kashmir,1,Pulwama,11,Awantipora,1,0,0,29,12,0,0,0,0,2,0,0,0,0,0,0,0,0,0,0,2,1,0,0,80
2019,Jammu And Kashmir,1,Pulwama,11,Pulwama,11,10,1,17,26,0,0,10,0,2,0,0,1,0,0,1,0,0,0,1,6,6,2,0,0
2019,Jammu And Kashmir,1,Rajouri,12,Rajouri,13,66,2,79,59,0,0,21,4,33,0,0,1,0,43,11,3,0,1,0,18,1,8,0,438
2019,Jammu And Kashmir,1,Ramban,621,Ramban,4,24,0,23,38,0,0,22,4,5,2,0,2,0,22,2,0,0,0,0,3,1,0,0,30
2019,Jammu And Kashmir,1,Reasi,627,Railways Katra,0,0,0,0,0,0,0,0,0,0,0,0,0,0,0,0,0,0,0,0,0,0,0,0,2
2019,Jammu And Kashmir,1,Reasi,627,Reasi,1,21,0,35,45,0,0,32,3,3,0,0,0,0,0,1,0,1,0,0,9,0,0,0,33
2019,Jammu And Kashmir,1,Samba,624,Samba,3,15,0,9,30,0,0,17,3,9,0,0,2,0,0,0,0,0,0,0,0,1,0,0,80
2019,Jammu And Kashmir,1,Shopian,625,Shopian,8,2,1,33,39,0,0,14,0,3,0,0,0,0,0,4,0,0,0,0,4,1,0,0,56
2019,Jammu And Kashmir,1,Srinagar,13,Crime Srinagar,0,0,0,0,0,0,0,0,0,0,0,0,0,0,0,9,0,0,0,0,0,0,0,0,1
2019,Jammu And Kashmir,1,Srinagar,13,Srinagar,6,31,5,213,117,0,0,71,9,48,0,0,2,0,78,6,1,3,0,0,29,21,30,0,6
2019,Jammu And Kashmir,1,Udhampur,14,Udhampur,5,35,1,32,54,0,0,38,13,44,1,0,1,0,38,6,0,5,0,0,18,0,0,0,213
2019,Jharkhand,20,Bokaro,322,Bokaro,58,199,38,91,97,0,2,103,0,142,103,0,0,0,0,0,0,0,0,0,68,33,79,0,310
2019,Jharkhand,20,Chatra,323,Chatra,50,92,11,20,44,10,2,52,37,25,81,0,0,0,0,31,0,0,0,0,57,46,7,0,145
2019,Jharkhand,20,Deoghar,324,Deoghar,70,91,21,315,25,5,6,65,13,95,198,0,0,0,0,74,0,0,0,0,116,30,50,0,308
2019,Jharkhand,20,Dhanbad,325,Dhanbad,64,189,61,61,59,4,0,212,141,51,123,0,5,0,124,135,0,76,0,0,36,47,75,0,215
2019,Jharkhand,20,Dhanbad,325,Dhanbad Railway,5,3,1,6,1,0,2,7,0,0,1,0,3,0,0,0,0,0,0,0,0,2,1,0,3
2019,Jharkhand,20,Dumka,326,Dumka,57,72,0,26,33,0,4,51,18,27,24,0,2,0,0,14,0,0,0,0,20,32,0,0,177
2019,Jharkhand,20,East Singhbum,327,Jamshedpur,79,200,16,68,96,0,1,32,32,86,154,0,4,0,0,79,0,51,0,0,366,29,49,3,48
2019,Jharkhand,20,East Singhbum,327,Jamshedpur Railway,5,0,0,5,2,0,0,4,0,0,1,0,0,0,2,0,0,0,0,0,1,5,0,0,3
2019,Jharkhand,20,Garhwa,328,Garhwa,91,198,27,62,0,6,3,127,75,102,263,0,11,0,0,17,0,9,0,0,272,28,76,0,702
2019,Jharkhand,20,Giridih,329,Giridih,79,250,17,398,88,2,7,119,27,118,197,0,0,0,0,41,0,35,0,0,175,35,25,0,146
2019,Jharkhand,20,Godda,330,Godda,59,160,52,41,22,2,6,75,32,57,24,0,0,0,0,0,0,0,0,0,90,13,0,0,967
2019,Jharkhand,20,Gumla,331,Gumla,154,195,41,10,46,0,48,187,30,34,37,0,9,5,24,88,44,0,0,0,39,31,29,0,47
2019,Jharkhand,20,Hazaribagh,332,Hazaribagh,74,243,54,17,46,0,2,98,0,79,200,0,2,0,0,99,6,76,0,0,22,47,282,0,871
2019,Jharkhand,20,Jamtara,333,Jamtara,18,40,5,59,5,2,3,31,14,39,49,0,0,0,0,76,0,0,0,0,26,12,6,0,106
2019,Jharkhand,20,Khunti,606,Khunti,68,58,0,2,0,1,11,8,8,4,8,0,0,0,0,18,3,3,0,2,21,13,0,0,51
2019,Jharkhand,20,Koderma,334,Koderma,26,30,0,21,21,0,0,45,14,17,25,0,0,0,0,7,0,3,0,3,39,7,26,0,83
2019,Jharkhand,20,Latehar,335,Latehar,50,84,3,48,11,0,4,39,35,3,48,0,4,0,0,23,0,0,0,0,35,19,12,0,60
2019,Jharkhand,20,Lohardaga,336,Lohardagga,28,98,6,20,8,0,6,17,0,14,24,0,0,0,0,0,0,0,0,0,26,19,1,0,0
2019,Jharkhand,20,Pakur,337,Pakur,33,70,0,15,15,0,6,28,0,18,1,0,0,0,0,15,0,0,0,0,26,6,9,0,392
2019,Jharkhand,20,Palamu,338,Palamu,87,144,9,51,35,12,4,109,55,95,114,0,3,0,0,48,0,1,0,3,184,37,23,1,68
2019,Jharkhand,20,Ramgarh,607,Ramgarh,27,50,1,38,8,2,11,33,0,16,45,0,0,0,0,56,0,0,0,0,33,19,0,0,49
2019,Jharkhand,20,Ranchi,339,Ranchi,163,304,0,75,18,4,18,83,76,115,135,0,0,0,0,267,0,37,11,0,186,215,0,0,807
2019,Jharkhand,20,Sahebganj,340,Sahebganj,78,360,8,221,39,0,21,27,27,316,282,0,2,0,0,11,0,0,0,0,366,35,0,0,489
2019,Jharkhand,20,Saraikela Kharsawan,341,Saraikela,58,63,1,40,22,20,2,33,22,28,31,0,3,0,0,43,0,43,0,0,76,18,40,0,10
2019,Jharkhand,20,Simdega,342,Simdega,77,113,0,5,7,0,36,23,11,12,2,0,0,0,0,8,0,0,0,0,15,5,0,0,80
2019,Jharkhand,20,West Singhbhum,343,Chaibasa,115,151,25,26,17,0,7,66,0,6,28,0,5,0,0,18,0,18,0,0,69,16,15,0,152
2019,Karnataka,29,Bagalkote,524,Bagalkot,40,30,0,181,38,2,0,80,34,30,13,0,4,0,0,4,0,0,0,0,65,17,7,0,14
2019,Karnataka,29,Ballari,528,Ballari,47,92,0,141,80,0,9,216,65,69,101,0,7,0,8,69,0,63,0,3,125,23,5,11,11
2019,Karnataka,29,Belagavi,527,Belagavi City,19,19,0,36,39,0,0,116,18,77,11,0,9,5,22,13,0,1,0,0,102,21,4,5,8
2019,Karnataka,29,Belagavi,527,Belagavi District,80,111,0,215,59,1,0,195,91,112,24,0,17,6,21,9,0,0,0,0,135,32,20,0,11
2019,Karnataka,29,Belagavi,527,K.G.F.,7,30,0,33,15,0,0,48,27,13,15,0,1,3,6,19,0,1,0,0,18,10,5,0,3
2019,Karnataka,29,Bengaluru Urban,525,Bengaluru City,222,547,5,854,1556,34,14,1488,351,469,791,4,109,6,195,10555,0,10020,0,267,2242,742,91,96,390
2019,Karnataka,29,Bengaluru Urban,525,Bengaluru District,74,94,0,125,173,4,1,274,80,82,38,0,0,0,0,19,0,4,0,1,281,112,19,1,29
2019,Karnataka,29,Bengaluru Urban,525,K.Railways,16,0,0,10,0,0,0,17,1,0,1,0,12,0,0,0,0,0,0,0,9,89,2,0,11
2019,Karnataka,29,Bidar,529,Bidar,52,60,2,89,42,1,0,189,39,111,44,0,8,13,16,36,0,19,0,3,37,38,5,1,19
2019,Karnataka,29,Chamarajanagara,531,Chamarajnagar,23,40,0,149,28,0,0,65,35,52,10,0,2,0,0,23,0,4,0,5,21,15,6,0,10
2019,Karnataka,29,Chikkaballapura,630,Chikkaballapura,27,93,0,63,48,1,0,169,73,17,29,0,14,0,7,23,0,2,0,1,103,36,11,11,5
2019,Karnataka,29,Chikkamagaluru,532,Chikkamagaluru,26,71,0,145,63,1,0,153,64,65,23,0,10,6,3,26,0,16,0,1,73,43,10,1,16
2019,Karnataka,29,Chitradurga,533,Chitradurga,36,74,0,246,79,0,0,163,52,49,37,0,0,0,8,29,4,8,1,0,92,34,4,3,16
2019,Karnataka,29,Dakshina Kannada,534,Dakshina Kannada,16,60,0,42,17,1,0,143,57,25,4,1,0,0,0,21,0,0,0,10,49,5,17,1,17
2019,Karnataka,29,Dakshina Kannada,534,Mangaluru City,19,38,0,54,34,0,4,163,56,35,19,0,1,0,12,125,0,113,0,10,114,47,15,9,60
2019,Karnataka,29,Davangere,535,Davanagere,40,79,0,167,78,2,1,173,65,58,66,0,3,0,4,45,0,45,0,0,0,50,8,1,23
2019,Karnataka,29,Dharwad,536,Dharwad,24,39,0,25,9,0,1,41,29,3,5,0,0,0,0,0,0,0,0,0,34,6,3,0,6
2019,Karnataka,29,Dharwad,536,Hubballi Dharwad City,13,21,0,39,24,2,6,78,19,57,0,0,2,1,32,110,0,15,0,0,79,45,16,1,12
2019,Karnataka,29,Gadag,537,Gadag,12,38,0,72,16,0,0,38,18,16,7,0,5,0,0,11,0,0,0,0,30,7,4,0,6
2019,Karnataka,29,Hassan,539,Hassan,51,90,0,202,131,0,0,169,87,84,91,0,18,0,0,20,0,2,0,8,147,53,3,3,66
2019,Karnataka,29,Haveri,540,Haveri,26,61,0,72,50,0,0,112,44,33,36,0,5,0,12,16,0,0,0,0,59,24,5,3,8
2019,Karnataka,29,Kalaburagi,538,Kalaburgi,42,59,0,157,22,2,0,144,73,112,41,0,3,0,16,17,0,0,0,2,28,16,1,2,39
2019,Karnataka,29,Kalaburagi,538,Kalaburgi City,32,14,0,48,7,1,2,32,9,37,3,0,1,0,21,15,0,1,0,2,38,66,6,0,28
2019,Karnataka,29,Kodagu,541,Kodagu,35,63,0,34,45,0,0,107,66,35,4,0,3,5,0,67,0,5,0,13,45,13,7,5,13
2019,Karnataka,29,Kolar,542,Kolar,33,44,0,77,34,0,0,95,49,30,23,0,7,3,9,24,1,0,0,0,67,22,6,0,21
2019,Karnataka,29,Koppal,543,Koppal,21,63,0,88,33,0,0,119,57,60,6,0,5,0,0,35,0,31,0,0,66,12,8,2,31
2019,Karnataka,29,Mandya,544,Mandya,48,58,0,198,140,3,0,202,70,71,35,0,13,0,22,64,0,0,0,0,117,62,26,5,35
2019,Karnataka,29,Mysuru,545,Mysuru City,16,54,1,73,78,1,4,123,34,75,95,0,7,3,3,277,3,4,3,9,187,83,13,32,19
2019,Karnataka,29,Mysuru,545,Mysuru District,48,91,1,184,80,0,2,222,68,57,15,0,13,0,17,35,0,4,0,1,80,27,6,8,22
2019,Karnataka,29,Raichur,546,Raichur,21,52,1,137,48,0,2,117,43,93,75,0,12,0,2,16,0,0,0,0,132,14,5,0,31
2019,Karnataka,29,Ramanagara,631,Ramanagara,49,66,1,131,132,0,0,145,57,67,36,0,6,0,18,69,0,2,0,3,102,93,8,0,18
2019,Karnataka,29,Shivamogga,547,Shimoga,40,119,0,335,117,1,0,234,117,80,72,0,15,0,20,114,0,103,0,6,151,74,3,0,10
2019,Karnataka,29,Tumakuru,548,Tumakuru,59,79,0,109,90,0,2,347,71,47,81,0,9,12,31,27,0,1,0,2,166,71,11,7,30
2019,Karnataka,29,Udupi,549,Udupi,19,61,0,97,26,0,0,80,53,62,26,0,0,0,10,30,0,1,0,4,121,23,10,2,34
2019,Karnataka,29,Uttara Kannada,550,Uttara Kannada,23,51,0,155,34,0,0,88,46,50,23,0,5,0,6,49,0,44,0,1,44,19,22,1,51
2019,Karnataka,29,Vijayapura,530,Vijayapura,61,43,0,115,61,0,0,84,33,87,22,0,13,0,0,9,0,0,0,0,74,41,11,2,21
2019,Karnataka,29,Yadgir,635,Yadgiri,14,35,0,150,26,0,0,76,32,53,17,0,7,1,9,11,0,6,0,0,29,5,1,1,11
2019,Kerala,32,Alappuzha,554,Alapuzha,24,223,77,364,35,2,3,246,66,149,2,0,6,15,25,8,0,1,0,8,288,59,23,0,129
2019,Kerala,32,Ernakulam,555,Ernakulam Commissionerate,22,154,32,264,12,0,11,0,0,97,0,0,1,0,12,66,14,4,2,8,439,57,34,0,120
2019,Kerala,32,Ernakulam,555,Ernakulam Commr.,4,32,0,43,9,0,3,175,32,0,0,0,0,13,0,0,0,0,0,0,0,0,0,0,0
2019,Kerala,32,Ernakulam,555,Ernakulam Rural,32,230,71,426,48,2,94,273,36,122,1,1,0,4,34,13,0,2,0,9,364,30,55,1,24
2019,Kerala,32,Idukki,556,Idukki,19,189,57,262,6,0,8,201,65,95,0,0,3,8,0,10,0,5,0,6,294,21,10,0,208
2019,Kerala,32,Kannur,557,Kannur,8,197,62,263,13,1,80,264,128,236,0,0,5,10,41,10,0,0,1,8,251,44,16,0,356
2019,Kerala,32,Kasaragod,558,Kasargod,10,174,57,222,9,0,0,188,20,103,0,0,0,24,14,13,2,0,1,0,107,34,7,0,93
2019,Kerala,32,Kollam,559,Kollam Commissionerate,21,101,55,217,9,0,20,0,0,149,1,0,3,0,29,11,0,4,0,7,177,66,21,1,136
2019,Kerala,32,Kollam,559,Kollam Commr.,1,55,0,4,10,0,10,160,57,0,0,0,0,2,0,0,0,0,0,0,0,0,0,0,0
2019,Kerala,32,Kollam,559,Kollam Rural,25,200,76,348,10,0,0,194,46,156,0,0,1,0,0,10,0,0,0,2,137,39,6,1,338
2019,Kerala,32,Kottayam,560,Kottayam,24,220,62,345,35,0,3,229,46,90,0,0,0,7,18,9,0,0,0,8,302,32,14,0,342
2019,Kerala,32,Kozhikode,561,Kozhikode Commissionerate,7,106,49,182,20,0,10,0,0,166,1,0,0,0,26,26,1,1,2,2,133,46,15,0,214
2019,Kerala,32,Kozhikode,561,Kozhikode Commr.,0,48,0,37,15,0,6,199,31,0,0,0,0,30,0,0,0,0,0,0,0,0,0,0,0
2019,Kerala,32,Kozhikode,561,Kozhikode Rural,17,160,50,320,40,0,14,266,52,298,2,0,2,6,18,18,0,3,0,9,123,24,24,0,149
2019,Kerala,32,Malappuram,562,Malappuram,13,412,119,511,35,2,3,533,195,439,0,0,6,55,107,13,0,4,0,15,290,37,34,0,181
2019,Kerala,32,Palakkad,563,Palakkad,27,292,104,350,43,0,30,313,50,219,0,0,2,0,70,12,4,0,0,5,249,75,24,0,136
2019,Kerala,32,Pathanamthitta,564,Pathanamthitta,14,182,61,174,8,0,29,207,57,75,0,2,0,2,22,12,0,1,0,10,190,19,7,0,148
2019,Kerala,32,Thiruvananthapuram,565,Crime Branch,7,7,0,2,0,1,1,3,3,0,0,0,0,0,0,1,0,0,0,0,319,1,6,0,6
2019,Kerala,32,Thiruvananthapuram,565,Railways,0,4,0,41,0,0,2,6,5,0,0,0,0,0,2,0,0,0,0,0,3,25,0,0,1
2019,Kerala,32,Thiruvananthapuram,565,Trivandrum Commissionerate,15,145,36,226,2,0,5,0,0,116,0,0,4,0,25,103,9,5,19,20,183,75,47,2,33
2019,Kerala,32,Thiruvananthapuram,565,Trivandrum Commr.,0,35,0,6,15,0,2,205,115,0,0,0,0,2,0,0,0,0,0,0,0,0,0,0,0
2019,Kerala,32,Thiruvananthapuram,565,Trivandrum Rural,34,416,166,366,15,0,3,405,157,229,3,0,5,13,39,28,1,3,1,15,250,79,18,0,886
2019,Kerala,32,Thrissur,566,Thrissur Commissionerate,15,182,57,202,4,0,14,0,0,182,1,0,0,0,53,13,2,3,0,7,1200,36,0,2,98
2019,Kerala,32,Thrissur,566,Thrissur Commr.,0,55,0,5,8,0,6,231,90,0,0,0,0,32,0,0,0,0,0,0,0,0,0,0,0
2019,Kerala,32,Thrissur,566,Thrissur Rural,13,150,51,280,32,0,0,275,36,169,0,0,3,22,28,9,0,1,1,3,386,19,7,0,235
2019,Kerala,32,Wayanad,567,Wayanadu,9,174,65,226,25,0,2,181,0,74,0,0,1,0,12,5,1,1,0,0,76,10,5,3,15
2019,Ladakh,37,Kargil,6,Kargil,0,0,0,0,0,0,0,0,0,0,0,0,0,0,0,0,0,0,0,0,1,0,0,0,23
2019,Ladakh,37,Leh Ladakh,9,Leh,2,2,0,0,0,0,0,0,0,0,0,0,0,0,0,0,0,0,0,0,6,0,0,0,0
2019,Lakshadweep,31,Lakshadweep District,553,Lakshadweep,0,14,0,13,0,0,0,26,25,0,0,0,0,0,0,4,0,1,0,3,0,0,0,0,22
2019,Madhya Pradesh,23,Agar Malwa,667,Agar,0,0,0,0,13,0,0,60,34,0,0,0,1,11,0,0,0,0,0,0,0,0,0,0,0
2019,Madhya Pradesh,23,Agar-Malwa,667,Agar,11,45,0,44,0,0,0,0,0,47,2,0,5,0,18,0,0,0,0,0,10,12,0,0,16
2019,Madhya Pradesh,23,Alirajpur,639,Alirajpur,52,188,0,43,120,0,0,186,70,24,0,0,15,14,176,0,0,0,0,0,6,24,0,0,2
2019,Madhya Pradesh,23,Anuppur,390,Anuppur,38,122,0,47,218,2,0,261,81,65,11,0,6,21,37,9,0,0,0,2,10,13,9,0,57
2019,Madhya Pradesh,23,Ashoknagar,391,Ashok Nagar,24,137,0,66,115,0,2,204,99,53,5,0,7,28,144,1,0,1,0,0,16,7,0,0,29
2019,Madhya Pradesh,23,Balaghat,392,Balaghat,43,220,1,113,425,0,0,386,101,147,18,0,11,46,42,0,0,0,0,0,38,12,0,0,4
2019,Madhya Pradesh,23,Barwani,393,Barwani,42,103,0,49,57,1,0,159,84,32,5,0,13,13,166,5,1,0,1,2,1,8,11,0,96
2019,Madhya Pradesh,23,Betul,394,Betul,43,391,2,118,256,0,3,367,101,77,11,1,16,0,93,2,0,0,0,2,26,9,7,0,0
2019,Madhya Pradesh,23,Bhind,395,Bhind,47,105,0,69,204,0,0,171,48,133,28,0,0,0,0,0,0,0,0,0,50,29,0,0,267
2019,Madhya Pradesh,23,Bhopal,396,Bhopal,74,524,1,371,950,0,3,1324,375,394,39,0,21,102,1199,37,3,3,5,3,153,103,14,0,2308
2019,Madhya Pradesh,23,Bhopal,396,Bhopal Railway,2,12,1,26,9,0,0,19,8,1,1,0,0,0,0,0,0,0,0,0,5,23,0,0,28
2019,Madhya Pradesh,23,Bhopal,396,Cyber Crime Cell,0,0,0,0,0,0,0,0,0,0,0,0,0,0,0,0,0,0,0,0,0,0,0,0,0
2019,Madhya Pradesh,23,Burhanpur,397,Burhanpur,19,62,0,46,41,0,0,132,70,16,4,0,2,0,76,0,0,0,0,0,5,3,0,0,10
2019,Madhya Pradesh,23,Chhatarpur,398,Chhatarpur,46,159,0,83,256,2,0,502,222,121,17,0,16,8,210,7,0,1,0,4,16,30,0,1,12
2019,Madhya Pradesh,23,Chhindwara,399,Chhindwara,66,200,0,81,462,0,3,388,42,76,10,0,15,31,113,0,0,0,0,0,25,8,0,0,1484
2019,Madhya Pradesh,23,Cyber Crime,9999,Cyber Crime Cell,0,0,0,0,0,0,0,0,0,0,0,0,0,0,0,0,0,0,0,0,0,0,0,0,0
2019,Madhya Pradesh,23,Cyber Crime Cell,9999,Cyber Crime Cell,0,0,0,0,0,0,0,3,0,0,0,0,0,0,0,337,0,55,0,108,0,0,0,0,0
2019,Madhya Pradesh,23,Damoh,400,Damoh,37,64,0,84,285,0,0,224,60,62,16,0,22,0,18,0,0,0,0,0,0,5,0,0,31
2019,Madhya Pradesh,23,Datia,401,Datia,21,76,0,92,131,0,0,123,41,65,10,0,4,2,0,10,2,2,0,4,14,17,0,0,56
2019,Madhya Pradesh,23,Dewas,402,Dewas,32,204,2,180,253,0,3,372,155,213,5,0,13,50,393,1,0,0,0,0,0,24,0,0,228
2019,Madhya Pradesh,23,Dhar,403,Dhar,58,385,1,137,526,0,0,570,203,81,10,0,20,35,290,10,0,0,0,0,0,72,7,0,10
2019,Madhya Pradesh,23,Dindori,404,Dindori,24,117,0,58,163,0,5,164,58,91,2,0,11,6,19,8,0,0,2,0,10,3,0,0,46
2019,Madhya Pradesh,23,Guna,406,Guna,38,145,1,118,186,2,3,262,127,85,7,0,8,12,112,0,0,0,0,0,34,31,4,0,245
2019,Madhya Pradesh,23,Gwalior,407,Gwalior,66,394,6,296,473,2,7,703,249,497,37,0,29,24,271,54,0,7,0,39,224,120,81,2,44
2019,Madhya Pradesh,23,Harda,408,Harda,15,109,0,37,47,0,2,171,93,51,2,0,3,10,59,1,0,1,0,0,24,3,0,0,40
2019,Madhya Pradesh,23,Indore,410,Cyber Crime Cell,0,0,0,0,0,0,0,0,0,0,0,0,0,0,0,0,0,0,0,37,0,0,0,0,0
2019,Madhya Pradesh,23,Indore,410,Indore,89,597,1,435,1168,3,2,1225,395,572,19,2,33,103,392,86,11,2,16,0,139,78,15,13,192
2019,Madhya Pradesh,23,Indore,410,Indore Railway,0,0,0,9,3,0,0,7,3,1,0,0,3,0,0,0,0,0,0,0,0,3,0,0,17
2019,Madhya Pradesh,23,Indore,410,Khandwa,3,0,0,0,89,0,0,284,154,0,0,0,1,0,0,0,0,0,0,0,0,0,0,0,0
2019,Madhya Pradesh,23,Jabalpur,411,Jabalpur,76,397,0,231,825,2,3,937,201,422,36,0,19,114,701,0,0,0,0,0,55,74,35,0,532
2019,Madhya Pradesh,23,Jabalpur,411,Jabalpur Railway,4,0,0,10,6,0,0,17,3,3,0,1,0,0,0,0,0,0,0,0,0,8,2,0,60
2019,Madhya Pradesh,23,Jhabua,412,Jhabua,29,142,0,29,88,1,0,131,23,9,0,0,11,0,185,0,0,0,0,0,7,29,0,0,13
2019,Madhya Pradesh,23,Katni,413,Katni,24,106,0,83,312,0,0,333,89,35,16,0,5,31,62,4,1,1,0,0,23,10,0,0,45
2019,Madhya Pradesh,23,Khandwa (East Nimar),405,Khandwa,25,163,0,121,82,0,0,0,0,49,3,0,11,0,0,0,0,0,0,0,0,19,0,0,1430
2019,Madhya Pradesh,23,Khargone,414,Khargone,4,0,0,0,150,0,0,442,208,0,0,0,4,21,0,0,0,0,0,0,0,0,0,0,0
2019,Madhya Pradesh,23,Khargone (West Nimar),414,Khargone,39,223,0,146,30,0,0,0,0,77,4,0,17,0,109,0,0,0,0,0,12,18,4,0,17
2019,Madhya Pradesh,23,Mandla,415,Mandla,29,59,0,31,186,0,5,205,37,29,5,0,7,3,42,0,0,0,0,0,7,7,0,0,2
2019,Madhya Pradesh,23,Mandsaur,416,Mandsaur,16,87,1,91,154,0,11,193,103,25,3,0,12,0,55,10,0,0,3,0,17,19,4,0,17
2019,Madhya Pradesh,23,Morena,417,Morena,49,151,2,102,180,4,0,335,109,176,31,0,22,24,193,0,0,0,0,0,83,43,24,0,10
2019,Madhya Pradesh,23,Narmadapuram,409,Hoshangabad,39,170,0,122,272,0,3,327,119,100,8,0,11,34,157,1,0,0,0,1,23,15,0,0,27
2019,Madhya Pradesh,23,Narsimhapur,418,Narsinghpur,33,89,0,65,105,0,0,0,0,40,11,1,3,0,152,1,0,0,0,0,22,6,0,0,12
2019,Madhya Pradesh,23,Narsinghpur,418,Narsinghpur,4,0,0,0,134,0,0,219,68,0,0,0,0,12,0,0,0,0,0,0,0,0,0,0,0
2019,Madhya Pradesh,23,Neemuch,419,Neemuch,9,69,0,36,70,0,4,102,54,43,1,0,6,0,43,10,1,0,1,0,19,11,0,0,14
2019,Madhya Pradesh,23,Niwari,722,Niwari,17,78,0,32,38,0,0,106,32,47,3,0,3,0,14,5,0,0,0,0,16,3,1,0,41
2019,Madhya Pradesh,23,Panna,420,Panna,28,46,0,83,281,0,0,297,49,38,17,0,10,3,20,2,0,1,0,0,0,2,0,0,28
2019,Madhya Pradesh,23,Raisen,421,Raisen,33,225,0,113,330,0,2,371,141,78,9,0,6,23,0,0,0,0,0,0,21,11,0,0,213
2019,Madhya Pradesh,23,Rajgarh,422,Rajgarh,18,131,1,135,151,1,0,319,146,133,3,0,12,0,319,4,0,0,0,5,18,27,0,0,0
2019,Madhya Pradesh,23,Ratlam,423,Ratlam,29,318,0,156,313,0,0,477,197,119,4,2,22,4,82,24,4,0,1,0,62,18,20,0,76
2019,Madhya Pradesh,23,Rewa,424,Rewa,63,224,1,138,671,2,0,761,158,114,34,0,25,56,263,0,0,0,0,0,38,132,62,1,3089
2019,Madhya Pradesh,23,Sagar,425,Sagar,93,522,1,173,393,0,4,937,252,128,24,0,23,155,136,25,4,0,3,0,49,27,0,2,56
2019,Madhya Pradesh,23,Satna,426,Satna,47,412,3,132,374,1,6,622,158,131,21,0,19,10,31,0,0,0,0,0,37,48,0,0,0
2019,Madhya Pradesh,23,Sehore,427,Sehore,18,257,1,96,163,0,3,311,150,82,6,0,12,0,77,0,0,0,0,0,8,26,0,0,153
2019,Madhya Pradesh,23,Seoni,428,Seoni,21,265,0,97,197,0,0,333,74,136,9,0,6,15,91,8,1,0,1,0,16,5,0,0,936
2019,Madhya Pradesh,23,Shahdol,429,Shahdol,46,152,1,96,332,0,0,388,119,151,10,1,16,20,83,8,1,0,3,0,33,23,13,0,59
2019,Madhya Pradesh,23,Shajapur,430,Shajapur,15,90,0,80,79,0,0,165,88,57,5,0,6,25,171,13,1,0,2,1,16,10,3,0,20
2019,Madhya Pradesh,23,Sheopur,431,Sheopur,8,44,0,19,35,1,0,59,33,19,1,0,4,2,4,1,0,0,0,1,12,7,0,0,27
2019,Madhya Pradesh,23,Shivpuri,432,Shivpuri,60,158,2,142,269,1,0,378,100,64,18,0,10,43,39,0,0,0,0,0,59,30,0,0,1689
2019,Madhya Pradesh,23,Sidhi,433,Sidhi,28,65,0,63,193,0,0,262,62,63,9,0,21,0,137,11,0,0,0,0,20,18,9,0,28
2019,Madhya Pradesh,23,Singrauli,638,Singrauli,48,196,0,52,135,0,6,306,75,81,18,0,18,11,50,16,2,0,1,0,11,11,5,0,26
2019,Madhya Pradesh,23,Tikamgarh,434,Tikamgarh,23,159,0,66,135,0,3,293,105,39,16,0,8,38,28,8,2,0,1,0,20,6,0,0,57
2019,Madhya Pradesh,23,Ujjain,435,Ujjain,50,193,0,239,249,1,0,538,137,172,6,1,10,54,157,34,6,1,2,2,62,53,0,2,2458
2019,Madhya Pradesh,23,Umaria,436,Umaria,20,60,0,28,119,0,2,131,39,44,4,0,4,12,41,0,0,0,0,0,4,6,0,0,15
2019,Madhya Pradesh,23,Vidisha,437,Vidisha,42,229,0,160,280,0,3,466,123,126,15,0,20,41,182,0,0,0,0,0,15,13,1,0,31
2019,Maharashtra,27,Ahmednagar,466,Ahmednagar,86,237,0,510,488,2,0,414,205,491,7,0,56,2,50,35,7,5,2,3,235,441,0,7,132
2019,Maharashtra,27,Akola,467,Akola,37,123,0,200,204,0,0,279,128,254,4,0,15,20,35,39,9,2,2,0,75,45,1,0,353
2019,Maharashtra,27,Amravati,468,Amravati Commissionerate,34,126,0,228,88,0,0,0,0,108,1,0,7,0,96,72,22,1,8,1,91,65,29,0,50
2019,Maharashtra,27,Amravati,468,Amravati Commr.,0,0,0,0,122,0,0,292,129,0,0,0,0,28,0,0,0,0,0,0,0,0,0,0,0
2019,Maharashtra,27,Amravati,468,Amravati Rural,46,147,0,178,249,0,6,303,117,184,5,0,31,30,141,68,23,12,1,8,36,22,12,0,142
2019,Maharashtra,27,Aurangabad,469,Aurangabad Commr.,2,0,0,0,198,1,0,340,111,0,0,0,1,9,0,0,0,0,0,0,0,0,0,0,0
2019,Maharashtra,27,Aurangabad,469,Aurangabad Railway,1,0,0,0,7,0,0,14,0,0,0,0,0,0,0,0,0,0,0,0,0,0,0,0,0
2019,Maharashtra,27,Aurangabad,469,Aurangabad Rural,6,0,0,0,84,0,0,179,74,0,0,0,4,2,0,0,0,0,0,0,0,0,0,0,0
2019,Maharashtra,27,Beed,470,Beed,58,158,0,206,168,1,8,272,115,263,11,1,38,7,137,51,12,2,5,0,62,64,22,0,80
2019,Maharashtra,27,Bhandara,471,Bhandara,27,96,0,97,177,2,0,168,44,47,4,0,3,2,46,61,17,1,8,1,59,14,0,0,45
2019,Maharashtra,27,Buldhana,472,Buldhana,39,131,0,271,188,0,0,275,123,188,13,0,22,6,124,74,23,0,6,2,131,103,3,3,75
2019,Maharashtra,27,Chandrapur,473,Chandrapur,36,213,0,181,295,2,0,340,129,113,5,0,8,0,102,159,54,6,3,8,116,40,0,3,98
2019,Maharashtra,27,Chhatrapati Sambhajinagar,469,Aurangabad Commissionerate,35,130,0,245,123,2,0,0,0,234,3,0,18,0,162,148,43,2,16,3,131,169,4,3,106
2019,Maharashtra,27,Chhatrapati Sambhajinagar,469,Aurangabad Railway,1,2,0,18,7,0,0,0,0,0,0,0,0,0,28,0,0,0,0,0,4,115,0,0,5
2019,Maharashtra,27,Chhatrapati Sambhajinagar,469,Aurangabad Rural,36,90,0,96,36,0,0,0,0,214,10,0,27,0,64,26,4,0,7,0,67,49,3,2,186
2019,Maharashtra,27,Dharashiv,488,Osmanabad,41,99,0,149,36,0,0,0,0,73,3,0,23,0,141,32,6,1,3,0,80,46,2,0,69
2019,Maharashtra,27,Dhule,474,Dhule,29,77,0,107,92,0,0,159,52,293,2,0,16,0,17,60,19,0,4,0,131,161,0,0,634
2019,Maharashtra,27,Gadchiroli,475,Gadchiroli,40,71,0,59,87,2,0,109,58,20,2,0,3,0,15,47,15,1,2,0,37,10,2,0,36
2019,Maharashtra,27,Gondia,476,Gondia,39,94,0,126,200,2,0,196,73,39,6,1,6,0,72,59,18,1,2,3,55,31,0,0,39
2019,Maharashtra,27,Hingoli,477,Hingoli,30,66,0,70,67,2,0,102,48,144,4,1,10,2,51,22,6,0,2,0,7,28,2,1,19
2019,Maharashtra,27,Jalgaon,478,Jalgaon,66,269,0,247,198,1,0,343,132,266,4,1,28,2,177,98,35,8,0,6,173,206,0,2,287
2019,Maharashtra,27,Jalna,479,Jalna,39,100,0,280,65,1,0,129,22,396,2,0,5,0,110,16,6,0,0,0,132,102,11,0,492
2019,Maharashtra,27,Kolhapur,480,Kolhapur,51,212,0,192,422,4,33,393,136,139,7,0,20,1,171,56,16,1,3,1,218,180,9,1,457
2019,Maharashtra,27,Latur,481,Latur,76,111,0,145,211,0,0,237,52,210,5,0,7,0,46,41,10,6,2,3,82,103,0,1,22
2019,Maharashtra,27,Mumbai,482,Mumbai Commissionerate,170,1426,3,2644,1310,3,152,0,1,699,17,2,41,0,779,5014,2028,24,163,8,5561,1117,358,37,7575
2019,Maharashtra,27,Mumbai,482,Mumbai Commr.,13,0,0,0,2011,0,20,3640,1319,0,0,0,0,63,0,0,0,0,0,0,0,0,0,0,0
2019,Maharashtra,27,Mumbai,482,Mumbai Railway,10,9,0,151,37,0,0,658,17,0,0,0,1,1,292,42,6,0,1,0,193,1525,15,0,55
2019,Maharashtra,27,Mumbai Suburban,483,Navi Mumbai,57,238,1,219,602,1,8,587,189,174,1,0,11,13,87,213,72,3,18,1,645,248,3,14,178
2019,Maharashtra,27,Nagpur,484,Nagpur Commissionerate,90,270,0,230,387,1,28,0,0,137,7,0,18,0,448,227,76,0,25,7,401,216,19,25,313
2019,Maharashtra,27,Nagpur,484,Nagpur Commr.,3,0,0,0,489,0,4,793,238,0,0,0,0,8,0,0,0,0,0,0,0,0,0,1,0
2019,Maharashtra,27,Nagpur,484,Nagpur Railway,3,3,0,7,5,0,0,8,0,1,0,0,0,0,25,0,0,0,0,0,1,15,0,0,5
2019,Maharashtra,27,Nagpur,484,Nagpur Rural,59,103,0,173,151,0,0,312,101,28,0,0,21,12,75,65,19,12,7,0,91,46,3,0,48
2019,Maharashtra,27,Nanded,485,Nanded,58,168,0,178,242,1,0,293,106,314,10,0,11,12,87,62,15,0,0,3,115,133,7,0,54
2019,Maharashtra,27,Nandurbar,486,Nandurbar,31,76,0,64,48,0,0,110,45,70,0,0,8,4,35,31,7,0,3,0,29,26,2,0,26
2019,Maharashtra,27,Nashik,487,Nasik Commissionerate,24,84,0,188,201,1,0,0,0,230,6,0,27,0,239,147,55,9,13,1,109,241,14,16,103
2019,Maharashtra,27,Nashik,487,Nasik Commr.,1,0,0,0,277,1,0,501,77,0,0,0,0,15,0,0,0,0,0,0,0,0,0,1,0
2019,Maharashtra,27,Nashik,487,Nasik Rural,48,338,0,193,308,0,0,401,137,474,2,0,38,1,149,25,5,1,3,4,122,90,29,0,154
2019,Maharashtra,27,Osmanabad,488,Osmanabad,1,0,0,0,63,0,0,144,77,0,0,0,1,0,0,0,0,0,0,0,0,0,0,0,0
2019,Maharashtra,27,Palghar,665,Palghar,77,329,0,257,896,0,29,826,231,100,4,0,27,27,129,130,23,13,15,31,470,297,88,5,178
2019,Maharashtra,27,Parbhani,489,Parbhani,33,103,0,94,166,0,0,214,78,208,6,0,13,11,135,40,16,0,2,0,35,51,0,0,159
2019,Maharashtra,27,Pune,490,Pimpri Chinchwad City,68,269,0,422,566,0,2,623,109,236,4,0,21,7,244,197,74,4,6,6,292,383,43,1,132
2019,Maharashtra,27,Pune,490,Pune Commissionerate,74,329,0,346,269,0,62,0,4,325,10,1,21,0,448,565,233,20,17,15,770,242,50,11,326
2019,Maharashtra,27,Pune,490,Pune Commr.,5,0,0,0,629,0,5,948,269,0,0,0,1,5,0,0,0,0,0,0,0,0,0,0,0
2019,Maharashtra,27,Pune,490,Pune Railway,4,5,0,9,3,0,0,13,3,0,0,0,0,0,11,0,0,0,0,0,8,28,0,0,7
2019,Maharashtra,27,Pune,490,Pune Rural,106,345,0,438,681,6,1,678,259,223,7,0,36,18,213,121,47,6,6,4,308,276,4,15,90
2019,Maharashtra,27,Raigad,491,Raigad,29,67,0,92,121,0,0,154,31,30,0,0,4,0,22,107,39,2,0,0,186,43,0,1,97
2019,Maharashtra,27,Ratnagiri,492,Ratnagiri,15,58,0,86,128,0,0,136,56,17,1,0,7,2,41,114,47,3,7,0,104,30,3,0,61
2019,Maharashtra,27,Sangli,493,Sangli,63,187,0,221,420,4,12,449,166,86,8,0,21,5,152,64,16,6,9,1,128,146,26,1,686
2019,Maharashtra,27,Satara,494,Satara,66,201,0,282,402,1,7,468,209,170,1,0,33,8,222,92,16,1,8,0,185,187,5,0,130
2019,Maharashtra,27,Sindhudurg,495,Sindhudurg,9,22,0,54,39,0,0,43,17,3,0,0,5,0,13,46,14,0,5,1,30,9,3,0,25
2019,Maharashtra,27,Solapur,496,Solapur Commissionerate,20,78,0,80,5,2,3,0,0,91,2,0,6,0,21,39,12,7,0,1,170,52,5,1,165
2019,Maharashtra,27,Solapur,496,Solapur Commr.,0,0,0,0,74,0,0,143,69,0,0,0,0,0,0,0,0,0,0,0,0,0,0,0,0
2019,Maharashtra,27,Solapur,496,Solapur Rural,65,242,0,331,353,1,6,412,202,151,8,0,37,0,176,130,44,0,8,0,220,126,6,1,114
2019,Maharashtra,27,Thane,497,Thane Commissionerate,86,439,0,456,261,2,74,0,1,429,10,0,34,0,497,433,82,72,29,15,607,574,28,1,565
2019,Maharashtra,27,Thane,497,Thane Commr.,9,0,0,0,950,2,3,1414,412,0,0,0,0,6,0,0,0,0,0,0,0,0,0,0,0
2019,Maharashtra,27,Thane,497,Thane Rural,45,209,0,205,257,0,19,405,123,113,6,0,13,1,114,54,8,4,5,3,213,155,10,0,161
2019,Maharashtra,27,Wardha,498,Wardha,44,74,0,151,217,0,0,226,102,45,4,0,8,1,106,162,52,6,15,2,74,34,9,0,104
2019,Maharashtra,27,Washim,499,Washim,35,79,0,108,70,0,0,125,50,168,5,0,15,0,17,23,4,0,2,3,41,36,2,1,14
2019,Maharashtra,27,Yavatmal,500,Yavatmal,62,208,0,262,287,0,0,324,125,243,5,0,12,5,117,73,24,0,2,2,69,47,2,0,50
2019,Manipur,14,Bishnupur,252,Bishnupur,3,22,4,5,7,0,3,16,11,0,0,0,0,0,0,0,0,0,0,0,7,0,0,0,13
2019,Manipur,14,Chandel,253,Chandel,1,2,0,0,0,0,0,2,2,0,0,0,0,0,0,0,0,0,0,0,0,1,0,0,1
2019,Manipur,14,Churachandpur,254,Churachandpur,4,1,0,1,7,0,0,8,2,0,0,0,0,0,0,1,0,0,0,0,4,0,0,0,43
2019,Manipur,14,Imphal East,255,Imphal East,7,28,6,19,20,2,0,26,6,3,0,0,0,0,0,0,0,0,0,0,25,6,1,0,21
2019,Manipur,14,Imphal West,256,Cid,0,0,0,9,0,0,0,1,0,0,0,0,0,0,0,1,0,0,0,2,21,0,0,0,0
2019,Manipur,14,Imphal West,256,Imphal West,14,44,0,24,14,0,5,48,24,4,0,0,2,0,0,2,0,0,0,2,22,0,4,0,17
2019,Manipur,14,Imphal West,256,Narcotic,0,0,0,0,0,0,0,0,0,0,0,0,0,0,0,0,0,0,0,0,0,0,0,0,0
2019,Manipur,14,Jiribam,713,Jiribam,2,4,0,0,0,0,0,0,0,1,0,0,0,0,0,0,0,0,0,0,1,0,0,0,5
2019,Manipur,14,Kakching,711,Kakching,1,11,0,2,8,0,0,11,5,2,0,0,0,0,0,0,0,0,0,0,1,0,0,0,9
2019,Manipur,14,Kamjong,717,Kamjong,0,0,0,0,0,0,0,0,0,0,0,0,0,0,0,0,0,0,0,0,0,0,0,0,2
2019,Manipur,14,Kangpokpi,712,Kangpokpi,3,0,0,1,0,3,0,0,0,0,0,0,0,0,0,0,0,0,0,0,0,0,0,0,10
2019,Manipur,14,Noney,714,Noney,5,0,0,0,0,0,0,0,0,0,0,0,0,0,0,0,0,0,0,0,0,1,0,0,24
2019,Manipur,14,Pherzawl,715,Pherzawl,1,0,0,0,0,0,0,0,0,0,0,0,0,0,0,0,0,0,0,0,0,0,0,0,1
2019,Manipur,14,Senapati,257,Senapati,2,2,0,1,0,1,0,0,0,0,0,0,0,0,0,0,0,0,0,0,4,0,0,0,1
2019,Manipur,14,Tamenglong,258,Tamenglong,2,1,0,0,0,1,0,1,1,0,0,0,0,0,0,0,0,0,0,0,0,0,0,0,3
2019,Manipur,14,Tengnoupal,716,Tengnoupal,3,4,0,3,0,0,8,3,2,1,0,0,0,0,0,0,0,0,0,0,2,1,7,0,6
2019,Manipur,14,Thoubal,259,Thoubal,6,9,0,5,3,0,0,31,5,4,0,0,1,0,0,0,0,0,0,0,13,0,1,0,13
2019,Manipur,14,Ukhrul,260,Ukhrul,3,4,0,0,1,0,0,1,0,0,0,0,0,0,0,0,0,0,0,0,1,0,0,0,18
2019,Meghalaya,17,East Garo Hills,273,East Garo Hills,2,9,0,0,0,1,0,0,0,1,0,0,0,0,0,5,0,0,0,3,4,17,5,1,1
2019,Meghalaya,17,East Garo Hills,273,Garo Hills East,0,0,0,0,0,0,0,19,13,0,0,0,0,0,0,0,0,0,0,0,0,0,0,1,0
2019,Meghalaya,17,East Jaintia Hills,657,East Jaintia Hills,14,16,0,6,9,0,0,0,0,1,0,0,0,0,0,0,0,0,0,0,5,9,2,1,34
2019,Meghalaya,17,East Jaintia Hills,657,Jaintia Hills East,0,0,0,7,0,0,0,32,0,0,0,0,0,0,0,0,0,0,0,0,0,0,0,0,0
2019,Meghalaya,17,East Khasi Hills,274,Cyber Cell,0,0,0,0,0,0,0,1,0,0,0,0,0,0,0,6,0,1,0,1,0,0,0,0,0
2019,Meghalaya,17,East Khasi Hills,274,East Khasi Hills,17,77,6,58,23,1,2,0,1,7,3,0,0,0,18,40,0,14,0,5,153,41,17,0,58
2019,Meghalaya,17,East Khasi Hills,274,Khasi Hills East,0,0,0,0,36,0,0,121,77,0,0,0,0,0,0,0,0,0,0,0,0,0,0,0,0
2019,Meghalaya,17,North Garo Hills,656,Garo Hills North,9,13,0,6,6,2,0,14,10,1,0,0,0,1,0,7,0,6,0,1,1,6,0,0,32
2019,Meghalaya,17,Ri Bhoi,276,Ri-Bhoi,9,98,25,18,5,2,0,45,21,1,1,0,0,0,7,21,0,6,0,2,17,14,5,0,32
2019,Meghalaya,17,South Garo Hills,277,Garo Hills South,0,0,0,0,0,0,0,11,1,0,0,0,0,0,0,0,0,0,0,0,0,0,0,0,0
2019,Meghalaya,17,South Garo Hills,277,South Garo Hills,1,7,0,2,1,0,0,0,0,4,0,0,0,0,0,1,0,1,0,0,0,10,0,0,3
2019,Meghalaya,17,South West Garo Hills,663,Garo Hills South West,0,0,0,0,0,0,0,7,7,0,0,0,0,0,0,0,0,0,0,0,0,0,0,0,0
2019,Meghalaya,17,South West Garo Hills,663,South West Garo Hills,1,21,0,4,4,0,0,0,0,0,0,0,0,0,0,2,0,1,0,0,0,5,2,0,0
2019,Meghalaya,17,South West Khasi Hills,658,Khasi Hills South West,0,0,0,0,0,0,0,11,11,0,0,0,0,0,0,0,0,0,0,0,0,0,0,0,0
2019,Meghalaya,17,South West Khasi Hills,658,South West Khasi Hills,2,12,0,2,0,0,0,0,0,1,0,0,0,0,0,3,0,3,0,0,0,0,3,0,2
2019,Meghalaya,17,West Garo Hills,278,Garo Hills West,2,0,0,1,4,0,1,39,17,0,0,0,0,1,0,0,0,0,0,0,0,0,0,0,0
2019,Meghalaya,17,West Garo Hills,278,West Garo Hills,10,21,1,18,4,4,1,0,1,6,0,0,0,0,6,0,0,0,0,0,4,12,0,0,17
2019,Meghalaya,17,West Jaintia Hills,275,Jaintia Hills West,2,0,0,0,3,0,0,43,35,0,0,0,0,0,0,0,0,0,0,0,0,0,0,1,0
2019,Meghalaya,17,West Jaintia Hills,275,West Jaintia Hills,10,39,1,2,0,0,0,0,0,0,0,0,0,0,5,0,0,0,0,0,3,6,0,1,5
2019,Meghalaya,17,West Khasi Hills,279,Khasi Hills West,0,0,0,0,3,0,0,36,32,0,0,0,0,0,0,0,0,0,0,0,0,0,0,0,0
2019,Meghalaya,17,West Khasi Hills,279,West Khasi Hills,1,36,1,1,0,0,0,0,0,1,0,0,0,0,5,8,4,0,0,0,9,3,1,0,35
2019,Mizoram,15,Aizawl,261,Aizawl,8,40,12,19,1,0,8,46,26,0,0,0,0,0,16,10,0,5,2,1,60,5,19,0,25
2019,Mizoram,15,Aizawl,261,Spl Narcotic,0,0,0,0,0,0,0,0,0,0,0,0,0,0,0,0,0,0,0,0,0,0,0,0,0
2019,Mizoram,15,Champhai,262,Champhai,3,13,2,4,0,0,12,24,15,2,0,0,0,0,5,0,0,0,0,0,2,0,1,0,5
2019,Mizoram,15,Kolasib,263,Kolasib,4,12,2,0,1,0,0,14,9,2,0,0,0,0,0,0,0,0,0,0,0,0,1,0,8
2019,Mizoram,15,Lawngtlai,264,Lawngtlai,2,12,0,3,0,0,0,7,7,0,0,0,0,0,0,0,0,0,0,0,0,0,1,0,1
2019,Mizoram,15,Lunglei,265,Lunglei,0,13,0,6,1,0,0,8,5,0,0,0,0,0,0,0,0,0,0,0,0,1,0,0,2
2019,Mizoram,15,Mamit,266,Mamit,4,12,2,2,0,0,0,11,7,1,0,0,0,0,1,0,0,0,0,0,0,1,3,0,0
2019,Mizoram,15,Saiha,267,Saiha,0,0,0,0,0,0,0,6,6,0,0,0,0,0,0,0,0,0,0,0,0,0,0,0,0
2019,Mizoram,15,Serchhip,268,Serchhip,0,11,5,1,0,0,0,9,4,0,0,0,0,0,0,0,0,0,0,0,1,0,1,0,0
2019,Mizoram,15,Siaha,267,Saiha,2,7,0,2,0,0,0,0,0,0,0,0,0,0,0,0,0,0,0,0,2,0,0,0,0
2019,Nagaland,24,Ahmadabad,438,Western Railway Ahmedabad,0,0,0,0,0,0,0,0,0,0,0,0,0,0,0,0,0,0,0,0,0,0,0,0,0
2019,Nagaland,13,Dimapur,244,Dimapur,8,8,0,4,39,6,2,37,5,0,0,0,0,1,9,1,0,1,0,0,16,24,14,0,6
2019,Nagaland,13,Kiphire,614,Kiphire,0,0,0,0,0,0,0,1,0,0,0,0,0,0,0,0,0,0,0,0,0,0,0,0,1
2019,Nagaland,13,Kohima,245,Kohima,4,9,0,7,1,0,0,10,5,0,0,0,0,2,0,0,0,0,0,0,9,1,7,0,3
2019,Nagaland,13,Longleng,615,Longleng,0,0,0,0,1,0,0,1,0,0,0,0,0,0,0,0,0,0,0,0,2,0,0,0,0
2019,Nagaland,13,Mokokchung,246,Mokokchung,7,2,0,0,0,0,0,2,1,0,0,0,0,0,0,0,0,0,0,0,3,0,0,0,0
2019,Nagaland,13,Mon,247,Mon,3,2,0,0,2,1,0,2,0,0,0,0,0,0,0,1,0,1,0,0,0,3,0,0,4
2019,Nagaland,13,Peren,613,Peren,2,0,0,0,0,0,0,0,0,0,0,0,0,0,0,0,0,0,0,0,0,0,0,0,3
2019,Nagaland,13,Phek,248,Phek,0,0,0,0,0,1,0,0,0,0,0,0,0,0,0,0,0,0,0,0,6,0,0,0,7
2019,Nagaland,13,Tuensang,249,Tuensang,0,4,2,0,0,0,0,2,0,0,0,0,0,0,0,0,0,0,0,0,0,0,0,0,6
2019,Nagaland,24,Vadodara,461,Western Railway Vadodara,0,0,0,0,0,0,0,0,0,0,0,0,0,0,0,0,0,0,0,0,0,0,0,0,0
2019,Nagaland,13,Wokha,250,Wokha,1,1,0,0,0,0,0,2,1,0,0,0,0,0,0,0,0,0,0,0,2,0,0,0,9
2019,Nagaland,13,Zunheboto,251,Zunheboto,2,0,0,0,1,0,0,2,0,0,0,0,0,0,0,0,0,0,0,0,1,1,0,0,0
2019,Odisha,21,Anugul,344,Angul,31,166,3,529,241,0,5,199,67,126,12,0,0,0,116,146,66,0,0,16,226,141,0,0,780
2019,Odisha,21,Balangir,345,Bolangir,36,114,5,540,308,0,0,208,40,99,4,0,0,0,68,88,36,0,0,32,139,128,0,0,36
2019,Odisha,21,Baleshwar,346,Balasore,71,459,106,901,728,1,0,724,138,140,37,0,2,0,7,78,20,0,2,0,200,194,0,5,563
2019,Odisha,21,Baleshwar,346,Berhampur,16,73,1,379,199,0,1,166,49,54,5,0,0,0,0,66,26,0,0,28,156,44,0,0,26
2019,Odisha,21,Bargarh,347,Baragarh,41,115,2,211,221,0,2,161,42,58,7,0,0,0,74,60,24,0,0,24,80,77,0,0,24
2019,Odisha,21,Bhadrak,348,Bhadrak,43,191,13,482,553,0,2,408,98,99,23,0,0,0,22,71,18,0,0,58,175,43,0,0,1627
2019,Odisha,21,Boudh,349,Boudh,13,24,0,157,59,0,0,44,14,24,4,0,0,0,2,12,6,0,0,0,17,15,0,0,6
2019,Odisha,21,Cuttack,350,Cid Cb,0,0,0,0,0,0,0,0,0,0,0,0,0,0,0,0,0,0,0,0,0,0,0,0,0
2019,Odisha,21,Cuttack,350,Cid Crime Branch,0,0,0,0,0,0,0,0,0,0,0,0,0,0,0,0,0,0,0,0,77,0,0,0,3
2019,Odisha,21,Cuttack,350,Cid Cyber Crime,0,0,0,7,0,0,0,0,0,0,0,0,0,0,0,116,50,0,0,32,50,0,0,0,50
2019,Odisha,21,Cuttack,350,Cuttack,50,100,8,221,266,0,0,187,52,66,22,0,0,0,4,50,14,0,0,44,129,113,0,0,14
2019,Odisha,21,Cuttack,350,Dcp Ctc,0,0,0,0,202,0,0,262,57,0,0,0,0,0,0,0,0,0,0,0,0,0,0,0,0
2019,Odisha,21,Cuttack,350,Dcp Cuttack,30,84,3,228,153,0,0,0,0,108,7,0,0,0,43,134,56,0,0,40,323,128,0,0,58
2019,Odisha,21,Cuttack,350,Srp(Cuttack),3,10,3,13,1,0,6,7,0,0,0,0,0,0,4,0,0,0,0,0,1,32,0,0,0
2019,Odisha,21,Deogarh,351,Deogarh,14,46,13,63,34,0,1,31,0,24,0,0,2,0,6,1,0,0,0,1,7,15,1,0,0
2019,Odisha,21,Dhenkanal,352,Dhenkanal,30,110,3,466,217,0,3,182,65,61,8,0,0,0,60,41,11,0,0,38,63,91,0,0,11
2019,Odisha,21,Gajapati,353,Gajapati,12,46,0,125,65,0,0,60,22,9,1,0,0,0,19,25,10,0,0,10,59,6,0,0,10
2019,Odisha,21,Ganjam,354,Ganjam,80,175,7,775,305,0,4,277,105,115,21,0,0,0,31,136,56,0,0,44,170,102,0,0,58
2019,Odisha,21,Jagatsinghapur,355,Jagatsinghpur,45,94,12,514,344,1,8,253,70,167,30,0,0,0,12,40,8,0,0,24,113,54,0,1,8
2019,Odisha,21,Jajapur,356,Jajpur,71,199,20,591,481,0,0,405,158,117,38,1,0,0,16,191,83,0,0,25,253,110,0,3,83
2019,Odisha,21,Jharsuguda,357,Jharsuguda,24,60,1,181,126,0,2,106,33,45,3,0,0,0,102,98,41,0,0,16,140,48,0,0,185
2019,Odisha,21,Kalahandi,358,Kalahandi,47,218,69,519,248,0,3,193,0,95,4,0,3,0,4,42,17,0,0,0,99,43,0,2,17
2019,Odisha,21,Kandhamal,359,Kandhamal,25,108,3,104,139,0,14,139,64,55,0,1,0,0,44,17,6,0,0,8,32,25,0,0,6
2019,Odisha,21,Kendrapara,360,Kendrapara,57,113,8,623,264,1,0,234,85,82,33,0,0,0,0,72,31,0,5,0,107,64,1,0,169
2019,Odisha,21,Kendujhar,361,Keonjhar,74,183,2,526,411,0,10,333,105,93,5,0,0,0,65,51,19,0,0,26,112,72,0,0,19
2019,Odisha,21,Khordha,362,Dcp Bbsr,0,0,0,0,296,0,0,404,103,0,0,0,0,0,0,0,0,0,0,0,0,0,0,0,0
2019,Odisha,21,Khordha,362,Dcp Bhubaneswar,39,219,0,207,228,0,0,0,0,120,8,0,0,0,41,224,63,0,0,48,713,297,0,0,2736
2019,Odisha,21,Khordha,362,Khurda,35,57,3,151,74,0,0,120,39,48,13,0,0,0,15,21,8,0,0,10,77,60,0,0,866
2019,Odisha,21,Koraput,363,Koraput,40,111,3,237,225,0,6,123,7,122,69,0,0,0,40,98,43,0,0,24,120,98,0,0,203
2019,Odisha,21,Malkangiri,364,Malkangiri,35,71,5,149,164,0,3,130,40,62,2,0,0,0,9,71,33,0,0,10,89,9,0,0,33
2019,Odisha,21,Mayurbhanj,365,Mayurbhanj,86,261,0,475,359,2,9,353,153,162,5,0,0,0,64,47,14,0,0,38,136,63,0,3,14
2019,Odisha,21,Nabarangpur,366,Nabarangpur,29,142,55,189,52,0,8,72,6,56,46,0,2,0,0,34,13,0,0,7,66,32,0,1,42
2019,Odisha,21,Nayagarh,367,Nayagarh,48,96,2,166,173,0,2,170,75,35,17,0,0,0,27,34,13,0,0,16,74,65,0,0,13
2019,Odisha,21,Nuapada,368,Nuapada,13,32,2,188,108,0,83,78,19,44,2,0,0,0,7,40,18,0,0,8,65,23,0,0,18
2019,Odisha,21,Puri,369,Puri,47,146,12,829,362,0,0,275,81,113,25,0,0,0,34,90,32,0,0,52,183,231,0,0,32
2019,Odisha,21,Rayagada,370,Rayagada,29,121,0,194,235,1,14,191,63,61,5,0,0,0,30,73,32,0,0,18,85,56,0,3,32
2019,Odisha,21,Sambalpur,371,Sambalpur,41,102,8,450,150,0,9,163,77,115,80,0,0,0,133,91,36,3,0,12,164,116,0,0,46
2019,Odisha,21,Sonepur,372,Sonepur,18,16,2,130,54,0,2,36,8,17,41,0,0,0,13,25,11,0,0,2,49,30,0,0,13
2019,Odisha,21,Sundargarh,373,Rourkela,36,111,1,204,250,0,4,219,71,58,2,1,0,0,55,98,43,0,0,24,138,161,0,1,253
2019,Odisha,21,Sundargarh,373,Srp(Rourkela),7,4,1,6,5,0,0,4,0,2,0,0,0,0,2,8,0,0,0,0,1,20,0,0,8
2019,Odisha,21,Sundargarh,373,Sundargarh,51,78,0,141,56,0,7,95,31,88,6,0,0,0,61,71,24,0,0,0,19,87,0,0,51
2019,Puducherry,34,Karaikal,598,Karaikal,0,0,0,0,0,0,0,0,0,0,0,0,0,0,0,0,0,0,0,0,0,0,0,0,0
2019,Puducherry,34,Pondicherry,600,Puducherry,29,68,0,23,0,0,0,50,48,8,6,0,0,0,2,4,0,0,0,2,51,23,0,0,221
2019,Punjab,3,Amritsar,27,Amritsar Rural,44,172,28,44,83,0,0,148,13,61,2,0,11,0,28,11,1,1,0,4,131,4,0,0,185
2019,Punjab,3,Amritsar,27,Cp Amritsar,20,146,31,25,97,0,3,129,14,48,2,0,10,0,9,19,7,0,0,3,91,7,1,0,167
2019,Punjab,3,Amritsar,27,Special Task Force,0,0,0,0,0,0,0,0,0,0,0,0,0,0,0,0,0,0,0,0,0,0,0,0,2
2019,Punjab,3,Barnala,605,Barnala,10,92,21,24,35,0,0,58,4,18,1,0,8,0,0,10,0,0,2,4,96,1,0,1,32
2019,Punjab,3,Bathinda,28,Bathinda,42,238,43,66,72,1,0,134,0,79,4,0,15,0,0,4,0,0,0,0,194,8,8,0,153
2019,Punjab,3,Faridkot,29,Faridkot,22,62,9,40,31,0,0,56,2,25,2,0,5,0,0,3,0,1,0,3,72,1,0,0,62
2019,Punjab,3,Fatehgarh Sahib,30,Fatehgarh Sahib,5,74,5,30,35,0,0,56,21,39,2,0,0,0,0,0,0,0,0,0,110,2,0,0,132
2019,Punjab,3,Fazilka,651,Fazilka,27,160,2,57,34,2,3,108,58,16,2,0,10,0,10,6,0,0,1,0,90,4,0,0,38
2019,Punjab,3,Ferozepur,31,Ferozepur,29,86,0,31,50,0,0,29,18,24,2,1,0,0,0,1,0,0,0,0,83,3,0,0,122
2019,Punjab,3,Gurdaspur,32,Batala,28,95,21,23,42,0,0,64,0,38,2,0,1,0,4,4,0,0,0,2,89,6,0,0,14
2019,Punjab,3,Gurdaspur,32,Gurdaspur,16,43,5,19,35,0,3,33,8,58,3,0,3,1,28,9,0,1,0,7,77,3,0,0,20
2019,Punjab,3,Hoshiarpur,33,Hoshiarpur,30,111,2,42,71,0,0,110,46,98,4,0,15,0,7,10,2,0,0,10,161,6,3,0,103
2019,Punjab,3,Jalandhar,34,Cp Jalandhar,10,138,20,58,103,0,0,132,0,142,3,1,6,0,30,29,5,0,1,2,170,4,2,0,150
2019,Punjab,3,Jalandhar,34,Jalandhar Rural,21,115,30,55,38,0,2,100,0,25,3,1,5,5,28,10,2,1,0,4,126,10,0,0,56
2019,Punjab,3,Kapurthala,35,Kapurthala,27,156,27,59,96,0,0,123,0,33,1,0,5,0,0,1,0,0,0,0,74,7,2,0,129
2019,Punjab,3,Ludhiana,36,Cp Ludhiana,61,348,21,96,203,0,4,328,79,143,12,2,11,0,39,71,20,0,10,1,250,12,2,0,629
2019,Punjab,3,Ludhiana,36,Khanna,17,62,14,16,30,0,0,54,6,32,3,0,11,0,0,6,0,0,0,0,91,2,4,0,51
2019,Punjab,3,Ludhiana,36,Ludhiana Rural,18,72,15,36,32,0,0,37,1,28,0,0,0,0,0,0,0,0,0,0,89,3,0,0,280
2019,Punjab,3,Mansa,37,Mansa,27,128,38,48,25,0,0,73,0,17,1,1,8,0,26,21,3,0,0,0,68,2,0,4,126
2019,Punjab,3,Moga,38,Moga,25,99,0,34,40,0,2,90,36,36,1,0,5,0,11,17,2,4,1,1,66,3,0,0,125
2019,Punjab,3,Pathankot,662,Pathankot,8,52,14,13,26,0,0,39,0,38,1,0,0,0,10,2,0,1,0,0,0,0,0,0,26
2019,Punjab,3,Patiala,41,Grp,8,4,0,3,4,0,0,10,3,0,1,0,4,0,6,0,0,0,0,0,2,0,0,0,12
2019,Punjab,3,Patiala,41,Patiala,53,183,36,108,117,0,2,165,0,153,9,3,14,0,46,15,0,3,0,4,279,5,0,4,240
2019,Punjab,3,Rupnagar,42,Ropar,16,48,16,43,25,0,0,35,0,48,2,0,4,0,0,10,0,0,0,10,124,6,3,0,27
2019,Punjab,3,S.A.S Nagar,608,Bureau Of Investigation,0,2,0,1,0,0,0,0,0,0,0,0,0,0,0,0,0,0,0,0,1,1,0,0,1
2019,Punjab,3,S.A.S Nagar,608,Intelligence Wing,0,0,0,0,0,0,0,0,0,0,0,0,0,0,0,0,0,0,0,0,0,0,0,0,0
2019,Punjab,3,S.A.S Nagar,608,Nri Wing,0,0,0,1,1,0,0,1,0,128,0,0,0,0,0,0,0,0,0,0,43,0,12,0,2
2019,Punjab,3,S.A.S Nagar,608,S.A.S Nagar,33,46,0,0,0,0,0,0,0,0,0,0,0,0,0,0,0,0,0,0,408,5,0,0,481
2019,Punjab,3,S.A.S Nagar,608,Sas Nagar,0,179,7,33,134,0,0,173,45,86,4,0,15,0,0,0,0,0,0,1,0,0,0,0,0
2019,Punjab,3,Sangrur,43,Sangrur,50,216,35,73,72,0,0,120,0,75,2,0,0,0,0,32,10,0,0,0,210,5,0,0,462
2019,Punjab,3,Sas Nagar,608,Bureau Of Investigation,0,0,0,0,0,0,0,0,0,0,0,0,0,0,0,27,10,1,2,0,9,0,0,0,14
2019,Punjab,3,Sas Nagar,608,Sas Nagar,0,0,0,0,0,0,0,0,0,0,0,0,0,0,0,33,6,2,4,1,6,0,2,0,15
2019,Punjab,3,Shahid Bhagat Singh Nagar,40,Sbs Nagar,14,73,16,13,21,0,0,42,0,35,0,0,6,0,0,3,0,0,0,3,0,4,1,0,11
2019,Punjab,3,Sri Muktsar Sahib,39,Muktsar,21,120,4,33,72,0,0,99,40,34,0,0,6,0,31,14,4,0,2,0,1,0,5,0,99
2019,Punjab,3,Tarn Taran,609,Tarn Taran,38,104,17,46,49,0,0,79,0,41,3,0,6,0,0,9,2,0,0,1,127,2,2,0,334
2019,Rajasthan,8,Ajmer,86,Ajmer,57,519,101,538,494,3,1,418,2,971,12,0,10,3,72,165,43,5,2,2,1339,63,123,1,148
2019,Rajasthan,8,Ajmer,86,Grp Ajmer,7,8,1,22,17,0,10,23,0,0,0,0,0,0,17,3,1,0,0,0,7,9,0,0,6
2019,Rajasthan,8,Alwar,87,Alwar,54,473,161,341,186,0,12,170,75,685,24,0,1,0,0,86,7,7,0,0,646,58,107,3,59
2019,Rajasthan,8,Banswara,88,Banswara,36,479,43,175,231,0,0,142,0,308,10,0,5,0,0,6,1,0,0,0,119,45,0,2,222
2019,Rajasthan,8,Baran,89,Baran,33,246,63,441,274,0,0,254,0,471,2,0,7,0,4,4,1,0,0,2,1,12,14,0,71
2019,Rajasthan,8,Barmer,90,Barmer,40,396,94,468,92,1,0,182,0,402,17,0,12,11,121,80,17,0,6,2,290,26,117,0,60
2019,Rajasthan,8,Bharatpur,91,Bharatpur,87,585,129,122,266,6,0,181,138,836,37,0,2,0,77,18,0,7,0,1,887,38,0,0,4039
2019,Rajasthan,8,Bhilwara,92,Bhilwara,41,433,39,419,323,0,0,218,64,777,8,0,15,0,96,31,0,0,0,0,822,62,6,1,222
2019,Rajasthan,8,Bikaner,93,Bikaner,54,463,90,222,140,1,0,177,89,607,10,0,7,0,0,27,0,0,0,0,361,18,240,0,1828
2019,Rajasthan,8,Bundi,94,Bundi,15,242,25,282,184,0,0,88,20,390,4,0,4,0,30,30,15,0,0,0,7,19,20,0,394
2019,Rajasthan,8,Chittorgarh,95,Chittorgarh,32,279,54,223,178,0,0,142,0,574,5,0,9,0,106,6,0,1,0,0,325,52,37,3,502
2019,Rajasthan,8,Churu,96,Churu,38,318,55,81,103,0,0,106,0,464,13,0,4,0,0,18,0,0,0,0,0,18,553,0,1154
2019,Rajasthan,8,Dausa,97,Dausa,34,260,52,67,143,0,0,61,11,316,19,0,0,0,36,68,31,0,0,6,541,21,0,0,1312
2019,Rajasthan,8,Dholpur,98,Dholpur,67,222,49,185,119,0,1,154,22,310,20,0,1,0,92,29,14,1,0,0,276,12,0,0,929
2019,Rajasthan,8,Dungarpur,99,Dungarpur,33,335,46,117,187,0,0,236,0,135,10,0,1,0,181,5,0,0,0,0,93,49,0,0,57
2019,Rajasthan,8,Ganganagar,100,Ganganagar,68,515,94,314,250,1,5,275,12,914,14,1,7,3,115,78,18,3,0,4,667,34,318,1,748
2019,Rajasthan,8,Hanumangarh,101,Hanumangarh,53,399,86,286,168,0,0,227,5,746,19,0,5,0,98,11,0,1,0,2,0,16,244,0,847
2019,Rajasthan,8,Jaipur,102,Jaipur Crime,0,0,0,0,0,0,0,0,0,0,0,0,0,0,0,22,0,6,0,3,0,0,0,0,0
2019,Rajasthan,8,Jaipur,102,Jaipur East,18,282,26,303,335,1,0,291,0,374,6,0,5,3,181,249,85,30,5,5,595,49,3,1,228
2019,Rajasthan,8,Jaipur,102,Jaipur Metro,0,0,0,0,0,0,0,0,0,0,0,0,0,0,0,0,0,0,0,0,0,0,0,0,0
2019,Rajasthan,8,Jaipur,102,Jaipur North,14,158,20,138,128,0,0,166,40,325,2,0,0,0,125,86,17,5,0,3,13,28,0,0,660
2019,Rajasthan,8,Jaipur,102,Jaipur Rural,62,273,61,179,138,0,0,0,59,405,11,0,9,0,114,150,0,10,0,26,574,50,103,0,1894
2019,Rajasthan,8,Jaipur,102,Jaipur South,19,298,29,225,238,0,0,213,19,302,7,0,2,0,55,140,0,45,0,11,1035,44,209,0,1223
2019,Rajasthan,8,Jaipur,102,Jaipur West,42,310,28,197,303,1,0,240,48,524,11,0,4,0,72,161,0,50,0,0,1917,68,18,2,959
2019,Rajasthan,8,Jaipur,102,Scrb,0,0,0,0,0,0,0,0,0,0,0,0,0,0,0,18,0,4,0,0,0,0,0,0,0
2019,Rajasthan,8,Jaipur,102,Sog,0,0,0,0,0,0,0,0,0,0,0,0,0,0,0,3,1,0,0,0,12,0,10,0,1
2019,Rajasthan,8,Jaipur,102,Ssb,0,0,0,0,0,0,0,0,0,0,0,0,0,0,0,0,0,0,0,0,0,0,0,0,0
2019,Rajasthan,8,Jaipur (Gramin),783,Jaipur Rural,1,30,0,20,57,0,0,182,59,0,0,0,0,0,0,0,0,0,0,0,0,0,0,0,0
2019,Rajasthan,8,Jaisalmer,103,Jaisalmer,12,98,25,149,25,0,0,46,0,71,9,0,2,0,58,62,12,0,5,5,145,19,84,2,228
2019,Rajasthan,8,Jalore,104,Jalore,33,171,28,171,98,2,0,33,12,212,13,0,3,0,20,11,0,0,0,0,0,27,262,0,0
2019,Rajasthan,8,Jhalawar,105,Jhalawar,47,330,48,527,369,0,1,364,1,610,8,1,10,0,182,11,3,1,0,1,233,45,0,0,31
2019,Rajasthan,8,Jhunjhunu,106,Jhunjhunu,62,304,31,157,173,0,0,51,3,472,14,0,5,0,117,68,22,12,0,0,536,31,208,0,1754
2019,Rajasthan,8,Jodhpur,107,Grp Jodhpur,1,6,0,6,5,0,0,11,5,0,0,0,2,0,7,0,0,0,0,0,0,2,0,0,6
2019,Rajasthan,8,Jodhpur,107,Jodhpur East,16,138,19,207,64,0,0,60,12,165,8,0,5,0,70,116,27,17,0,5,14,29,233,2,444
2019,Rajasthan,8,Jodhpur,107,Jodhpur Rural,34,205,39,257,117,1,0,124,1,218,19,1,4,0,92,19,0,0,0,0,52,27,263,0,369
2019,Rajasthan,8,Jodhpur,107,Jodhpur West,20,127,17,206,176,0,0,177,29,267,9,0,6,0,112,198,64,2,4,1,511,61,186,1,473
2019,Rajasthan,8,Karauli,108,Karauli,40,204,80,94,168,0,0,93,24,356,6,0,1,0,0,13,0,0,0,0,386,11,1,0,2203
2019,Rajasthan,8,Khairthal-Tijara,770,Bhiwadi,61,292,44,163,155,1,0,113,1,434,35,0,0,15,0,23,4,0,0,0,0,83,0,3,85
2019,Rajasthan,8,Kota,109,Kota City,34,293,27,277,406,1,0,336,6,471,4,0,7,0,409,51,7,1,6,5,744,35,36,4,40
2019,Rajasthan,8,Kota,109,Kota Rural,14,125,25,194,177,0,0,130,18,250,3,0,1,0,0,1,0,0,0,0,154,18,5,0,567
2019,Rajasthan,8,Nagaur,110,Nagaur,68,344,81,318,187,0,2,193,0,625,17,0,3,0,117,20,4,6,0,4,456,28,179,0,983
2019,Rajasthan,8,Pali,111,Pali,49,289,63,428,207,0,3,197,145,613,8,0,3,0,0,65,24,0,0,5,769,60,62,2,2211
2019,Rajasthan,8,Pratapgarh,629,Pratapgarh,29,351,55,197,236,0,2,154,0,276,4,0,5,0,76,3,0,0,0,0,178,9,20,0,277
2019,Rajasthan,8,Rajsamand,112,Rajsamand,37,150,34,167,232,0,0,176,0,375,1,0,3,0,43,19,7,5,0,0,238,26,36,0,10
2019,Rajasthan,8,Sawai Madhopur,113,Sawai Madhopur,28,230,48,213,125,1,0,132,0,319,8,0,0,0,110,73,11,0,0,4,224,17,216,1,1657
2019,Rajasthan,8,Sikar,114,Sikar,64,332,60,235,276,0,0,204,44,678,7,0,4,0,73,108,46,16,0,0,1162,59,68,2,2955
2019,Rajasthan,8,Sirohi,115,Sirohi,35,177,29,154,91,0,0,108,14,265,4,0,3,0,55,31,14,1,0,0,268,23,1,0,321
2019,Rajasthan,8,Tonk,116,Tonk,22,240,71,214,190,0,0,105,7,305,6,0,4,0,63,54,0,4,0,3,356,24,23,2,660
2019,Rajasthan,8,Udaipur,117,Udaipur,82,487,101,303,571,0,6,432,0,616,12,0,13,0,346,5,0,0,0,7,584,99,37,8,432
2019,Sikkim,11,Gangtok,225,East,10,40,2,14,29,0,0,80,45,1,0,0,0,0,0,1,0,0,0,2,20,1,3,0,3
2019,Sikkim,11,Gyalshing,228,West,2,15,0,3,2,0,0,18,14,0,0,0,0,1,2,0,0,0,0,0,2,2,0,0,0
2019,Sikkim,11,Mangan,226,North,1,9,0,1,2,0,0,12,7,0,0,0,0,2,0,0,0,0,0,0,1,1,0,0,1
2019,Sikkim,11,Namchi,227,South,4,16,0,8,18,0,0,53,25,0,0,0,1,3,0,1,0,0,0,1,2,1,0,0,4
2019,Tamil Nadu,33,Ariyalur,610,Ariyalur,22,43,0,7,4,0,0,50,18,6,0,0,6,0,36,0,0,0,0,0,23,13,0,0,64
2019,Tamil Nadu,33,Chennai,568,Chennai,186,228,8,89,10,13,3,731,231,116,4,2,32,33,709,160,13,21,18,42,564,710,38,195,282
2019,Tamil Nadu,33,Chennai,568,Cyber Cell,0,0,0,0,0,0,0,2,0,0,0,0,0,0,0,16,3,2,0,2,2,0,2,0,5
2019,Tamil Nadu,33,Chennai,568,Other Units,0,0,0,0,0,0,0,0,0,0,0,0,0,0,0,0,0,0,0,0,0,0,0,0,0
2019,Tamil Nadu,33,Chennai,568,Railway Chennai,9,3,0,5,2,0,6,35,3,0,0,0,1,1,59,0,0,0,0,0,9,149,0,0,44
2019,Tamil Nadu,33,Coimbatore,569,Coimbatore,51,57,0,10,11,0,2,68,53,28,1,0,2,0,4,1,0,1,0,0,59,64,3,11,246
2019,Tamil Nadu,33,Coimbatore,569,Coimbatore City,41,32,0,5,2,1,0,45,40,18,0,0,0,0,31,14,2,0,2,0,104,83,1,20,9
2019,Tamil Nadu,33,Coimbatore,569,Cyber Cell,0,0,0,0,0,0,0,0,0,0,0,0,0,0,0,0,0,0,0,1,1,0,2,0,0
2019,Tamil Nadu,33,Cuddalore,570,Cuddalore,51,103,0,65,23,0,0,170,82,39,11,0,21,0,123,0,0,0,0,0,34,27,2,3,78
2019,Tamil Nadu,33,Dharmapuri,571,Dharmapuri,19,55,0,23,19,0,0,120,55,8,4,0,5,9,15,5,0,0,0,5,18,10,0,0,94
2019,Tamil Nadu,33,Dindigul,572,Dindigul,78,78,0,29,22,1,0,120,67,46,2,0,8,0,82,2,0,0,0,2,24,35,0,18,655
2019,Tamil Nadu,33,Erode,573,Erode,35,79,0,17,56,0,0,101,74,13,3,0,0,0,0,0,0,0,0,0,92,38,0,16,203
2019,Tamil Nadu,33,Kanchipuram,574,Kanchipuram,62,60,0,6,5,1,0,56,56,11,3,0,8,0,0,0,0,0,0,0,69,101,0,3,2493
2019,Tamil Nadu,33,Kanniyakumari,575,Kanyakumari,33,85,1,21,29,0,0,115,87,11,71,1,10,0,52,33,0,1,0,26,105,37,0,0,46
2019,Tamil Nadu,33,Karur,576,Karur,15,21,0,7,3,0,0,23,20,8,1,0,3,0,33,0,0,0,0,0,29,29,0,0,154
2019,Tamil Nadu,33,Krishnagiri,577,Krishnagiri,44,73,1,15,19,2,0,84,68,6,0,0,7,0,18,14,0,0,4,0,43,26,1,6,71
2019,Tamil Nadu,33,Madurai,578,Madurai,68,78,2,33,17,1,0,75,63,35,30,1,0,0,89,19,0,2,0,16,112,125,0,2,89
2019,Tamil Nadu,33,Madurai,578,Madurai City,46,74,0,15,8,1,0,89,80,66,0,0,5,0,164,4,0,0,0,1,272,129,0,0,26
2019,Tamil Nadu,33,Nagapattinam,579,Nagapattinam,39,68,0,41,24,0,0,72,59,7,1,0,0,12,61,0,0,0,0,0,16,22,0,0,0
2019,Tamil Nadu,33,Namakkal,580,Namakkal,43,61,0,26,24,0,3,80,46,9,4,0,4,0,23,5,0,2,0,3,94,29,0,4,469
2019,Tamil Nadu,33,Perambalur,581,Perambalur,14,41,0,26,2,0,0,88,45,0,0,0,3,0,12,10,0,0,5,0,5,21,2,0,5
2019,Tamil Nadu,33,Pudukkottai,582,Pudukottai,43,38,2,27,6,0,0,45,31,18,0,0,5,0,49,27,0,0,0,13,55,39,0,0,161
2019,Tamil Nadu,33,Ramanathapuram,583,Ramnathapuram,50,57,2,10,11,0,2,59,43,7,12,0,0,0,81,7,0,0,0,7,65,39,0,0,40
2019,Tamil Nadu,33,Salem,584,Salem,42,80,0,46,20,0,0,87,70,5,0,0,7,0,46,0,0,0,0,0,34,31,0,1,551
2019,Tamil Nadu,33,Salem,584,Salem City,28,57,0,7,0,0,0,56,54,23,2,0,0,0,69,4,0,1,1,0,46,68,4,9,127
2019,Tamil Nadu,33,Sivaganga,585,Sivagangai,46,51,1,18,46,0,0,60,48,27,0,0,3,0,248,9,0,4,0,4,90,67,29,0,171
2019,Tamil Nadu,33,Thanjavur,586,Thanjavur,64,69,0,40,36,0,0,68,44,17,8,0,7,4,61,30,0,0,11,0,35,52,0,0,134
2019,Tamil Nadu,33,The Nilgiris,587,Nilgiris,15,26,0,2,1,0,0,34,37,3,0,0,6,0,8,0,0,0,0,0,9,3,0,0,344
2019,Tamil Nadu,33,Theni,588,Theni,38,93,0,6,3,0,0,106,93,46,1,0,0,0,33,12,0,0,6,0,71,6,0,5,48
2019,Tamil Nadu,33,Thiruvallur,589,Thiruvallur,43,44,0,6,4,0,0,62,38,11,0,0,8,15,32,6,0,1,0,0,55,56,1,2,46
2019,Tamil Nadu,33,Thiruvarur,590,Thiruvarur,21,54,0,16,19,0,0,58,53,16,3,0,0,0,76,8,0,2,0,2,20,27,3,0,827
2019,Tamil Nadu,33,Tiruchirappalli,591,Railway Trichy,2,2,0,1,0,0,0,18,1,0,0,0,2,0,9,0,0,0,0,0,3,35,0,0,16
2019,Tamil Nadu,33,Tiruchirappalli,591,Trichy,55,64,0,14,15,0,2,128,46,31,0,0,3,14,70,4,0,0,0,2,54,50,8,6,671
2019,Tamil Nadu,33,Tiruchirappalli,591,Trichy City,21,26,0,10,4,5,0,36,32,26,7,0,4,0,72,27,3,0,9,0,83,56,13,11,14
2019,Tamil Nadu,33,Tirunelveli,592,Thirunelveli,64,144,0,52,19,0,0,366,152,14,24,0,7,15,288,19,0,1,0,19,90,41,15,6,994
2019,Tamil Nadu,33,Tirunelveli,592,Thirunelveli City,16,26,0,5,2,0,0,27,27,2,11,0,4,0,20,7,1,1,1,0,64,26,2,6,38
2019,Tamil Nadu,33,Tiruppur,634,Tiruppur,32,35,0,10,2,0,0,46,44,12,0,0,0,0,24,2,0,0,1,0,3,49,0,2,20
2019,Tamil Nadu,33,Tiruppur,634,Tiruppur City,29,21,0,4,2,0,0,28,26,5,0,0,0,0,6,3,1,0,0,0,17,29,0,9,23
2019,Tamil Nadu,33,Tiruvannamalai,593,Thiruvannamalai,45,94,0,6,26,3,0,113,70,9,4,0,6,0,53,0,0,0,0,0,44,21,2,0,721
2019,Tamil Nadu,33,Tuticorin,594,Thoothukudi,76,69,0,22,4,0,0,137,97,25,4,0,5,6,117,4,0,1,0,4,70,52,1,6,296
2019,Tamil Nadu,33,Vellore,595,Vellore,93,125,0,16,54,0,21,227,115,19,1,0,29,0,131,2,0,0,1,0,44,69,0,0,647
2019,Tamil Nadu,33,Villupuram,596,Villupuram,88,156,0,45,72,0,0,145,84,25,32,0,27,0,59,16,0,0,3,11,91,36,3,5,481
2019,Tamil Nadu,33,Virudhunagar,597,Virudhunagar,60,63,0,10,4,0,0,109,70,13,21,0,4,1,49,19,0,0,0,5,86,57,0,5,1635
2019,Telangana,36,Adilabad,501,Adilabad,12,44,0,39,32,0,0,63,34,108,1,0,11,0,43,18,3,0,0,0,67,4,2,0,39
2019,Telangana,36,Bhadradri Kothagudem,690,Bhadradri Kothagudem,36,98,0,131,110,0,0,187,90,278,5,0,17,0,8,26,4,0,3,0,161,10,0,0,107
2019,Telangana,36,Hyderabad,507,Cyberabad Commissionerate,118,522,0,802,597,2,71,1100,314,1278,26,0,66,28,158,0,0,0,0,1,1601,98,14,7,306
2019,Telangana,36,Hyderabad,507,Hyderabad Commissionerate,86,507,3,458,312,3,8,506,283,1569,22,0,31,0,402,1379,0,0,0,155,1198,132,416,0,973
2019,Telangana,36,Hyderabad,507,Railway Police Secunderabad,3,2,0,9,2,0,0,22,2,0,0,0,0,0,19,0,0,0,0,0,35,15,0,0,32
2019,Telangana,36,Jagitial,681,Jagitial,16,7,0,0,0,0,0,0,0,0,0,0,0,0,0,0,0,0,0,0,265,7,0,0,1058
2019,Telangana,36,Jagitial,681,Jagityal,0,33,0,74,19,0,0,57,35,159,4,0,10,0,56,0,0,0,0,0,0,0,0,0,0
2019,Telangana,36,Jagityal,681,Jagityal,0,0,0,0,0,0,0,0,0,0,0,0,0,0,0,40,13,0,1,0,13,0,0,0,26
2019,Telangana,36,Jayashankar Bhupalapally,687,Jayashankar Bhupalpalli,13,13,0,55,36,0,0,9,8,43,0,0,8,0,18,8,2,0,0,4,47,1,54,0,211
2019,Telangana,36,Jogulamba Gadwal,695,Jogulamba Gadwal,13,41,0,55,9,0,0,42,34,24,1,0,4,0,16,20,10,0,0,0,142,1,0,0,61
2019,Telangana,36,Kamareddy,685,Kamareddy,28,36,3,85,14,0,2,32,17,170,1,0,5,0,40,21,0,10,1,5,108,10,4,0,154
2019,Telangana,36,Karimnagar,508,Karimnagar Commissionerate,18,45,0,135,21,2,12,62,45,284,9,0,15,0,52,47,4,0,19,0,270,3,0,1,737
2019,Telangana,36,Khammam,509,Khammam Commissionerate,14,99,0,215,132,0,3,258,91,316,5,0,18,0,16,119,49,0,2,0,242,11,16,9,843
2019,Telangana,36,Kumuram Bheem Asifabad,699,Kumaram Bheem Asifabad,24,41,7,57,13,0,0,28,25,90,4,0,7,0,24,16,4,0,2,0,281,2,1,0,27
2019,Telangana,36,Mahabubabad,688,Mahabubabad,13,60,4,96,74,0,0,85,40,121,6,0,7,0,49,18,6,0,1,0,132,2,3,1,52
2019,Telangana,36,Mahabubnagar,512,Mahabubnagar,22,177,0,75,65,0,0,126,63,83,2,0,10,0,27,17,2,0,0,7,86,7,5,0,194
2019,Telangana,36,Medak,513,Medak,19,45,2,76,22,0,0,58,52,130,7,0,12,0,7,2,0,2,0,0,55,5,12,0,514
2019,Telangana,36,Mulugu,720,Mulug,9,9,0,41,25,0,0,10,7,31,2,0,5,0,13,10,2,1,0,2,17,6,20,0,131
2019,Telangana,36,Nagarkurnool,694,Nagarkurnool,18,35,0,57,47,0,0,68,36,73,2,0,9,2,11,8,4,0,0,0,64,0,10,0,220
2019,Telangana,36,Nalgonda,514,Nalgonda,49,112,1,246,21,0,0,151,80,279,7,0,19,0,63,29,5,2,1,2,384,8,10,0,1162
2019,Telangana,36,Narayanpet,721,Narayanpet,10,69,0,23,30,0,0,72,44,37,1,0,5,0,22,0,0,0,0,0,28,1,9,0,106
2019,Telangana,36,Nirmal,680,Nirmal,9,26,0,83,17,0,0,30,24,87,1,0,10,0,10,20,3,0,5,0,76,2,0,0,68
2019,Telangana,36,Nizamabad,516,Nizamabad Commissionerate,36,93,1,167,27,3,7,96,61,329,9,0,22,0,25,61,23,0,6,0,347,20,8,0,270
2019,Telangana,36,Peddapalli,682,Ramagundam Commissionerate,37,105,8,276,73,0,0,181,79,475,10,0,22,6,158,90,31,2,2,8,540,9,1,2,75
2019,Telangana,36,Rajanna Sircilla,683,Rajanna Siricilla,9,30,0,52,3,0,4,33,27,137,2,0,0,0,29,36,5,0,4,0,113,7,1,0,858
2019,Telangana,36,Ranga Reddy,518,Cyberabad Commissionerate,0,0,0,0,0,0,0,0,0,0,0,0,0,0,0,942,425,13,20,3,340,0,0,0,479
2019,Telangana,36,Sangareddy,691,Sangareddy,49,69,0,126,10,0,0,66,41,174,3,0,16,0,34,7,0,0,3,2,49,12,32,0,741
2019,Telangana,36,Siddipet,692,Siddipet Commissionerate,13,78,0,138,14,0,0,98,60,241,9,0,10,0,23,14,0,11,0,3,203,5,11,0,256
2019,Telangana,36,Suryapet,696,Suryapet,29,105,5,196,26,0,0,103,82,282,1,1,7,0,2,1,0,0,0,0,306,2,16,1,586
2019,Telangana,36,Vikarabad,698,Vikarabad,30,71,0,93,36,0,0,149,64,136,3,0,7,1,18,14,1,1,4,0,67,2,7,0,122
2019,Telangana,36,Wanaparthy,693,Wanaparthy,16,42,0,30,6,0,0,35,28,59,0,0,3,0,19,6,0,0,0,0,85,4,5,0,32
2019,Telangana,36,Warangal,522,Warangal Commissionerate,49,120,3,259,245,1,4,248,93,469,17,1,34,0,79,176,0,1,0,0,613,21,0,1,1420
2019,Telangana,36,Yadadri Bhuvanagiri,697,Rachakonda Commissionerate,91,477,0,762,63,0,41,237,141,1080,9,1,18,86,316,605,35,8,5,0,1763,142,0,0,4544
2019,The Dadra And Nagar Haveli And Daman And Diu,38,Dadra And Nagar Haveli,465,Dadra And Nagar Haveli,7,38,0,3,9,0,0,53,39,3,3,0,0,0,12,0,0,0,0,0,19,3,3,0,10
2019,The Dadra And Nagar Haveli And Daman And Diu,38,Daman,463,Daman,6,14,0,6,24,0,0,36,11,2,1,0,0,0,10,3,0,1,0,2,17,5,2,1,18
2019,The Dadra And Nagar Haveli And Daman And Diu,38,Diu,464,Diu,0,3,0,2,2,0,0,7,4,2,1,0,0,1,1,0,0,0,0,0,1,1,0,0,0
2019,Tripura,16,Dhalai,269,Dhalai,13,28,2,7,14,0,3,35,22,18,2,0,3,0,2,0,0,0,0,0,8,1,1,0,0
2019,Tripura,16,Gomati,654,Gomati,18,31,1,17,9,0,0,29,18,68,7,0,0,0,2,6,0,0,1,3,15,4,6,0,56
2019,Tripura,16,Khowai,652,Kowai,18,31,0,15,24,0,2,26,7,17,4,0,2,0,0,0,0,0,0,0,18,0,0,0,33
2019,Tripura,16,North Tripura,270,North,25,20,1,7,12,0,0,32,24,42,0,0,0,0,0,6,0,0,0,2,18,5,0,0,53
2019,Tripura,16,Sepahijala,653,Sipahijala,1,0,0,0,14,0,0,40,25,0,0,0,0,0,0,0,0,0,0,0,0,0,0,0,0
2019,Tripura,16,South Tripura,271,South,22,24,3,15,40,1,0,37,12,69,3,0,1,0,3,0,0,0,0,0,24,2,3,0,6
2019,Tripura,16,Unakoti,655,Sipahijala,17,44,0,9,14,2,0,0,2,77,9,1,2,0,5,1,0,1,0,0,9,1,4,0,16
2019,Tripura,16,Unakoti,655,Unakoti,12,46,0,17,13,0,0,32,22,23,6,0,1,0,6,1,0,1,0,0,12,5,0,0,35
2019,Tripura,16,West Tripura,272,Grp,1,0,0,2,0,0,0,0,0,0,0,0,0,0,0,0,0,0,0,0,0,0,0,0,1
2019,Tripura,16,West Tripura,272,West,27,112,2,69,41,4,0,80,46,137,7,0,1,0,23,8,0,1,0,6,64,11,22,0,34
2019,Uttar Pradesh,9,Agra,118,Agra,134,262,0,413,613,4,0,776,261,439,84,1,2,0,0,180,29,9,0,35,336,83,0,4,2909
2019,Uttar Pradesh,9,Aligarh,119,Aligarh,126,180,2,461,663,2,6,653,167,634,63,3,17,0,0,155,0,0,0,0,0,95,0,0,920
2019,Uttar Pradesh,9,Ambedkar Nagar,121,Ambedkar Nagar,27,75,3,132,114,0,0,51,42,138,15,0,0,0,0,170,52,0,0,0,122,20,0,0,52
2019,Uttar Pradesh,9,Amethi,640,Amethi,44,96,6,127,63,1,0,135,106,138,13,1,0,0,8,137,40,0,0,4,84,29,0,0,40
2019,Uttar Pradesh,9,Amroha,154,Amroha,40,62,0,84,36,0,0,45,41,206,12,1,0,0,0,30,4,0,0,18,102,15,0,0,1036
2019,Uttar Pradesh,9,Auraiya,122,Auraiya,45,120,0,120,220,0,0,195,88,160,35,0,1,0,14,53,0,0,0,0,43,31,0,0,759
2019,Uttar Pradesh,9,Ayodhya,140,Ayodhya,36,260,9,198,254,0,0,272,70,17,282,0,2,0,0,43,0,5,0,11,0,15,2,0,110
2019,Uttar Pradesh,9,Azamgarh,123,Azamgarh,67,112,1,116,267,1,0,189,118,159,177,0,5,0,79,72,0,6,1,22,207,35,0,0,389
2019,Uttar Pradesh,9,Baghpat,124,Baghpat,63,142,17,85,176,0,0,175,54,78,14,0,0,0,0,35,0,0,0,20,0,39,0,0,742
2019,Uttar Pradesh,9,Bahraich,125,Bahraich,58,84,4,168,357,0,0,227,130,25,498,1,0,0,0,62,0,0,0,0,48,19,39,0,190
2019,Uttar Pradesh,9,Ballia,126,Ballia,18,57,6,138,154,0,0,193,98,100,118,0,3,0,0,70,2,1,8,24,120,9,10,0,28
2019,Uttar Pradesh,9,Balrampur,127,Balrampur,20,85,0,45,111,0,0,146,58,5,102,0,0,0,0,62,0,0,0,6,38,5,23,0,75
2019,Uttar Pradesh,9,Banda,128,Banda,52,123,1,102,106,1,0,183,67,101,37,0,14,1,0,31,3,2,0,11,48,25,6,0,65
2019,Uttar Pradesh,9,Bara Banki,129,Barabanki,51,267,2,130,19,1,0,0,1,291,45,0,11,0,76,74,0,0,0,0,104,14,58,0,0
2019,Uttar Pradesh,9,Barabanki,129,Barabanki,8,2,0,1,174,1,0,454,102,0,0,0,0,0,0,0,0,0,0,0,0,0,0,0,0
2019,Uttar Pradesh,9,Bareilly,130,Bareilly,97,245,6,418,470,0,8,269,220,355,407,4,0,0,50,281,0,0,3,0,424,62,0,7,2631
2019,Uttar Pradesh,9,Basti,131,Basti,23,230,29,108,92,0,0,173,56,134,17,3,3,0,0,81,0,0,0,0,62,10,0,0,290
2019,Uttar Pradesh,9,Bhadohi,179,Bhadohi,21,59,0,24,110,0,0,88,21,72,91,2,5,0,0,26,0,1,0,0,67,9,0,0,38
2019,Uttar Pradesh,9,Bijnor,132,Bijnor,66,169,16,142,60,0,0,128,130,229,457,1,0,0,0,82,0,0,0,28,0,30,0,0,156
2019,Uttar Pradesh,9,Budaun,133,Badaun,53,63,0,99,109,0,0,63,61,237,54,0,0,0,29,28,0,0,0,0,72,23,0,0,827
2019,Uttar Pradesh,9,Bulandshahr,134,Bulandshahar,119,250,6,314,145,0,0,375,218,582,66,0,11,0,71,141,11,9,4,20,72,58,11,0,244
2019,Uttar Pradesh,9,Chandauli,135,Chandoli,15,135,1,78,59,0,0,117,71,146,15,1,4,0,24,28,0,4,0,11,76,6,37,0,219
2019,Uttar Pradesh,9,Chitrakoot,136,Chitrakoot,23,58,13,84,26,1,0,59,17,53,67,0,4,0,0,37,0,0,0,16,30,4,0,0,316
2019,Uttar Pradesh,9,Deoria,137,Deoria,47,124,9,42,345,0,0,347,32,16,27,0,0,0,0,57,0,0,0,0,101,16,0,0,0
2019,Uttar Pradesh,9,Etah,138,Etah,47,83,0,171,145,1,2,120,88,139,42,0,0,0,0,27,0,0,0,0,112,35,0,0,55
2019,Uttar Pradesh,9,Etawah,139,Etawah,42,101,0,49,94,0,0,162,36,91,34,1,9,0,148,35,6,0,0,0,32,16,0,2,70
2019,Uttar Pradesh,9,Farrukhabad,141,Fatehgarh,64,159,0,85,193,2,0,249,77,153,21,1,0,0,0,37,0,16,0,0,40,21,0,0,634
2019,Uttar Pradesh,9,Fatehpur,142,Fatehpur,41,139,0,186,109,0,0,363,68,136,46,0,11,6,62,48,0,0,0,18,37,8,20,0,609
2019,Uttar Pradesh,9,Firozabad,143,Firozabad,86,265,7,309,475,0,0,492,118,281,54,0,13,0,47,114,22,3,4,12,21,43,0,0,892
2019,Uttar Pradesh,9,Gautam Buddha Nagar,144,Gautambudh Nagar,103,344,15,230,264,2,0,301,128,285,28,1,0,0,9,3202,349,598,40,0,338,182,926,0,5490
2019,Uttar Pradesh,9,Ghaziabad,145,Ghaziabad,100,430,0,307,686,2,0,881,235,480,40,0,0,17,0,694,150,39,0,17,246,94,263,0,348
2019,Uttar Pradesh,9,Ghazipur,146,Ghazipur,32,265,2,172,128,1,0,361,173,165,28,0,10,0,91,86,0,6,0,23,0,45,0,0,357
2019,Uttar Pradesh,9,Gonda,147,Gonda,28,75,0,72,227,0,0,202,73,26,502,0,0,0,0,74,18,3,0,8,140,6,0,0,18
2019,Uttar Pradesh,9,Gorakhpur,148,Gorakhpur,103,384,0,258,347,0,0,234,234,480,44,1,0,0,0,864,0,0,0,0,0,63,419,0,2525
2019,Uttar Pradesh,9,Hamirpur,149,Hamirpur,24,86,0,105,53,1,0,140,94,122,21,0,9,2,15,39,6,0,1,8,45,6,0,0,125
2019,Uttar Pradesh,9,Hapur,661,Hapur,49,149,0,129,137,0,0,149,75,146,10,0,0,0,44,20,1,1,0,8,109,29,0,0,249
2019,Uttar Pradesh,9,Hardoi,150,Hardoi,64,164,30,346,489,0,0,483,136,342,293,0,0,0,0,47,0,0,0,0,122,23,40,0,43
2019,Uttar Pradesh,9,Hathras,163,Hathras,44,223,22,189,199,0,0,307,80,169,23,3,8,0,0,25,0,7,0,9,40,28,21,0,496
2019,Uttar Pradesh,9,Jalaun,151,Jalaun,40,19,1,93,150,0,0,124,53,150,179,0,1,0,13,81,0,0,0,0,79,8,11,0,644
2019,Uttar Pradesh,9,Jaunpur,152,Jaunpur,67,306,0,225,221,2,0,300,83,164,38,2,11,0,0,250,67,0,0,18,200,37,0,0,105
2019,Uttar Pradesh,9,Jhansi,153,Jhansi,42,178,6,190,108,0,0,195,60,261,34,0,12,0,0,89,0,1,0,30,0,10,65,0,268
2019,Uttar Pradesh,9,Kannauj,155,Kannauj,29,54,0,105,186,0,0,142,69,172,21,0,10,0,35,46,0,0,0,0,0,16,0,0,420
2019,Uttar Pradesh,9,Kanpur Dehat,156,Kanpur Dehat,36,90,2,277,142,1,0,237,153,325,41,0,16,31,0,41,0,0,0,0,0,5,85,0,0
2019,Uttar Pradesh,9,Kanpur Nagar,157,Kanpur Nagar,80,264,8,324,393,0,0,427,245,913,58,0,0,0,12,393,0,78,0,51,358,31,0,0,3445
2019,Uttar Pradesh,9,Kasganj,633,Kasganj,42,260,25,151,169,2,0,278,83,108,28,0,3,0,0,67,15,0,3,5,15,15,72,0,563
2019,Uttar Pradesh,9,Kaushambi,158,Kaushambi,38,30,0,175,233,0,0,216,22,75,23,0,0,2,0,42,0,0,0,0,53,14,0,0,833
2019,Uttar Pradesh,9,Kheri,159,Khiri,92,239,14,288,299,0,0,426,158,212,51,1,11,59,2,79,0,5,0,49,61,19,63,1,545
2019,Uttar Pradesh,9,Kushi Nagar,160,Kushi Nagar,1,0,0,4,74,0,0,170,90,0,0,0,0,0,0,0,0,0,0,0,0,0,0,0,0
2019,Uttar Pradesh,9,Kushinagar,160,Kushi Nagar,31,102,16,133,163,0,0,0,1,58,32,0,3,0,0,118,35,0,3,0,35,6,62,0,38
2019,Uttar Pradesh,9,Lalitpur,161,Lalitpur,18,22,0,40,36,0,0,36,29,21,10,0,0,0,0,16,0,0,0,6,0,1,0,0,495
2019,Uttar Pradesh,9,Lucknow,162,Grp,12,6,0,68,16,0,0,26,10,0,2,0,0,0,16,7,0,0,0,1,8,94,3,0,368
2019,Uttar Pradesh,9,Lucknow,162,Lucknow,117,479,14,642,393,0,1,468,271,1422,42,2,0,0,95,1313,0,81,0,190,1955,35,386,1,0
2019,Uttar Pradesh,9,Maharajganj,164,Maharajganj,4,0,0,0,0,0,0,301,292,0,0,0,0,0,0,0,0,0,0,0,0,0,0,0,0
2019,Uttar Pradesh,9,Mahoba,165,Mahoba,14,72,0,43,96,0,0,117,56,25,10,0,2,0,5,16,0,1,0,7,13,10,0,0,75
2019,Uttar Pradesh,9,Mahrajganj,164,Maharajganj,29,55,0,13,16,0,0,0,184,94,23,0,8,0,19,61,0,0,0,54,62,10,0,1,576
2019,Uttar Pradesh,9,Mainpuri,166,Mainpuri,64,164,3,103,109,0,0,229,81,101,35,0,7,0,0,39,10,0,0,0,10,31,0,0,908
2019,Uttar Pradesh,9,Mathura,167,Mathura,84,253,9,351,137,2,0,206,121,479,27,1,17,0,0,197,0,0,0,0,0,81,0,0,2162
2019,Uttar Pradesh,9,Mau,168,Mau,23,113,0,70,100,0,1,282,92,177,187,1,0,101,0,60,0,0,0,41,199,19,0,0,400
2019,Uttar Pradesh,9,Meerut,169,Meerut,129,233,117,322,408,0,1,545,97,601,32,1,8,0,0,131,0,0,0,131,0,97,362,0,822
2019,Uttar Pradesh,9,Mirzapur,170,Mirzapur,25,117,0,43,74,0,0,126,56,166,30,1,12,0,29,113,21,0,7,0,43,6,38,0,209
2019,Uttar Pradesh,9,Moradabad,171,Moradabad,48,345,11,337,328,0,0,479,155,427,26,2,2,0,6,199,42,11,8,15,30,26,3,2,219
2019,Uttar Pradesh,9,Muzaffarnagar,172,Muzaffarnagar,79,206,37,128,182,0,0,192,71,178,20,1,0,0,56,75,0,0,0,0,39,53,13,0,694
2019,Uttar Pradesh,9,Pilibhit,173,Pilibhit,48,218,4,158,301,2,0,204,76,253,47,0,1,0,0,36,0,0,0,18,110,21,0,0,134
2019,Uttar Pradesh,9,Pratapgarh,174,Pratapgarh,74,146,0,190,67,0,0,75,24,325,33,0,5,0,0,42,0,0,0,24,45,55,24,0,0
2019,Uttar Pradesh,9,Prayagraj,120,Prayagraj,134,443,11,633,355,6,0,395,71,1070,55,0,15,0,48,628,0,0,0,10,584,130,0,2,239
2019,Uttar Pradesh,9,Rae Bareli,175,Raibareilly,42,184,11,197,307,0,0,125,36,166,24,1,0,0,0,78,0,0,0,0,132,24,0,0,215
2019,Uttar Pradesh,9,Rampur,176,Rampur,37,132,4,86,132,0,0,98,80,334,358,0,6,0,31,192,7,0,20,2,3,8,101,0,571
2019,Uttar Pradesh,9,Saharanpur,177,Saharanpur,54,128,11,166,87,5,0,147,134,271,26,3,0,0,5,121,0,17,0,59,187,45,168,0,618
2019,Uttar Pradesh,9,Sambhal,659,Sambhal,50,163,3,156,128,0,2,210,88,163,60,2,2,0,0,123,3,0,22,5,73,17,0,0,356
2019,Uttar Pradesh,9,Sant Kabeer Nagar,178,Sant Kabirnagar,1,0,0,39,73,0,0,163,48,0,0,0,0,0,0,0,0,0,0,0,0,0,0,0,0
2019,Uttar Pradesh,9,Sant Kabir Nagar,178,Sant Kabirnagar,14,125,0,67,15,0,0,0,0,67,9,0,5,0,0,29,0,0,0,0,41,8,0,0,99
2019,Uttar Pradesh,9,Shahjahanpur,180,Shahjahanpur,71,254,0,189,199,0,0,233,138,321,63,0,12,0,0,75,0,0,0,0,175,21,57,0,323
2019,Uttar Pradesh,9,Shamli,660,Shamli,34,52,0,97,74,1,0,47,45,101,10,0,0,0,5,31,0,10,0,8,0,20,66,0,433
2019,Uttar Pradesh,9,Shravasti,181,Shrawasti,1,0,0,0,15,0,0,55,21,0,0,0,0,0,0,0,0,0,0,0,0,0,0,0,0
2019,Uttar Pradesh,9,Shrawasti,181,Shrawasti,9,21,2,28,56,0,0,0,0,11,160,0,5,0,3,16,0,0,0,4,7,3,33,0,11
2019,Uttar Pradesh,9,Siddharth Nagar,182,Sidharthnagar,0,10,0,0,58,0,0,155,87,0,0,0,0,0,0,0,0,0,0,0,0,0,0,0,0
2019,Uttar Pradesh,9,Siddharthnagar,182,Sidharthnagar,9,102,10,65,5,0,0,0,4,53,79,0,3,0,0,32,0,0,0,0,41,3,0,0,666
2019,Uttar Pradesh,9,Sitapur,183,Sitapur,103,581,0,485,352,0,0,620,254,514,84,0,0,0,0,51,0,0,0,0,214,45,0,0,299
2019,Uttar Pradesh,9,Sonbhadra,184,Sonbhadra,46,182,0,36,44,3,1,141,103,81,89,0,9,0,0,84,15,6,0,14,94,12,19,0,447
2019,Uttar Pradesh,9,Sultanpur,185,Sultanpur,44,211,10,231,224,0,0,218,65,207,227,0,7,0,0,96,17,7,2,12,45,17,99,0,19
2019,Uttar Pradesh,9,Unnao,186,Unnao,61,412,2,204,309,0,0,384,149,285,49,1,14,0,31,104,8,0,6,29,124,31,52,0,20
2019,Uttar Pradesh,9,Varanasi,187,Varanasi,55,325,0,264,220,1,8,394,116,628,39,0,19,12,55,1058,262,8,16,89,782,24,22,3,926
2019,Uttarakhand,5,Almora,45,Almora,1,14,7,9,16,0,4,19,2,2,2,0,0,0,12,8,2,0,0,0,0,1,0,0,34
2019,Uttarakhand,5,Bageshwar,46,Bageshwar,3,14,0,9,1,0,0,7,6,2,4,0,0,0,0,0,0,0,0,0,49,2,0,0,50
2019,Uttarakhand,5,Chamoli,47,Chamoli,2,8,1,3,21,0,0,17,5,0,1,0,1,0,1,3,0,0,0,2,0,1,1,0,7
2019,Uttarakhand,5,Champawat,48,Champawat,3,11,0,3,21,0,0,25,11,3,1,0,1,0,4,3,1,0,0,0,1,0,0,0,13
2019,Uttarakhand,5,Dehradun,49,Dehradun,23,278,58,84,101,2,3,162,0,226,7,0,0,0,60,42,0,8,12,10,89,74,99,0,32
2019,Uttarakhand,5,Dehradun,49,Grp,0,1,0,0,4,0,0,5,1,0,0,0,0,0,0,0,0,0,0,0,0,14,0,0,20
2019,Uttarakhand,5,Haridwar,50,Haridwar,62,418,102,213,302,0,6,491,184,135,16,2,6,0,0,29,0,4,0,0,0,34,0,2,695
2019,Uttarakhand,5,Nainital,51,Nainital,26,108,27,77,118,0,2,157,14,65,5,0,7,1,0,8,0,1,0,2,34,21,2,0,35
2019,Uttarakhand,5,Pauri Garhwal,52,Pauri Garhwal,9,23,0,23,7,0,0,15,9,11,1,0,5,0,0,1,0,0,0,0,13,3,0,0,194
2019,Uttarakhand,5,Pithoragarh,53,Pithoragarh,9,17,0,8,3,0,2,14,12,4,3,0,3,0,5,3,0,0,0,4,0,0,0,0,6
2019,Uttarakhand,5,Rudra Prayag,54,Rudra Prayag,1,9,0,0,0,0,4,10,7,1,0,0,0,0,0,15,0,0,0,0,0,0,0,0,17
2019,Uttarakhand,5,Tehri Garhwal,55,Tehri Garhwal,6,54,0,15,40,0,0,31,10,8,0,0,0,0,0,3,0,0,0,0,31,1,0,0,70
2019,Uttarakhand,5,Udam Singh Nagar,56,Udham Singh Nagar,0,0,0,0,0,0,0,0,0,0,0,0,0,0,0,0,0,0,0,0,0,0,0,0,0
2019,Uttarakhand,5,Udam Singh Nagar,56,Udhamsingh Nagar,63,322,0,104,195,0,6,231,102,178,41,0,2,0,0,0,0,0,0,0,0,42,0,2,1272
2019,Uttarakhand,5,Uttar Kashi,57,Uttarkashi,1,27,0,9,18,0,0,30,18,9,2,0,2,0,0,2,0,1,0,2,0,0,0,0,4
2019,West Bengal,19,24 Paraganas North,303,Barasat,0,0,0,0,467,0,2,619,114,0,0,0,0,0,0,0,0,0,0,0,0,0,0,0,0
2019,West Bengal,19,24 Paraganas North,303,Barrackpur Pc,0,0,0,0,133,0,1,265,90,0,0,0,0,0,0,0,0,0,0,0,0,0,0,0,0
2019,West Bengal,19,24 Paraganas North,303,Basirhat,0,0,0,0,41,0,0,72,26,0,0,0,0,0,0,0,0,0,0,0,0,0,0,0,0
2019,West Bengal,19,24 Paraganas North,303,Bidhannagar Pc,0,0,0,0,52,0,0,84,30,0,0,0,0,0,0,0,0,0,0,0,0,0,0,0,0
2019,West Bengal,19,24 Paraganas South,304,Baruipur Police,0,0,0,0,240,0,0,327,84,0,0,0,0,0,0,0,0,0,0,0,0,0,0,0,0
2019,West Bengal,19,24 Paraganas South,304,Diamond Harbour Police,0,0,0,0,115,1,0,176,56,0,0,0,0,0,0,0,0,0,0,0,0,0,0,1,0
2019,West Bengal,19,24 Paraganas South,304,Sundarban Police,0,0,0,0,42,0,0,94,49,0,0,0,0,0,0,0,0,0,0,0,0,0,0,0,0
2019,West Bengal,19,Alipurduar,664,Alipurduar,47,119,27,45,248,4,5,216,86,160,10,0,22,0,17,7,0,0,0,0,37,2,8,2,240
2019,West Bengal,19,Bankura,305,Bankura,81,74,10,53,111,0,0,123,31,189,18,0,14,0,24,3,0,0,0,1,37,15,16,2,284
2019,West Bengal,19,Birbhum,307,Birbhum,109,174,35,56,125,2,2,247,104,228,9,2,23,8,18,12,0,5,0,4,123,28,10,5,268
2019,West Bengal,19,Cooch Behar,308,Coochbehar,58,129,31,52,278,2,0,0,0,337,28,1,19,0,0,0,0,0,0,0,62,0,0,0,161
2019,West Bengal,19,Coochbehar,308,Coochbehar,0,0,0,0,0,0,0,63,53,0,0,0,0,0,0,0,0,0,0,0,0,0,0,0,0
2019,West Bengal,19,Dakshin Dinajpur,310,Dakshin Dinajpur,42,41,18,38,52,1,0,0,0,67,9,0,0,0,0,0,0,0,0,0,38,2,4,2,545
2019,West Bengal,19,Darjeeling,309,Darjeeling,19,42,11,69,56,0,0,68,40,84,10,0,0,0,0,0,0,0,0,0,37,11,8,0,476
2019,West Bengal,19,Darjeeling,309,Siliguri Grp,2,0,0,9,15,0,8,12,1,0,0,0,0,0,0,0,0,0,0,0,0,0,0,0,33
2019,West Bengal,19,Darjeeling,309,Siliguri Pc,28,137,6,150,64,0,6,109,74,575,5,0,5,0,0,67,27,1,0,0,259,6,70,9,848
2019,West Bengal,19,Dinajpur Dakshin,310,Dakshin Dinajpur,1,0,0,0,49,0,0,68,16,0,0,0,0,0,0,0,0,0,0,0,0,0,0,0,0
2019,West Bengal,19,Dinajpur Uttar,311,Uttar Dinajpur,1,0,0,0,146,0,1,276,67,0,0,0,4,2,0,0,0,0,0,0,0,0,0,2,0
2019,West Bengal,19,Hooghly,312,Chandannagar Pc,29,34,1,38,13,0,2,48,39,423,8,0,8,0,4,4,0,0,0,0,275,10,4,3,1009
2019,West Bengal,19,Hooghly,312,Hooghly Rural Police,64,94,12,58,206,2,0,178,66,535,21,4,38,0,0,3,0,0,0,0,217,20,5,4,1689
2019,West Bengal,19,Howrah,313,Howrah Grp,11,1,0,11,6,0,5,10,1,0,1,0,6,0,0,2,0,0,0,0,5,2,2,0,33
2019,West Bengal,19,Howrah,313,Howrah Pc,20,44,6,86,84,2,11,109,56,354,7,0,8,0,13,23,0,0,0,0,215,14,10,0,1781
2019,West Bengal,19,Howrah,313,Howrah Rural,63,58,18,50,51,0,3,71,41,689,5,2,7,0,0,11,0,7,0,1,146,21,21,2,972
2019,West Bengal,19,Jalpaiguri,314,Jalpaiguri,38,130,28,72,244,0,2,249,115,125,20,2,6,0,19,5,0,0,0,0,78,4,12,0,960
2019,West Bengal,19,Jhargram,703,Jhargram,23,33,4,42,72,0,0,69,30,72,2,0,5,0,6,5,0,0,0,0,12,3,5,0,322
2019,West Bengal,19,Kalimpong,702,Kalimpong,12,15,2,20,34,0,0,47,25,38,2,0,2,0,0,2,0,0,0,0,4,1,0,0,53
2019,West Bengal,19,Kolkata,315,Kolkata,58,148,0,604,513,12,6,574,228,946,7,3,27,0,23,56,2,2,14,2,2320,15,84,35,2204
2019,West Bengal,19,Kolkata,315,Sealdah Grp,15,4,0,14,5,1,0,13,5,2,1,0,5,0,0,0,0,0,0,0,5,2,14,0,32
2019,West Bengal,19,Malda,316,Malda,29,254,68,247,202,0,4,0,18,883,15,0,45,0,0,1,0,0,0,0,136,4,0,0,685
2019,West Bengal,19,Maldah,316,Malda,0,2,0,14,20,0,1,331,197,0,0,0,0,39,0,0,0,0,0,0,0,0,0,0,0
2019,West Bengal,19,Medinipur East,317,Purab Medinipur,13,0,0,0,114,2,1,196,38,0,0,0,0,0,0,0,0,0,0,0,0,0,0,0,0
2019,West Bengal,19,Medinipur West,318,Kharagpur Grp,0,0,0,0,0,0,0,0,0,0,0,0,0,0,0,0,0,0,0,0,0,0,0,0,0
2019,West Bengal,19,Medinipur West,318,Paschim Medinipur,7,0,0,0,171,0,0,324,88,0,0,0,0,7,0,0,0,0,0,0,0,0,0,0,0
2019,West Bengal,19,Murshidabad,319,Murshidabad,183,581,255,156,414,1,12,479,208,1206,39,4,15,0,163,36,1,2,1,6,191,5,46,12,1715
2019,West Bengal,19,Nadia,320,Nadia,106,249,107,93,398,2,3,334,88,883,49,5,27,0,19,15,0,0,0,0,195,6,8,7,2726
2019,West Bengal,19,North 24 Parganas,303,Barasat,86,170,37,142,467,1,8,0,0,1315,24,2,33,0,0,45,0,11,0,21,255,6,205,2,2028
2019,West Bengal,19,North 24 Parganas,303,Barrackpur Pc,44,182,29,573,114,1,6,0,0,1338,18,3,12,0,33,31,2,3,8,1,569,13,119,2,1286
2019,West Bengal,19,North 24 Parganas,303,Basirhat,45,99,10,43,291,0,2,0,0,694,12,3,0,0,0,0,0,0,0,0,53,12,9,0,1457
2019,West Bengal,19,North 24 Parganas,303,Bidhannagar Pc,11,49,3,74,32,3,5,0,0,219,3,1,6,0,36,20,3,0,6,0,422,5,70,2,788
2019,West Bengal,19,Paschim Bardhaman,704,Asansol-Durgapur Pc,65,60,10,54,68,0,0,82,44,517,12,1,16,0,0,41,6,0,4,0,206,8,94,1,448
2019,West Bengal,19,Paschim Medinipur,318,Kharagpur Grp,5,0,0,1,0,0,0,0,0,1,0,0,0,0,2,0,0,0,0,0,1,1,0,0,9
2019,West Bengal,19,Paschim Medinipur,318,Paschim Medinipur,106,152,30,314,124,2,0,0,0,451,9,0,16,0,0,10,0,0,0,0,167,34,35,1,1872
2019,West Bengal,19,Purba Bardhaman,306,Purba Bardhaman,105,129,38,118,388,2,7,279,64,471,30,1,33,0,2,24,0,1,0,0,211,21,0,1,3042
2019,West Bengal,19,Purba Medinipur,317,Purab Medinipur,106,102,31,97,154,2,10,0,0,697,12,5,18,0,59,13,1,0,0,0,45,34,32,0,2063
2019,West Bengal,19,Purulia,321,Purulia,78,31,13,106,95,0,0,74,23,166,4,0,8,0,8,2,0,2,0,0,17,3,7,0,376
2019,West Bengal,19,South 24 Parganas,304,Baruipur Police,105,282,41,179,171,1,0,0,0,1697,31,2,11,0,88,13,0,0,0,0,281,6,18,2,3658
2019,West Bengal,19,South 24 Parganas,304,Diamond Harbour Police,64,125,15,85,123,1,2,0,0,720,10,2,12,0,0,18,2,0,2,0,88,6,9,1,1028
2019,West Bengal,19,South 24 Parganas,304,Sundarban Police,51,71,13,26,30,4,0,0,0,631,10,1,5,0,0,1,0,0,0,0,65,5,2,0,434
2019,West Bengal,19,Uttar Dinajpur,311,Uttar Dinajpur,72,143,39,17,149,2,6,0,0,244,10,1,19,0,38,13,0,3,4,0,76,22,12,4,793
2020,Andaman And Nicobar Islands,35,Nicobars,603,Nicobar,2,25,0,2,0,0,0,27,26,0,0,0,0,0,0,0,0,0,0,0,1,0,0,0,0
2020,Andaman And Nicobar Islands,35,North And Middle Andaman,632,North & Middle Andaman,0,1,0,0,0,0,0,0,0,0,0,0,0,0,0,0,0,0,0,0,0,0,0,0,4
2020,Andaman And Nicobar Islands,35,North And Middle Andaman,632,North And Middle Andaman,0,0,0,0,1,0,0,52,47,0,0,0,0,1,1,3,0,0,1,1,0,0,0,0,1
2020,Andaman And Nicobar Islands,35,North And Middle Andaman,632,North Andmiddle Andaman,0,43,0,4,0,0,0,0,0,0,0,0,0,0,0,0,0,0,0,1,0,0,0,0,0
2020,Andaman And Nicobar Islands,35,South Andamans,602,South Andaman,4,39,1,12,6,0,2,62,46,2,0,0,1,1,9,3,0,1,0,0,14,1,1,0,30
2020,Andhra Pradesh,28,Anantapur,502,Anantapur,6,42,0,31,12,0,0,285,33,0,0,0,2,12,0,0,0,0,0,0,0,0,0,0,0
2020,Andhra Pradesh,28,Anantapur,502,Guntakal Railway,1,1,0,0,0,0,0,3,1,0,0,0,0,0,0,0,0,0,0,0,0,0,0,0,0
2020,Andhra Pradesh,28,Ananthapuramu,502,Anantapur,105,134,63,455,13,4,6,0,0,437,17,0,48,0,105,74,16,0,8,0,291,15,2,0,1014
2020,Andhra Pradesh,28,Ananthapuramu,502,Guntakal Railway,2,2,1,3,0,0,0,0,0,1,0,0,3,0,2,0,0,0,0,0,0,2,0,0,8
2020,Andhra Pradesh,28,Chittoor,503,Chittoor,44,81,22,237,11,0,1,118,6,335,14,0,34,1,26,174,42,0,26,0,218,8,13,4,765
2020,Andhra Pradesh,28,East Godavari,505,East Godavari,63,275,60,568,63,1,0,202,69,405,9,0,27,1,117,134,35,3,19,4,129,16,13,0,202
2020,Andhra Pradesh,28,East Godavari,505,Rajahmundry,24,119,40,275,52,0,9,121,2,225,2,0,10,3,54,229,83,8,16,2,331,39,9,1,285
2020,Andhra Pradesh,28,Guntur,506,Guntur,89,188,69,648,106,1,2,198,0,614,3,1,30,6,34,154,26,1,31,4,644,18,2,4,335
2020,Andhra Pradesh,28,Guntur,506,Guntur Urban,30,106,35,387,57,2,52,127,0,275,5,0,20,1,45,305,98,7,23,0,462,21,4,12,444
2020,Andhra Pradesh,28,Krishna,510,Krishna,39,161,53,620,213,0,0,205,6,617,8,0,25,11,108,148,31,1,36,0,428,9,4,0,628
2020,Andhra Pradesh,28,Kurnool,511,Kurnool,64,97,31,900,14,14,0,101,25,222,412,0,44,0,13,165,0,0,0,0,279,4,0,9,6762
2020,Andhra Pradesh,28,Ntr,749,Vijayawada City,24,126,33,378,25,0,14,165,1,522,7,0,15,0,81,347,141,1,17,4,419,35,21,1,237
2020,Andhra Pradesh,28,Ntr,749,Vijayawada Railway,5,2,1,3,2,0,0,3,0,0,0,0,0,0,6,0,0,0,0,0,2,0,0,0,3
2020,Andhra Pradesh,28,Prakasam,517,Prakasham,77,128,13,711,18,0,3,148,123,463,10,2,27,0,0,107,22,2,5,13,282,24,7,1,770
2020,Andhra Pradesh,28,Spsr Nellore,515,Nellore,1,28,0,89,2,0,0,240,72,0,0,0,0,11,0,0,0,0,0,0,0,0,0,6,0
2020,Andhra Pradesh,28,Sri Potti Sriramulu Nellore,515,Nellore,52,86,40,326,18,2,2,0,0,433,7,1,17,0,75,130,28,0,11,8,377,17,7,6,2238
2020,Andhra Pradesh,28,Srikakulam,519,Srikakulam,24,128,41,224,20,0,0,83,0,153,3,0,17,0,27,108,21,16,23,0,125,0,1,0,2954
2020,Andhra Pradesh,28,Tirupati,752,Tirupathi Urban,23,37,7,72,7,0,0,47,19,129,0,0,4,2,24,193,75,1,11,6,197,12,12,0,261
2020,Andhra Pradesh,28,Visakhapatanam,520,Visakha Rural,0,12,0,20,14,0,0,77,20,0,0,0,0,0,0,0,0,0,0,0,0,0,0,0,0
2020,Andhra Pradesh,28,Visakhapatanam,520,Visakhapatnam,2,53,0,22,53,0,0,160,23,0,0,0,0,1,0,0,0,0,0,0,0,0,0,0,0
2020,Andhra Pradesh,28,Visakhapatnam,520,Visakha Rural,31,90,15,227,17,0,0,0,0,134,5,0,14,0,20,7,2,0,0,6,138,4,1,0,2098
2020,Andhra Pradesh,28,Visakhapatnam,520,Visakhapatnam,31,211,55,389,26,0,11,0,0,423,6,1,12,0,70,699,282,34,19,6,526,27,10,1,1621
2020,Andhra Pradesh,28,Vizianagaram,521,Vizianagaram,36,175,23,269,40,0,1,91,31,231,3,0,5,4,22,135,51,5,3,7,116,5,7,0,2438
2020,Andhra Pradesh,28,West Godavari,523,West Godavari,56,179,57,646,73,0,14,203,20,644,7,0,19,8,78,358,129,5,35,5,513,8,3,9,1091
2020,Andhra Pradesh,28,Y.S.R.,504,Cuddapah,63,71,19,281,19,0,1,71,14,283,28,0,9,4,21,4,0,0,0,1,117,12,16,0,140
2020,Arunachal Pradesh,12,Anjaw,628,Anjaw,0,0,0,0,0,0,0,0,0,0,0,0,0,0,0,0,0,0,0,0,0,0,1,0,2
2020,Arunachal Pradesh,12,Changlang,229,Changlang,7,16,5,3,3,0,0,7,0,3,0,0,0,0,0,0,0,0,0,0,4,1,1,0,17
2020,Arunachal Pradesh,12,Dibang Valley,230,Dibang Valley,1,0,0,3,0,0,0,0,0,0,0,0,0,0,0,0,0,0,0,0,0,1,0,0,2
2020,Arunachal Pradesh,12,East Kameng,231,Kameng East,1,6,2,2,0,0,0,4,2,0,0,0,0,0,0,0,0,0,0,0,2,0,0,0,42
2020,Arunachal Pradesh,12,East Kameng,231,Kameng West,0,3,0,0,1,0,0,4,0,0,0,0,0,0,0,0,0,0,0,0,0,0,0,0,0
2020,Arunachal Pradesh,12,East Siang,232,Siang East,2,18,7,12,4,0,0,11,1,9,0,0,1,0,7,1,0,0,0,0,10,4,2,0,66
2020,Arunachal Pradesh,12,Kamle,718,Kamle,1,2,1,0,0,0,0,1,0,0,0,0,0,0,0,0,0,0,0,0,0,0,0,0,10
2020,Arunachal Pradesh,12,Kra Daadi,677,Kra Dadi,3,0,0,0,0,0,0,0,0,0,0,0,0,0,0,0,0,0,0,0,0,0,0,0,0
2020,Arunachal Pradesh,12,Kurung Kumey,233,Kurung Kumey,2,6,2,0,0,0,0,4,2,2,0,0,0,0,0,1,0,0,0,1,0,0,2,0,2
2020,Arunachal Pradesh,12,Leparada,724,Leparada,0,4,1,0,1,0,0,2,0,3,0,0,0,0,0,0,0,0,0,0,2,0,1,0,13
2020,Arunachal Pradesh,12,Lohit,234,Lohit,5,8,3,5,4,0,0,7,0,3,0,0,0,0,4,0,0,0,0,0,3,3,2,0,14
2020,Arunachal Pradesh,12,Longding,666,Longding,2,4,1,0,0,4,0,2,0,0,0,0,0,0,0,0,0,0,0,0,4,2,0,0,16
2020,Arunachal Pradesh,12,Lower Dibang Valley,235,Lower Dibang Valley,5,4,2,3,0,0,0,5,0,1,0,0,0,0,0,0,0,0,0,0,0,2,0,0,4
2020,Arunachal Pradesh,12,Lower Siang,719,Lower Siang,0,0,0,2,0,0,0,0,0,0,0,0,0,0,0,0,0,0,0,0,4,0,0,0,17
2020,Arunachal Pradesh,12,Lower Subansiri,236,Subansiri Lower,0,0,0,1,0,0,0,0,0,1,0,0,0,0,0,0,0,0,0,0,2,1,0,0,20
2020,Arunachal Pradesh,12,Namsai,678,Namsai,3,1,0,7,1,0,0,5,2,3,0,0,0,0,0,0,0,0,0,0,2,4,2,0,0
2020,Arunachal Pradesh,12,Pakke Kessang,723,Pakkessang,0,2,0,0,0,0,0,0,0,0,0,0,0,0,0,0,0,0,0,0,1,0,0,0,3
2020,Arunachal Pradesh,12,Papum Pare,237,Crime Branch,0,0,0,1,0,0,0,0,0,0,0,0,0,0,0,8,3,0,0,1,2,2,3,0,3
2020,Arunachal Pradesh,12,Papum Pare,237,Papum Pare City,6,40,1,15,57,0,2,48,17,33,0,0,0,1,0,23,0,22,0,1,29,26,11,0,93
2020,Arunachal Pradesh,12,Papum Pare,237,Papum Pare Rural,0,0,0,2,3,0,0,4,0,0,0,0,0,1,4,0,0,0,0,0,4,5,4,0,48
2020,Arunachal Pradesh,12,Shi Yomi,725,Shiyomi,0,0,0,1,0,0,0,0,0,0,0,0,1,0,0,0,0,0,0,0,1,1,0,0,4
2020,Arunachal Pradesh,12,Siang,679,Siang,0,0,0,4,0,0,0,0,0,2,0,0,0,0,0,0,0,0,0,0,1,1,0,0,20
2020,Arunachal Pradesh,12,Tawang,238,Tawang,0,0,0,0,1,0,0,1,0,0,0,0,0,0,0,0,0,0,0,0,2,0,0,0,9
2020,Arunachal Pradesh,12,Tirap,239,Tirap,1,2,0,4,0,0,0,0,0,0,0,0,0,0,0,0,0,0,0,0,0,1,0,0,10
2020,Arunachal Pradesh,12,Upper Siang,240,Siang Upper,1,1,1,0,0,0,0,1,1,0,0,0,0,0,0,0,0,0,0,0,1,0,0,0,13
2020,Arunachal Pradesh,12,Upper Subansiri,241,Subansiri Upper,2,8,0,5,0,0,0,2,2,5,0,0,0,0,3,0,0,0,0,0,1,0,0,0,21
2020,Arunachal Pradesh,12,West Kameng,242,Kameng West,4,7,3,1,2,0,0,0,0,1,0,0,0,0,0,0,0,0,0,0,7,1,0,0,34
2020,Arunachal Pradesh,12,West Siang,243,Siang West,2,6,2,8,3,0,0,5,1,3,0,0,0,1,0,0,0,0,0,0,4,0,2,0,4
2020,Assam,18,Baksa,616,Baksa,32,91,6,86,64,0,2,109,28,128,18,0,0,0,9,77,0,5,0,65,53,23,0,0,5
2020,Assam,18,Barpeta,280,Barpeta,67,383,78,627,469,0,20,385,100,882,12,0,1,0,0,182,0,0,0,0,347,84,36,3,1422
2020,Assam,18,Biswanath,705,Biswanath,29,82,5,83,68,0,14,156,36,156,3,0,3,0,0,32,0,0,0,47,25,6,24,0,200
2020,Assam,18,Bongaigaon,281,Bongaigaon,16,128,25,119,106,0,6,176,66,342,7,0,0,0,0,150,0,0,0,0,110,42,0,0,533
2020,Assam,18,Cachar,282,Cachar,47,145,0,57,84,0,0,235,31,550,56,0,0,0,0,132,0,0,0,0,285,87,40,0,1666
2020,Assam,18,Charaideo,708,Charaideo,25,47,4,17,30,0,2,50,21,69,5,0,4,0,0,12,0,0,0,24,31,7,1,1,57
2020,Assam,18,Chirang,612,Chirang,19,83,7,41,93,0,0,62,43,91,5,0,0,0,0,42,0,0,0,0,40,7,3,0,53
2020,Assam,18,Darrang,283,Darrang,33,221,8,290,200,0,4,127,74,415,15,0,0,0,69,60,0,0,0,120,205,17,18,1,321
2020,Assam,18,Dhemaji,284,Dhemaji,21,72,6,123,47,0,2,58,30,186,10,0,10,2,0,49,0,2,0,3,106,37,0,1,192
2020,Assam,18,Dhubri,285,Dhubri,39,291,81,717,317,8,24,312,107,976,20,2,1,15,8,0,0,0,0,0,72,69,22,1,141
2020,Assam,18,Dibrugarh,286,Dibrugarh,55,139,0,78,212,2,3,221,74,379,68,0,0,0,0,236,0,32,0,48,255,47,8,0,867
2020,Assam,18,Dima Hasao,299,Dima Hasao,12,18,0,2,14,0,0,19,10,13,0,0,0,0,0,19,0,6,0,13,17,0,4,0,39
2020,Assam,18,Goalpara,287,Goalpara,32,101,27,79,96,0,6,94,35,300,2,0,0,0,0,27,0,0,0,0,56,18,10,0,106
2020,Assam,18,Golaghat,288,Golaghat,57,113,7,44,232,1,2,90,30,332,8,0,0,0,0,77,0,15,0,48,132,20,0,0,567
2020,Assam,18,Hailakandi,289,Hailakandi,22,201,24,141,50,1,0,95,35,291,11,0,0,0,16,36,0,7,0,16,127,21,14,0,60
2020,Assam,18,Hojai,709,Hojai,39,143,34,216,162,0,0,177,35,593,5,0,0,0,2,46,0,13,0,24,147,26,2,0,18
2020,Assam,18,Jorhat,290,Jorhat,46,116,19,158,302,0,0,85,34,596,3,0,0,0,0,104,0,0,0,0,99,43,125,0,1296
2020,Assam,18,Kamrup,291,Kamrup,64,294,0,555,388,0,16,241,87,409,57,0,8,0,27,203,0,22,0,107,286,93,5,0,1430
2020,Assam,18,Kamrup Metro,618,Bieo,0,0,0,0,0,0,0,0,0,0,0,0,0,0,0,0,0,0,0,0,3,0,2,0,1
2020,Assam,18,Kamrup Metro,618,Cid,0,1,0,0,0,0,0,1,1,0,0,0,0,0,0,6,0,6,0,0,6,0,0,0,2
2020,Assam,18,Kamrup Metro,618,Grp,15,2,0,4,0,1,7,2,1,0,0,0,0,0,0,0,0,0,0,0,13,3,0,0,18
2020,Assam,18,Kamrup Metro,618,Guwahati City,56,98,5,218,415,8,9,285,41,725,35,0,12,0,0,932,0,23,0,318,1581,550,98,4,148
2020,Assam,18,Kamrup Metro,618,Rpo,5,3,0,0,4,0,0,5,1,0,5,0,0,0,0,0,0,0,0,0,5,0,0,0,46
2020,Assam,18,Kamrup Metro,618,Sou,0,0,0,0,0,0,0,0,0,0,0,0,0,0,0,0,0,0,0,0,0,0,0,0,0
2020,Assam,18,Kamrup Metro,618,Stf,0,0,0,0,0,0,0,0,0,0,0,0,0,0,0,0,0,0,0,0,0,0,0,0,0
2020,Assam,18,Karbi Anglong,292,Karbi Anglong,23,83,0,25,89,2,0,63,19,72,0,0,0,0,0,52,0,11,0,18,30,7,5,0,169
2020,Assam,18,Karimganj,293,Karimganj,43,128,23,72,57,5,0,39,16,289,2,2,3,0,6,335,148,4,1,23,267,87,1,2,1273
2020,Assam,18,Kokrajhar,294,Kokrajhar,35,97,0,74,83,0,14,59,43,154,7,0,0,0,0,258,29,0,0,0,154,9,0,0,901
2020,Assam,18,Lakhimpur,295,Lakhimpur,45,154,15,128,165,0,9,196,87,347,134,1,1,0,3,72,0,20,2,0,206,22,0,2,139
2020,Assam,18,Majuli,706,Majuli,8,10,1,21,29,0,0,30,12,42,0,0,0,0,0,9,0,0,0,2,14,2,1,0,63
2020,Assam,18,Marigaon,296,Morigaon,32,491,35,168,279,0,3,68,58,497,9,0,0,0,60,56,0,0,0,0,192,75,0,0,311
2020,Assam,18,Nagaon,297,Nagaon,65,259,37,136,312,4,6,410,105,863,72,0,0,232,0,0,0,0,0,0,0,56,41,1,2309
2020,Assam,18,Nalbari,298,Nalbari,13,126,0,125,82,0,3,76,55,281,9,1,0,9,0,27,0,0,0,54,60,36,0,0,96
2020,Assam,18,Sivasagar,300,Sibsagar,27,132,11,143,217,0,2,146,33,320,16,0,0,0,10,84,0,32,0,57,161,28,5,0,264
2020,Assam,18,Sonitpur,301,Sonitpur,44,92,0,23,217,0,34,202,25,454,4,0,0,0,0,725,288,0,0,0,576,86,0,2,1636
2020,Assam,18,South Salmara Mancachar,707,South Salmara,18,171,29,27,74,5,4,100,26,258,4,0,0,5,0,25,0,0,0,16,37,4,5,0,364
2020,Assam,18,Tinsukia,302,Sadia,8,17,0,3,7,0,0,11,3,22,4,0,0,0,0,2,0,0,0,2,8,3,0,0,30
2020,Assam,18,Tinsukia,302,Tinsukia,59,98,13,106,121,0,1,169,57,250,4,0,12,0,0,144,0,29,0,10,198,136,14,0,117
2020,Assam,18,Udalguri,617,Udalguri,31,70,3,34,94,2,8,39,27,101,4,0,0,0,0,0,0,0,0,0,43,23,0,0,217
2020,Assam,18,West Karbi Anglong,710,Hamren,5,9,0,6,18,0,0,29,11,25,3,0,0,0,0,12,0,0,0,5,13,1,0,0,101
2020,Bihar,10,Araria,188,Araria,53,173,0,5,168,0,0,356,31,55,100,0,0,134,0,86,39,0,0,0,45,80,68,0,43
2020,Bihar,10,Arwal,611,Arwal,21,27,0,17,32,1,0,35,8,8,22,0,0,0,10,64,32,0,0,0,32,17,25,0,32
2020,Bihar,10,Aurangabad,189,Aurangabad,67,96,0,7,100,0,0,109,37,39,47,0,0,0,0,20,10,0,0,0,88,26,93,0,10
2020,Bihar,10,Banka,190,Banka,77,76,0,23,95,0,0,51,23,19,71,0,0,0,9,89,38,2,0,0,88,41,29,0,41
2020,Bihar,10,Begusarai,191,Begusarai,116,109,0,4,138,2,0,123,14,23,72,0,0,0,0,54,27,0,0,0,108,88,0,3,27
2020,Bihar,10,Bhagalpur,192,Bhagalpur,88,231,2,11,252,3,0,187,47,46,119,0,0,0,0,37,0,0,0,39,208,47,0,6,0
2020,Bihar,10,Bhagalpur,192,Naugachia,37,62,12,6,78,1,0,59,18,16,28,0,0,0,0,6,0,1,0,4,23,27,6,0,18
2020,Bihar,10,Bhojpur,193,Bhojpur,97,124,2,42,202,0,0,175,50,94,171,0,0,0,0,54,22,2,1,0,77,73,199,0,25
2020,Bihar,10,Buxar,194,Buxar,45,100,0,3,119,1,0,101,38,53,73,0,0,0,20,44,22,0,0,0,74,21,55,0,22
2020,Bihar,10,Darbhanga,195,Darbhanga,71,144,0,112,234,1,0,137,41,80,69,0,0,0,0,48,24,0,0,0,135,22,131,0,24
2020,Bihar,10,Gaya,196,Gaya,168,206,0,10,293,3,3,182,83,108,128,1,0,0,43,64,32,0,0,0,522,88,20,2,43
2020,Bihar,10,Gopalganj,197,Gopalganj,94,72,0,0,203,1,0,104,11,27,86,0,0,0,35,32,16,0,0,0,100,41,9,0,16
2020,Bihar,10,Jamui,198,Jamui,85,73,0,16,86,1,0,56,27,15,60,0,0,0,0,96,41,0,5,0,60,33,35,0,50
2020,Bihar,10,Jehanabad,199,Jehanabad,30,41,0,13,55,0,0,49,18,9,33,0,0,0,26,91,42,0,1,0,114,20,22,0,47
2020,Bihar,10,Kaimur (Bhabua),200,Bhabhua,46,78,0,47,94,0,0,107,29,19,47,0,0,12,0,56,28,0,0,0,68,27,0,0,28
2020,Bihar,10,Katihar,201,Katihar,90,174,1,9,161,0,2,106,51,51,132,0,1,0,30,20,10,0,0,0,40,48,36,0,10
2020,Bihar,10,Katihar,201,Katihar Railway,5,1,0,0,0,0,6,5,2,0,0,0,0,0,0,0,0,0,0,0,0,2,0,0,5
2020,Bihar,10,Khagaria,202,Khagaria,62,72,3,5,96,1,0,85,23,19,44,0,0,0,0,9,0,1,0,7,69,35,0,0,0
2020,Bihar,10,Kishanganj,203,Kishanganj,30,86,1,1,70,0,0,50,28,34,84,0,11,0,0,24,4,0,0,0,34,20,5,8,55
2020,Bihar,10,Lakhisarai,204,Lakhisarai,28,52,0,7,72,0,0,63,24,20,23,0,2,0,9,42,21,0,0,0,31,8,0,0,21
2020,Bihar,10,Madhepura,205,Madhepura,96,89,5,1,106,2,0,214,34,18,48,0,0,42,0,38,4,0,4,0,58,82,0,0,30
2020,Bihar,10,Madhubani,206,Madhubani,75,134,0,2,216,1,0,139,38,67,170,0,0,0,0,34,17,0,0,0,59,23,10,0,17
2020,Bihar,10,Munger,207,Jamalpur Railway,0,0,0,0,0,0,0,0,0,0,1,0,0,0,0,0,0,0,0,0,0,2,1,0,3
2020,Bihar,10,Munger,207,Munger,59,56,7,7,95,0,0,132,54,22,61,0,0,18,40,84,42,0,0,0,74,18,1,0,42
2020,Bihar,10,Muzaffarpur,208,Muzaffarpur,178,318,0,8,562,3,0,432,61,130,98,0,0,27,48,20,10,0,0,0,233,133,12,2,11
2020,Bihar,10,Muzaffarpur,208,Muzaffarpur Railway,4,0,0,0,0,0,4,2,0,0,1,0,0,0,0,2,1,0,0,0,3,1,0,0,4
2020,Bihar,10,Nalanda,209,Nalanda,144,171,0,48,386,4,0,293,69,82,185,0,0,0,0,54,27,0,0,0,403,69,0,0,27
2020,Bihar,10,Nawada,210,Nawadah,62,40,0,17,195,2,0,100,47,33,61,0,0,0,121,84,42,0,0,0,113,29,51,0,42
2020,Bihar,10,Pashchim Champaran,211,Bagaha,36,47,0,9,103,0,0,111,26,29,26,0,0,11,0,14,2,0,2,5,18,9,9,0,4
2020,Bihar,10,Pashchim Champaran,211,Bettiah,80,46,0,8,163,0,8,276,90,52,122,0,0,68,81,78,39,0,0,0,136,26,67,2,39
2020,Bihar,10,Patna,212,Anti Terrorist Squad,0,0,0,0,0,0,0,0,0,0,0,0,0,0,0,0,0,0,0,0,0,0,0,0,0
2020,Bihar,10,Patna,212,Economic Offences Unit,0,0,0,0,0,0,0,0,0,0,0,0,0,0,0,0,0,0,0,0,0,0,1,0,0
2020,Bihar,10,Patna,212,Patna,212,522,21,38,832,3,5,584,127,242,316,0,0,0,33,932,466,0,0,0,1688,159,0,9,475
2020,Bihar,10,Patna,212,Patna Railway,7,4,0,2,3,0,6,5,1,0,1,0,1,0,9,0,0,0,0,0,2,2,0,0,4
2020,Bihar,10,Purbi Champaran,213,Motihari,164,90,0,0,281,3,2,621,93,119,180,0,0,226,100,60,18,0,0,0,18,93,305,0,30
2020,Bihar,10,Purnia,214,Purnea,81,206,0,7,189,2,0,228,57,53,60,0,0,63,0,5,0,0,0,5,46,82,33,0,0
2020,Bihar,10,Rohtas,215,Rohtas,107,125,0,15,179,1,0,161,40,53,77,0,0,0,0,86,43,0,0,0,127,95,113,4,44
2020,Bihar,10,Saharsa,216,Saharsa,32,33,0,3,83,1,4,16,6,15,40,0,0,0,0,15,0,0,0,0,42,20,0,0,0
2020,Bihar,10,Samastipur,217,Samastipur,85,212,0,32,198,0,0,186,41,32,94,0,6,0,0,62,31,0,0,0,88,76,12,0,31
2020,Bihar,10,Saran,218,Saran,118,234,0,54,366,1,1,276,47,97,201,0,0,0,79,180,90,0,0,0,349,92,20,2,94
2020,Bihar,10,Sheikhpura,219,Sheikhpura,22,12,0,23,21,1,0,71,29,11,30,0,0,15,0,8,0,0,4,0,21,11,5,0,4
2020,Bihar,10,Sheohar,220,Sheohar,13,39,0,4,45,2,0,61,6,9,27,0,0,19,0,23,11,0,0,0,35,6,0,0,11
2020,Bihar,10,Sitamarhi,221,Sitamarhi,82,120,0,4,301,2,0,93,35,53,93,0,0,0,0,12,6,0,0,0,6,59,0,0,73
2020,Bihar,10,Siwan,222,Siwan,112,106,0,2,186,0,0,148,35,20,87,0,0,0,0,3,0,0,0,0,56,78,31,0,4
2020,Bihar,10,Supaul,223,Supaul,60,31,0,0,107,2,0,33,32,30,74,0,0,0,0,30,15,0,0,0,26,63,44,0,15
2020,Bihar,10,Vaishali,224,Vaishali,126,296,11,16,329,1,19,269,25,56,139,0,0,0,292,168,84,0,0,0,84,128,177,0,84
2020,Chandigarh,4,Chandigarh,44,Chandigarh,25,139,47,59,183,0,6,209,0,96,1,1,1,4,75,28,7,1,2,6,131,24,1,0,162
2020,Chhattisgarh,22,Balod,646,Balod,23,79,0,54,38,0,0,151,81,12,3,0,8,3,79,70,27,0,0,0,60,8,1,0,922
2020,Chhattisgarh,22,Baloda Bazar,644,Balodbazar,3,101,1,91,195,0,0,227,100,33,1,0,8,16,0,0,0,0,0,2,0,0,0,0,0
2020,Chhattisgarh,22,Balodabazar-Bhatapara,644,Balodbazar,34,32,0,0,0,0,1,0,0,0,0,0,0,0,296,5,0,0,0,5,33,27,4,0,15
2020,Chhattisgarh,22,Balrampur,649,Balrampur,1,0,0,0,51,0,2,136,78,0,0,0,2,0,0,0,0,0,0,0,0,0,0,0,0
2020,Chhattisgarh,22,Balrampur Ramanujganj,649,Balrampur,40,251,0,56,51,0,8,0,0,15,3,0,12,0,94,0,0,0,0,0,0,15,0,0,574
2020,Chhattisgarh,22,Bastar,374,Jagdalpur,30,155,0,30,45,0,1,166,100,16,3,0,4,7,53,42,11,0,0,0,33,15,0,0,572
2020,Chhattisgarh,22,Bemetara,650,Bemetra,21,72,1,48,84,0,0,151,43,13,3,0,7,3,70,18,5,2,0,4,34,6,0,0,976
2020,Chhattisgarh,22,Bijapur,636,Bizapur,44,19,0,5,33,0,3,30,9,0,0,0,0,0,0,0,0,0,0,0,0,8,0,0,86
2020,Chhattisgarh,22,Bilaspur,375,Bilaspur,52,424,106,145,230,0,9,368,99,72,12,0,2,33,286,18,0,0,0,18,129,67,5,0,0
2020,Chhattisgarh,22,Dakshin Bastar Dantewada,376,Dantewara,18,21,0,9,10,0,0,0,0,2,0,0,0,0,25,24,7,0,1,0,20,19,0,0,18
2020,Chhattisgarh,22,Dantewada,376,Dantewara,0,0,0,1,12,0,0,42,16,0,0,0,0,0,0,0,0,0,0,0,0,0,0,0,0
2020,Chhattisgarh,22,Dhamtari,377,Dhamtari,20,115,0,49,73,0,0,140,76,12,2,0,9,0,62,44,9,1,1,1,43,23,0,0,1063
2020,Chhattisgarh,22,Durg,378,Durg,36,206,3,157,321,0,0,420,132,99,2,0,13,86,311,21,0,0,0,26,153,60,0,1,0
2020,Chhattisgarh,22,Gariyaband,645,Gariyaband,31,82,1,47,24,2,0,125,66,4,0,0,3,15,57,10,2,0,0,0,19,1,0,0,17
2020,Chhattisgarh,22,Gaurela Pendra Marwahi,734,Gaurela-Pendra-Marwari,17,23,0,18,20,0,0,0,0,1,0,0,1,0,43,1,0,0,0,1,9,5,2,0,31
2020,Chhattisgarh,22,Gaurella Pendra Marwahi,734,Gaurela-Pendra-Marwari,1,0,0,0,24,0,0,63,25,0,0,0,0,8,0,0,0,0,0,0,0,0,0,0,0
2020,Chhattisgarh,22,Janjgir-Champa,379,Janjgir,60,176,0,115,233,2,0,384,147,33,5,0,9,55,316,1,0,0,0,1,42,33,0,0,20
2020,Chhattisgarh,22,Jashpur,380,Jashpur,74,189,0,41,111,0,28,176,80,15,0,0,6,3,94,4,2,0,0,0,34,15,0,0,86
2020,Chhattisgarh,22,Kabeerdham,382,Kabirdham,18,88,1,56,45,2,0,0,0,22,0,1,6,0,85,4,0,0,0,0,32,6,4,0,67
2020,Chhattisgarh,22,Kabirdham,382,Kabirdham,1,1,0,1,63,2,0,138,58,0,0,0,1,5,0,0,0,0,0,0,0,0,0,0,0
2020,Chhattisgarh,22,Kanker,381,Kanker,3,0,0,0,32,0,0,111,53,0,0,0,1,0,0,0,0,0,0,0,0,0,0,0,0
2020,Chhattisgarh,22,Kondagaon,643,Kondagaon,21,55,0,11,30,0,0,71,42,5,1,0,1,0,25,1,0,0,0,2,20,3,0,0,0
2020,Chhattisgarh,22,Korba,383,Korba,47,166,0,121,109,1,0,194,72,19,5,0,4,17,161,5,0,0,0,7,49,15,0,2,478
2020,Chhattisgarh,22,Korea,384,Koriya,27,185,0,62,105,0,0,140,60,28,2,0,7,15,43,5,0,0,0,1,37,2,0,0,167
2020,Chhattisgarh,22,Mahasamund,385,Mahasamund,25,139,0,39,87,2,3,104,54,8,3,0,7,5,49,6,3,0,0,0,30,14,0,0,131
2020,Chhattisgarh,22,Mungeli,647,Mungali,29,67,0,40,57,0,0,93,56,13,2,0,7,1,119,0,0,0,0,0,20,4,3,0,202
2020,Chhattisgarh,22,Narayanpur,637,Narayanpur,11,41,0,6,13,0,8,37,29,2,0,0,1,0,21,5,0,0,0,1,6,3,1,0,1
2020,Chhattisgarh,22,Raigarh,386,Raigarh,63,422,11,158,145,2,6,333,125,54,7,0,0,9,66,6,2,0,0,2,65,38,0,0,185
2020,Chhattisgarh,22,Raipur,387,Grp Raipur,1,5,0,2,4,0,0,9,3,0,0,0,0,0,8,1,0,0,0,0,1,3,0,0,0
2020,Chhattisgarh,22,Raipur,387,Raipur,83,365,0,153,453,0,0,594,230,70,10,0,15,51,423,97,3,1,2,55,0,62,0,0,340
2020,Chhattisgarh,22,Rajnandgaon,388,Rajnandgaon,47,145,0,165,116,2,2,245,61,36,7,0,2,1,35,4,0,0,0,0,53,14,6,0,47
2020,Chhattisgarh,22,Sukma,642,Sukma,32,27,0,6,22,0,0,31,16,4,0,0,0,0,0,6,0,3,0,4,12,18,5,0,43
2020,Chhattisgarh,22,Surajpur,648,Surajpur,46,189,1,48,42,0,2,215,104,17,2,0,9,43,128,19,1,0,0,2,13,7,3,0,42
2020,Chhattisgarh,22,Surguja,389,Sarguja,53,220,0,55,122,0,1,162,40,26,2,0,10,7,105,16,0,2,2,9,121,43,0,0,86
2020,Chhattisgarh,22,Uttar Bastar Kanker,381,Kanker,31,133,2,36,30,0,0,0,0,10,2,0,4,0,42,30,5,0,2,0,24,8,0,0,302
2020,Delhi,7,Central,77,Central,14,179,1,147,258,1,4,207,55,85,6,0,1,0,210,18,8,0,0,0,143,102,3,0,254
2020,Delhi,7,East,78,East,23,174,0,175,355,1,2,301,64,172,7,0,4,6,173,7,0,0,2,0,219,203,3,1,110
2020,Delhi,7,New Delhi,79,Economic Offences Wing,0,0,0,0,0,0,0,0,0,0,0,0,0,0,0,0,0,0,0,0,115,0,64,0,0
2020,Delhi,7,New Delhi,79,Eow,0,0,0,0,0,0,0,0,0,0,0,0,0,0,0,0,0,0,0,0,0,0,0,0,0
2020,Delhi,7,New Delhi,79,Igi Airport,1,6,0,7,0,0,0,0,0,0,0,0,0,0,0,0,0,0,0,0,69,0,54,0,0
2020,Delhi,7,New Delhi,79,New Delhi,3,31,0,45,28,0,0,35,12,5,0,1,1,0,34,0,0,0,0,0,83,15,40,0,38
2020,Delhi,7,New Delhi,79,Outer North,53,114,0,88,768,0,39,548,89,76,12,0,2,0,227,1,0,0,0,0,32,131,2,0,121
2020,Delhi,7,New Delhi,79,Railway,1,4,0,3,4,0,2,4,0,0,0,0,0,0,10,0,0,0,0,0,1,2,1,0,6
2020,Delhi,7,New Delhi,79,Spuwac,0,0,0,0,0,0,0,0,0,26,0,0,0,0,0,0,0,0,0,0,0,0,0,0,0
2020,Delhi,7,New Delhi,79,Vigilance,0,0,0,0,0,0,0,0,0,0,0,0,0,0,0,0,0,0,0,0,0,0,0,0,0
2020,Delhi,7,North,80,North,26,121,0,84,312,0,2,216,46,134,2,0,0,1,201,1,0,1,0,0,94,146,1,0,93
2020,Delhi,7,North East,81,North-East,96,245,1,113,713,1,10,549,120,334,21,1,5,1,183,1,0,0,0,0,79,222,2,0,126
2020,Delhi,7,North West,82,Crime Branch,0,0,0,3,0,0,0,0,0,0,0,0,0,0,0,22,4,2,1,0,35,2,18,0,14
2020,Delhi,7,North West,82,Metro,0,2,0,9,0,0,0,1,0,0,1,0,1,0,5,0,0,0,0,0,9,0,0,0,0
2020,Delhi,7,North West,82,North-West,38,221,0,135,504,0,8,409,98,196,0,0,2,0,245,5,0,0,0,4,165,147,1,0,310
2020,Delhi,7,North West,82,Outer,35,207,0,135,671,8,14,504,106,152,10,0,0,0,220,1,0,0,0,2,139,135,2,0,75
2020,Delhi,7,North West,82,Rohini,46,202,2,174,411,1,4,363,86,219,11,0,7,4,230,34,12,1,1,0,69,122,8,0,78
2020,Delhi,7,North West,82,Spl Cell,0,0,0,9,0,0,0,0,0,0,0,0,0,0,2,43,0,11,0,6,0,0,11,0,7
2020,Delhi,7,Shahdara,671,Shahdara,22,121,0,135,253,0,0,279,69,267,3,0,4,7,166,30,6,0,2,4,94,138,0,0,44
2020,Delhi,7,South,83,South,35,192,3,150,406,0,3,343,70,148,11,0,2,0,243,11,0,4,2,2,399,192,0,0,212
2020,Delhi,7,South East,670,South-East,29,248,0,269,532,0,0,446,131,156,11,0,8,0,192,22,5,3,1,8,278,177,2,0,55
2020,Delhi,7,South West,84,Dwarka,26,283,0,310,654,1,0,471,91,219,11,1,3,2,319,19,0,1,1,1,243,109,5,2,100
2020,Delhi,7,South West,84,South-West,16,197,0,122,349,1,2,306,76,120,9,0,2,0,71,13,0,3,1,4,163,55,3,0,98
2020,Delhi,7,West,85,West,33,169,0,145,463,1,4,380,88,250,9,2,2,8,100,7,2,1,1,0,136,74,3,0,56
2020,Goa,30,North Goa,551,Cid,1,2,0,5,0,0,12,10,4,0,0,0,0,0,0,41,14,2,0,7,34,1,0,0,16
2020,Goa,30,North Goa,551,North Goa,22,72,24,59,40,0,9,61,0,2,0,0,0,2,20,2,1,0,0,0,51,6,3,0,6
2020,Goa,30,South Goa,552,South Goa,14,46,17,48,28,0,7,54,1,6,0,0,0,3,18,26,9,0,1,0,36,8,1,0,24
2020,Gujarat,24,Ahmadabad,438,Ahmedabad City,74,368,0,168,196,5,4,603,333,836,0,4,42,14,566,753,272,29,4,26,760,142,24,17,1004
2020,Gujarat,24,Ahmadabad,438,Ahmedabad Rural,27,54,0,20,15,0,2,65,45,34,0,0,11,0,31,54,19,0,3,2,31,26,17,0,350
2020,Gujarat,24,Ahmadabad,438,Cyber Ahmedabad Range,0,0,0,1,0,0,0,0,0,0,0,0,0,0,0,8,2,0,1,0,1,0,0,0,6
2020,Gujarat,24,Ahmadabad,438,W.Rly Ahmedabad,0,1,0,3,0,0,1,3,1,0,0,0,1,0,0,0,0,0,0,0,0,0,0,0,0
2020,Gujarat,24,Ahmadabad,438,Western Railway Ahmedabad,0,0,0,0,0,1,1,0,0,0,0,0,0,0,0,0,0,0,0,0,4,3,0,0,2
2020,Gujarat,24,Amreli,439,Amreli,18,106,0,31,22,0,0,119,68,105,1,0,3,2,55,23,1,0,3,1,20,15,5,0,6543
2020,Gujarat,24,Anand,440,Anand,30,70,1,27,11,1,0,113,136,66,0,0,5,0,80,39,5,1,5,5,38,21,18,0,234
2020,Gujarat,24,Arvalli,672,Arvalli,23,73,0,24,39,0,0,86,49,74,0,0,8,0,0,3,0,2,0,2,2,7,6,0,5
2020,Gujarat,24,Banas Kantha,441,Banaskantha,43,87,0,44,97,2,0,102,40,197,0,0,0,0,16,24,2,4,0,2,41,34,5,3,15
2020,Gujarat,24,Bharuch,442,Bharuch,37,87,0,23,16,0,0,129,91,58,1,0,7,0,57,134,62,1,2,0,153,17,0,0,182
2020,Gujarat,24,Bhavnagar,443,Bhavnagar,45,110,0,30,11,4,0,118,100,151,0,0,11,0,83,33,9,0,0,7,58,17,11,0,1195
2020,Gujarat,24,Bhavnagar,443,Cyber Bhavnagar Range,0,0,0,0,0,0,0,0,0,0,0,0,0,0,0,0,0,0,0,0,0,0,0,0,0
2020,Gujarat,24,Botad,676,Botad,11,42,0,8,2,1,0,55,39,19,0,0,6,0,13,9,2,0,0,3,8,4,3,0,170
2020,Gujarat,24,Chhotaudepur,668,Chhotaudepur,21,84,0,9,12,0,0,71,63,8,0,0,10,0,21,15,0,0,1,0,4,6,2,0,1017
2020,Gujarat,24,Dang,444,Dang,5,5,0,4,0,0,0,1,1,2,0,0,2,0,1,0,0,0,0,0,5,0,0,0,2
2020,Gujarat,24,Devbhumi Dwarka,674,Devbhumi Dwarka,9,21,0,4,6,0,0,29,19,48,0,0,2,0,18,13,2,0,1,5,10,1,8,0,229
2020,Gujarat,24,Dohad,445,Dahod,41,166,0,10,50,0,0,149,94,37,0,0,12,0,37,15,0,2,0,13,16,23,0,0,29
2020,Gujarat,24,Gandhinagar,446,Cid Crime,0,0,0,0,0,0,0,0,0,0,0,0,0,0,0,7,2,1,1,0,52,0,5,0,3
2020,Gujarat,24,Gandhinagar,446,Cyber Gandhinagar Range,0,0,0,0,0,0,0,0,0,0,0,0,0,0,0,8,3,1,0,0,6,0,0,0,3
2020,Gujarat,24,Gandhinagar,446,Gandhinagar,23,71,0,16,20,0,2,89,70,81,0,0,15,1,43,89,37,6,0,3,123,10,26,0,50
2020,Gujarat,24,Gir Somnath,675,Gir Somnath,16,64,0,10,5,0,0,58,41,84,0,0,5,3,20,16,4,0,3,3,13,4,5,0,266
2020,Gujarat,24,Jamnagar,447,Jamnagar,20,86,0,9,35,0,0,85,42,39,1,0,7,0,37,24,9,0,0,0,19,13,6,2,69
2020,Gujarat,24,Junagadh,448,Cyber Junagadh Range,0,0,0,3,0,0,0,0,0,0,0,0,0,0,0,73,6,7,2,0,2,0,0,0,77
2020,Gujarat,24,Junagadh,448,Junagadh,20,97,0,59,51,3,0,106,34,167,0,0,4,0,46,24,9,1,1,0,56,21,5,0,3101
2020,Gujarat,24,Kachchh,449,Cyber Border Range,0,0,0,0,0,0,0,0,0,0,0,0,0,0,0,0,0,0,0,0,0,0,0,0,0
2020,Gujarat,24,Kachchh,449,Kachchh East(G),31,79,0,11,46,0,0,90,27,76,0,0,5,3,10,4,0,1,0,1,70,22,14,0,947
2020,Gujarat,24,Kachchh,449,Kachchh West(B),21,67,0,21,34,0,0,62,27,51,0,1,13,0,11,74,28,0,0,0,67,13,10,0,2661
2020,Gujarat,24,Kheda,450,Kheda,22,107,0,26,28,0,0,118,86,64,0,1,4,0,5,5,0,0,0,1,31,20,16,0,80
2020,Gujarat,24,Mahesana,451,Mehsana,31,71,0,13,18,0,0,97,70,63,0,0,6,0,50,10,0,0,0,2,26,18,9,0,19
2020,Gujarat,24,Mahisagar,669,Mahisagar,8,43,0,9,15,0,0,56,44,27,0,0,13,0,14,11,4,1,0,0,10,2,2,0,16
2020,Gujarat,24,Morbi,673,Morbi,30,65,0,6,10,0,0,68,45,12,0,0,4,1,44,3,0,0,0,1,7,17,0,0,80
2020,Gujarat,24,Narmada,452,Narmada,11,35,1,8,3,0,0,37,30,11,0,0,2,0,42,15,4,0,0,6,20,6,0,0,16
2020,Gujarat,24,Navsari,453,Navsari,17,32,0,10,17,0,0,48,27,14,1,0,2,0,21,15,4,0,0,0,16,6,9,0,123
2020,Gujarat,24,Panch Mahals,454,Cyber Panchmahal Range,0,0,0,0,0,0,0,0,0,0,0,0,0,0,0,0,0,0,0,0,0,0,0,0,0
2020,Gujarat,24,Panch Mahals,454,Panchmahal,32,71,0,22,10,0,1,96,80,50,0,0,16,0,16,3,0,1,0,4,23,11,11,2,211
2020,Gujarat,24,Patan,455,Patan,20,85,1,34,26,2,0,72,52,71,0,0,10,0,31,26,5,1,4,0,18,13,9,2,43
2020,Gujarat,24,Porbandar,456,Porbandar,10,19,0,7,7,0,0,21,10,26,0,0,1,1,23,6,1,1,1,2,3,1,3,0,4310
2020,Gujarat,24,Rajkot,457,Cyber Rajkot Range,0,0,0,0,0,0,0,0,0,0,0,0,0,0,0,0,0,0,0,0,0,0,0,0,0
2020,Gujarat,24,Rajkot,457,Rajkot City,32,129,0,14,35,2,0,124,77,64,0,2,0,0,38,30,2,4,0,1,41,11,29,12,14249
2020,Gujarat,24,Rajkot,457,Rajkot Rural,30,122,0,24,26,1,2,117,89,122,0,1,11,0,46,15,3,3,0,1,24,11,3,1,29
2020,Gujarat,24,Sabar Kantha,458,Sabarkantha,24,53,0,5,9,0,0,59,37,75,0,0,9,1,20,18,5,4,0,0,33,4,5,1,15
2020,Gujarat,24,Surat,459,Cyber Surat Range,0,0,0,0,0,0,0,0,0,0,0,0,0,0,0,5,1,1,0,2,2,0,0,0,1
2020,Gujarat,24,Surat,459,Surat City,126,201,0,53,131,0,2,419,189,342,0,2,18,3,367,344,76,48,9,0,436,39,16,0,265
2020,Gujarat,24,Surat,459,Surat Rural,34,64,0,15,44,1,0,96,49,17,2,1,5,0,37,34,5,1,4,3,53,18,4,1,51
2020,Gujarat,24,Surendranagar,460,Surendranagar,25,69,0,23,37,0,0,65,21,15,0,0,7,0,43,35,6,1,1,0,20,13,4,0,123
2020,Gujarat,24,Tapi,641,Tapi,12,17,0,3,6,0,0,28,13,4,1,0,2,0,6,8,0,0,2,0,7,1,1,0,850
2020,Gujarat,24,Vadodara,461,Cyber Vadodara Range,0,0,0,0,0,0,0,0,0,0,0,0,0,0,0,4,2,0,0,0,4,0,0,0,2
2020,Gujarat,24,Vadodara,461,Vadodara City,23,104,0,43,46,0,0,125,68,181,0,0,9,1,99,104,32,4,8,1,160,17,33,6,8773
2020,Gujarat,24,Vadodara,461,Vadodara Rural,33,121,0,23,29,0,0,151,79,42,0,0,8,1,28,71,23,2,2,1,61,15,22,0,1475
2020,Gujarat,24,Vadodara,461,W.Rly Vadodara,2,4,0,1,0,1,0,5,2,0,0,0,0,0,0,0,0,0,0,0,0,0,0,0,0
2020,Gujarat,24,Vadodara,461,Western Railway Vadodara,4,2,0,0,0,1,0,0,0,0,0,0,0,0,8,0,0,0,0,0,1,5,1,0,2
2020,Gujarat,24,Valsad,462,Valsad,22,53,0,6,23,2,2,140,31,12,1,0,8,0,23,26,9,0,1,2,28,9,9,0,31
2020,Haryana,6,Ambala,58,Ambala,32,129,1,60,101,2,2,154,81,258,6,0,8,0,11,17,0,1,0,10,79,27,6,0,1635
2020,Haryana,6,Ambala,58,Grp,15,0,0,2,0,0,0,7,0,0,1,0,2,1,8,2,1,0,0,0,4,3,0,0,54
2020,Haryana,6,Bhiwani,59,Bhiwani,37,134,11,168,42,1,0,184,84,178,15,0,9,0,60,28,0,4,0,13,0,56,0,0,684
2020,Haryana,6,Charki Dadri,701,Charkhi Dadri,22,47,3,33,5,0,0,42,21,22,3,0,6,0,10,5,0,1,0,3,10,10,3,3,65
2020,Haryana,6,Faridabad,60,Faridabad,69,356,15,126,232,2,0,499,160,401,23,0,16,1,88,59,1,4,3,16,196,31,128,1,734
2020,Haryana,6,Fatehabad,61,Fatehabad,33,86,0,58,20,1,0,140,55,64,9,0,6,0,69,1,0,0,0,1,22,25,19,3,156
2020,Haryana,6,Gurugram,62,Gurugram,88,454,15,263,101,1,0,425,164,291,27,0,26,1,48,226,0,6,0,38,760,69,4,1,1250
2020,Haryana,6,Gurugram,62,Irrigation And Power,0,0,0,0,0,0,0,0,0,0,0,0,0,0,0,0,0,0,0,0,0,0,0,0,1019
2020,Haryana,6,Gurugram,62,Irrigation Andpower,0,0,0,0,0,0,0,0,0,0,0,0,0,0,0,0,0,0,0,0,0,0,0,0,0
2020,Haryana,6,Hisar,63,Hansi,17,55,4,41,19,1,0,79,38,41,11,0,6,0,56,24,0,0,0,2,37,32,0,0,131
2020,Haryana,6,Hisar,63,Hissar,70,188,3,166,19,2,0,232,102,191,8,0,9,0,12,27,0,1,0,5,53,49,2,0,1098
2020,Haryana,6,Jhajjar,64,Jhajjar,54,129,4,114,112,2,0,158,54,177,13,0,15,1,28,9,2,0,0,4,50,79,31,0,546
2020,Haryana,6,Jind,65,Jind,66,126,8,65,45,0,0,158,73,138,6,0,8,1,61,16,2,0,3,0,77,50,24,2,732
2020,Haryana,6,Kaithal,66,Kaithal,47,65,2,88,165,0,0,127,50,173,8,0,7,0,50,71,12,2,0,8,90,31,27,0,291
2020,Haryana,6,Karnal,67,Karnal,76,246,23,139,84,0,2,305,116,252,10,0,6,2,86,78,3,1,10,18,410,22,36,0,311
2020,Haryana,6,Kurukshetra,68,Kurukshetra,33,153,20,124,117,0,6,100,94,285,10,0,7,0,51,9,0,0,0,0,0,11,25,5,642
2020,Haryana,6,Mahendragarh,69,Mahendergarh,43,88,10,111,30,4,0,72,50,46,10,0,6,0,12,15,0,1,0,6,74,7,22,1,553
2020,Haryana,6,Nuh,604,Nuh,36,179,4,71,38,0,0,142,79,54,20,0,6,0,27,24,0,0,1,3,40,14,22,3,626
2020,Haryana,6,Palwal,619,Palwal,62,125,3,56,35,2,0,129,81,106,16,0,2,0,15,62,25,2,0,8,25,18,21,0,679
2020,Haryana,6,Panchkula,70,Panchkula,11,121,5,47,29,0,2,69,46,95,3,0,1,0,10,14,1,4,2,4,132,9,0,0,618
2020,Haryana,6,Panipat,71,Panipat,82,223,14,117,377,3,0,386,97,261,12,1,10,3,60,34,3,2,2,30,273,1,31,0,1454
2020,Haryana,6,Rewari,72,Rewari,41,149,10,121,34,1,0,111,76,204,16,0,14,0,34,21,2,5,2,10,92,12,5,1,863
2020,Haryana,6,Rohtak,73,Rohtak,80,178,13,190,180,2,4,250,78,245,14,0,16,0,111,24,0,1,0,18,131,75,1,5,828
2020,Haryana,6,Sirsa,74,Sirsa,37,186,10,91,43,0,2,163,99,153,5,0,8,0,53,2,0,0,0,2,134,51,18,0,180
2020,Haryana,6,Sonipat,75,Sonipat,112,200,13,146,127,0,2,168,83,241,21,0,10,0,140,21,0,0,0,0,93,115,0,3,517
2020,Haryana,6,Yamunanagar,76,Yamunanagar,38,295,22,127,234,2,3,238,92,243,9,0,10,2,45,27,0,2,0,25,112,10,0,0,376
2020,Himachal Pradesh,2,Bilaspur,15,Bilaspur,4,47,14,66,37,0,0,41,0,16,0,0,3,0,8,3,0,0,1,1,13,0,7,0,127
2020,Himachal Pradesh,2,Chamba,16,Chamba,12,60,16,54,16,0,0,46,0,8,0,0,3,0,13,1,0,0,0,2,29,1,1,0,6
2020,Himachal Pradesh,2,Hamirpur,17,Hamirpur,4,22,4,56,14,0,0,26,0,15,0,0,3,0,10,3,0,1,0,4,0,0,2,0,0
2020,Himachal Pradesh,2,Kangra,18,Kangra,16,133,25,113,48,0,0,87,1,46,0,0,15,0,21,8,0,2,0,8,56,4,11,0,36
2020,Himachal Pradesh,2,Kinnaur,19,Kinnaur,6,12,5,7,9,0,0,10,0,2,0,0,0,0,4,0,0,0,0,0,3,0,3,0,4
2020,Himachal Pradesh,2,Kullu,20,Kullu,7,62,15,53,50,2,0,51,0,15,0,0,2,0,19,18,0,0,4,18,28,0,2,0,28
2020,Himachal Pradesh,2,Lahul And Spiti,21,Lahaul And Spiti,0,2,0,0,0,0,0,0,0,0,0,0,0,0,0,0,0,0,0,0,0,0,0,0,0
2020,Himachal Pradesh,2,Lahul And Spiti,21,Lahaul Andspiti,0,2,0,0,0,0,0,0,0,0,0,0,0,0,0,0,0,0,0,0,0,0,0,0,0
2020,Himachal Pradesh,2,Mandi,22,Mandi,12,136,20,107,70,0,0,100,5,63,0,0,6,0,42,16,0,0,0,15,0,1,0,0,34
2020,Himachal Pradesh,2,Shimla,23,Cid,1,0,0,0,0,0,0,0,0,0,0,0,0,0,0,0,0,0,0,0,0,0,0,0,2
2020,Himachal Pradesh,2,Shimla,23,Cyber,0,0,0,0,0,0,0,0,0,0,0,0,0,0,0,7,0,0,1,0,0,0,0,0,2
2020,Himachal Pradesh,2,Shimla,23,Grp,0,0,0,0,0,0,0,0,0,0,0,0,1,0,0,0,0,0,0,0,0,0,0,0,0
2020,Himachal Pradesh,2,Shimla,23,Shimla,9,152,38,96,63,0,0,109,0,32,1,0,13,0,54,18,0,3,0,13,94,2,6,0,44
2020,Himachal Pradesh,2,Sirmaur,24,Sirmaur,7,91,29,50,30,0,0,64,0,15,1,0,2,0,33,8,0,0,0,15,18,0,0,0,1
2020,Himachal Pradesh,2,Solan,25,Baddi,9,39,13,29,31,0,0,41,0,14,1,0,3,0,15,12,1,0,2,3,8,2,7,0,22
2020,Himachal Pradesh,2,Solan,25,Solan,8,32,9,31,34,0,0,32,0,10,0,0,2,0,11,6,0,1,0,2,14,0,6,0,15
2020,Himachal Pradesh,2,Una,26,Una,10,49,11,32,12,0,0,29,0,25,0,0,6,0,39,7,0,0,0,10,23,0,0,0,0
2020,Jammu And Kashmir,1,Anantnag,1,Anantnag,4,55,0,138,100,0,0,52,19,10,2,0,0,0,0,9,0,1,0,0,25,1,0,0,350
2020,Jammu And Kashmir,1,Bandipora,623,Bandipora,6,27,0,29,20,0,0,1,1,3,0,0,1,0,0,0,0,0,0,0,2,0,0,0,0
2020,Jammu And Kashmir,1,Baramulla,3,Baramulla,4,36,0,123,67,0,0,9,6,17,0,0,0,0,0,5,0,0,0,0,18,8,3,0,19
2020,Jammu And Kashmir,1,Baramulla,3,Sopore,5,5,1,101,66,0,0,45,3,7,0,0,2,0,15,1,0,0,0,0,11,8,1,0,9
2020,Jammu And Kashmir,1,Budgam,2,Budgam,6,41,0,248,41,0,2,29,27,11,0,0,1,0,0,4,0,0,0,0,18,5,8,0,0
2020,Jammu And Kashmir,1,Doda,4,Doda,4,26,2,32,17,0,0,0,0,18,0,0,0,0,0,0,0,0,0,0,3,0,0,0,24
2020,Jammu And Kashmir,1,Ganderbal,626,Ganderbal,4,34,0,65,23,0,0,40,19,11,0,0,0,0,33,4,0,2,0,3,9,0,1,0,6
2020,Jammu And Kashmir,1,Jammu,5,Crime Jammu,0,0,0,0,0,0,0,0,0,0,0,0,0,0,0,0,0,0,0,0,36,0,0,0,0
2020,Jammu And Kashmir,1,Jammu,5,Crime Srinagar,0,0,0,0,0,0,0,0,0,0,0,0,0,0,0,0,0,0,0,0,0,0,0,0,0
2020,Jammu And Kashmir,1,Jammu,5,Jammu,21,67,0,112,168,0,0,100,20,49,6,0,3,0,10,25,0,0,0,0,0,4,152,0,957
2020,Jammu And Kashmir,1,Jammu,5,Railways Jammu,0,0,0,0,0,0,0,0,0,0,0,0,0,0,0,0,0,0,0,0,0,0,0,0,0
2020,Jammu And Kashmir,1,Jammu,5,Railways Kashmir,0,0,0,0,0,0,0,0,0,0,0,0,0,0,0,0,0,0,0,0,0,1,0,0,0
2020,Jammu And Kashmir,1,Kathua,7,Kathua,12,36,1,39,50,0,0,46,19,18,1,0,0,0,11,4,0,0,0,4,0,1,0,0,181
2020,Jammu And Kashmir,1,Kishtwar,620,Kishtwar,1,10,0,17,13,0,0,8,4,2,0,0,1,0,5,11,0,0,0,8,7,1,0,0,23
2020,Jammu And Kashmir,1,Kulgam,622,Kulgam,3,35,0,176,63,0,0,11,11,9,0,0,0,0,0,0,0,0,0,0,37,12,0,0,251
2020,Jammu And Kashmir,1,Kupwara,8,Handwara,8,4,2,25,34,0,0,9,2,7,0,0,1,0,0,1,0,0,0,0,6,3,0,0,16
2020,Jammu And Kashmir,1,Kupwara,8,Kupwara,5,35,0,118,44,0,0,9,9,20,0,0,3,0,0,0,0,0,0,0,12,0,0,0,66
2020,Jammu And Kashmir,1,Poonch,10,Poonch,8,33,0,58,45,0,0,34,12,10,0,0,1,0,10,9,0,0,1,6,10,0,1,0,4
2020,Jammu And Kashmir,1,Pulwama,11,Awantipora,1,1,0,22,18,0,0,4,1,4,1,0,0,0,0,0,0,0,0,0,10,3,0,0,80
2020,Jammu And Kashmir,1,Pulwama,11,Pulwama,8,12,2,30,25,0,0,10,0,2,0,0,0,0,0,28,0,0,14,0,5,0,3,0,14
2020,Jammu And Kashmir,1,Rajouri,12,Rajouri,14,71,0,62,41,0,0,30,7,47,0,0,2,0,31,18,1,0,3,0,11,0,6,0,184
2020,Jammu And Kashmir,1,Ramban,621,Ramban,3,18,0,31,21,0,0,10,2,9,0,0,0,0,10,4,1,0,0,0,5,0,0,0,54
2020,Jammu And Kashmir,1,Reasi,627,Railways Katra,0,0,0,0,0,0,0,0,0,0,0,0,0,0,0,0,0,0,0,0,0,0,0,0,2
2020,Jammu And Kashmir,1,Reasi,627,Reasi,7,25,0,16,32,0,0,23,3,2,0,0,0,0,0,5,0,0,1,1,12,0,0,0,35
2020,Jammu And Kashmir,1,Samba,624,Samba,5,20,1,14,23,0,0,24,6,18,0,0,4,0,3,3,0,0,0,0,14,0,4,0,25
2020,Jammu And Kashmir,1,Shopian,625,Shopian,3,14,0,123,42,0,0,39,8,5,0,0,0,0,39,3,0,1,0,1,13,12,0,0,34
2020,Jammu And Kashmir,1,Srinagar,13,Crime Srinagar,0,0,0,0,0,0,0,0,0,0,0,0,0,0,0,3,0,0,0,0,0,0,0,0,0
2020,Jammu And Kashmir,1,Srinagar,13,Srinagar,13,14,1,194,67,0,0,47,10,47,0,0,0,0,35,4,0,0,1,0,6,16,41,0,74
2020,Jammu And Kashmir,1,Udhampur,14,Udhampur,11,35,2,30,28,0,0,26,18,26,1,0,5,0,15,7,0,2,0,0,13,0,0,0,26
2020,Jharkhand,20,Bokaro,322,Bokaro,56,253,44,87,224,0,2,207,71,126,115,0,0,0,30,40,0,5,0,0,43,31,0,0,204
2020,Jharkhand,20,Chatra,323,Chatra,56,125,19,24,35,1,0,65,42,6,50,0,0,0,0,29,0,0,0,0,50,43,8,0,119
2020,Jharkhand,20,Deoghar,324,Deoghar,52,112,16,377,16,3,3,71,24,53,143,1,0,0,0,95,0,0,0,0,62,32,30,0,582
2020,Jharkhand,20,Dhanbad,325,Dhanbad,76,177,14,118,62,2,0,180,132,74,176,0,12,3,0,76,0,45,0,0,33,67,81,0,1044
2020,Jharkhand,20,Dhanbad,325,Dhanbad Railway,4,0,0,2,1,0,0,2,0,0,0,0,0,0,0,0,0,0,0,0,0,1,0,0,0
2020,Jharkhand,20,Dumka,326,Dumka,54,95,3,72,7,0,3,58,37,21,26,0,0,0,0,35,0,0,0,0,23,25,0,0,26
2020,Jharkhand,20,East Singhbum,327,Jamshedpur,99,244,5,62,90,0,1,36,36,80,167,0,11,0,0,64,0,39,0,0,354,27,49,2,56
2020,Jharkhand,20,East Singhbum,327,Jamshedpur Railway,1,1,0,2,0,0,1,1,1,0,0,0,0,0,1,0,0,0,0,0,0,0,0,0,0
2020,Jharkhand,20,Garhwa,328,Garhwa,82,211,2,180,33,0,3,136,88,68,88,0,7,0,0,23,0,0,0,0,79,15,21,0,258
2020,Jharkhand,20,Giridih,329,Giridih,86,108,0,71,39,3,5,12,10,61,135,0,0,0,0,61,0,42,0,0,128,16,25,0,492
2020,Jharkhand,20,Godda,330,Godda,58,101,8,30,75,0,3,73,11,42,130,0,0,0,0,16,0,0,0,0,80,17,0,0,967
2020,Jharkhand,20,Gumla,331,Gumla,144,216,36,7,44,2,42,171,33,17,25,0,0,5,65,56,28,0,0,0,26,29,40,0,76
2020,Jharkhand,20,Hazaribagh,332,Hazaribagh,90,307,61,37,30,1,4,123,42,37,156,0,1,0,0,77,0,49,2,0,193,34,29,0,560
2020,Jharkhand,20,Jamtara,333,Jamtara,26,42,5,21,4,0,0,36,23,15,31,0,3,0,0,62,0,62,0,0,16,11,5,0,40
2020,Jharkhand,20,Khunti,606,Khunti,73,78,0,6,0,1,26,12,12,10,13,0,0,0,0,12,0,8,0,0,0,16,0,0,72
2020,Jharkhand,20,Koderma,334,Koderma,32,47,0,8,10,0,0,46,21,15,29,0,0,0,0,13,0,7,0,1,24,10,16,0,45
2020,Jharkhand,20,Latehar,335,Latehar,55,107,3,31,7,1,4,18,11,12,53,0,0,0,0,41,0,0,0,5,63,7,2,0,23
2020,Jharkhand,20,Lohardaga,336,Lohardagga,28,97,0,4,0,0,1,30,24,5,30,0,0,0,0,12,0,12,0,0,40,14,1,0,0
2020,Jharkhand,20,Pakur,337,Pakur,27,78,4,9,27,2,12,6,0,16,32,0,0,0,0,31,0,0,0,0,28,13,9,0,82
2020,Jharkhand,20,Palamu,338,Palamu,106,159,12,122,22,2,0,160,77,30,71,0,13,0,0,41,0,1,0,10,78,47,33,0,70
2020,Jharkhand,20,Ramgarh,607,Ramgarh,26,78,0,46,29,0,0,62,28,11,65,0,0,0,0,69,0,0,0,0,21,19,25,0,59
2020,Jharkhand,20,Ranchi,339,Ranchi,149,385,3,81,58,3,19,81,65,117,93,0,0,0,0,449,100,26,9,0,404,231,39,0,962
2020,Jharkhand,20,Sahebganj,340,Sahebganj,60,144,16,27,28,0,13,53,53,68,107,0,0,0,0,15,0,0,0,0,136,29,0,0,146
2020,Jharkhand,20,Saraikela Kharsawan,341,Saraikela,39,60,7,19,28,2,2,66,34,15,37,0,0,0,0,47,0,26,0,0,68,16,13,0,8
2020,Jharkhand,20,Simdega,342,Simdega,54,57,0,0,10,0,33,26,15,7,0,0,0,0,0,7,0,0,0,0,12,7,0,0,159
2020,Jharkhand,20,West Singhbhum,343,Chaibasa,103,144,1,30,15,2,5,64,49,17,21,0,4,0,0,22,0,14,0,3,29,13,9,1,73
2020,Karnataka,29,Bagalkote,524,Bagalkot,39,43,0,141,25,0,0,76,32,31,27,0,9,0,0,6,0,2,0,4,60,13,5,0,38
2020,Karnataka,29,Ballari,528,Ballari,55,117,0,152,65,0,0,189,74,87,88,0,6,0,9,52,0,0,0,15,118,19,8,2,368
2020,Karnataka,29,Belagavi,527,Belagavi City,23,20,0,25,25,0,0,74,17,47,5,0,4,4,6,38,0,1,0,6,59,10,2,1,19
2020,Karnataka,29,Belagavi,527,Belagavi District,90,124,1,232,43,2,0,169,87,93,13,0,18,0,14,18,0,0,0,2,90,28,13,1,99
2020,Karnataka,29,Belagavi,527,K.G.F.,18,25,0,24,10,0,0,42,27,6,9,1,0,0,14,14,0,0,0,1,25,4,0,0,8
2020,Karnataka,29,Bengaluru Urban,525,Bengaluru City,188,436,5,583,1108,33,12,1103,281,401,608,2,71,1,189,8892,0,3030,0,271,1595,535,73,127,764
2020,Karnataka,29,Bengaluru Urban,525,Bengaluru District,74,71,0,131,132,4,0,227,56,86,38,0,9,0,0,56,0,0,0,38,167,90,16,0,15
2020,Karnataka,29,Bengaluru Urban,525,K.Railways,13,2,0,8,3,0,0,10,2,0,1,0,0,0,0,1,0,1,0,0,13,42,0,0,9
2020,Karnataka,29,Bidar,529,Bidar,29,31,3,82,30,0,0,137,27,61,26,0,6,3,21,12,0,7,0,2,21,16,6,3,9
2020,Karnataka,29,Chamarajanagara,531,Chamarajnagar,27,54,0,139,17,0,0,87,36,17,7,0,6,0,0,13,0,4,0,0,16,13,5,0,17
2020,Karnataka,29,Chikkaballapura,630,Chikkaballapura,28,124,0,60,83,0,0,161,96,26,36,0,0,0,5,32,0,1,0,1,76,23,7,0,18
2020,Karnataka,29,Chikkamagaluru,532,Chikkamagaluru,35,74,0,143,55,1,0,162,74,50,14,0,7,2,10,31,0,14,0,2,57,23,4,0,171
2020,Karnataka,29,Chitradurga,533,Chitradurga,31,81,0,241,56,2,0,144,67,46,32,0,1,0,0,40,0,15,0,1,61,20,5,0,76
2020,Karnataka,29,Dakshina Kannada,534,Dakshina Kannada,13,42,0,49,12,2,0,161,58,18,6,1,4,1,5,26,0,2,1,15,33,14,7,1,53
2020,Karnataka,29,Dakshina Kannada,534,Mangaluru City,21,53,0,58,26,0,5,87,35,15,20,0,0,3,7,73,0,0,0,18,110,32,11,2,15
2020,Karnataka,29,Davangere,535,Davanagere,25,86,0,144,52,3,2,122,60,57,77,0,4,0,3,68,0,62,0,6,94,20,12,0,44
2020,Karnataka,29,Dharwad,536,Dharwad,14,23,0,18,12,0,0,36,20,13,10,0,0,0,0,5,0,1,0,5,26,12,2,0,5
2020,Karnataka,29,Dharwad,536,Hubballi Dharwad City,17,30,0,24,34,0,4,59,27,62,1,0,12,0,28,118,0,13,0,10,54,31,2,0,64
2020,Karnataka,29,Gadag,537,Gadag,17,39,0,36,19,0,0,59,13,18,6,0,0,0,0,15,0,0,0,4,14,7,5,0,26
2020,Karnataka,29,Hassan,539,Hassan,61,94,0,242,154,0,0,173,79,64,107,0,9,0,2,47,0,0,0,12,88,30,2,0,257
2020,Karnataka,29,Haveri,540,Haveri,29,68,0,89,25,0,0,151,59,35,25,2,4,0,17,35,0,0,0,0,46,22,8,0,2
2020,Karnataka,29,Kalaburagi,538,Kalaburgi,40,83,0,163,23,0,0,94,62,91,13,0,6,1,13,13,0,8,0,3,15,11,4,0,81
2020,Karnataka,29,Kalaburagi,538,Kalaburgi City,29,14,0,37,14,0,0,44,13,51,28,0,5,0,5,12,0,0,0,0,33,33,7,0,160
2020,Karnataka,29,Kodagu,541,Kodagu,28,81,0,45,19,0,0,100,79,37,13,0,0,0,0,71,0,0,0,0,34,3,1,1,34
2020,Karnataka,29,Kolar,542,Kolar,34,57,0,73,45,2,0,101,42,11,21,0,6,0,15,15,0,0,0,6,41,11,10,0,21
2020,Karnataka,29,Koppal,543,Koppal,19,65,0,106,41,0,0,103,59,56,4,0,1,0,0,11,0,7,0,4,64,9,4,1,232
2020,Karnataka,29,Mandya,544,Mandya,55,79,0,283,81,0,0,164,71,78,42,0,0,0,0,68,0,0,0,0,90,60,17,0,172
2020,Karnataka,29,Mysuru,545,Mysuru City,30,60,0,74,47,1,2,96,36,37,71,0,2,1,11,194,0,2,0,5,143,73,11,9,17
2020,Karnataka,29,Mysuru,545,Mysuru District,41,62,0,217,69,2,0,197,53,46,42,0,12,0,12,21,0,1,0,10,85,38,7,0,16
2020,Karnataka,29,Raichur,546,Raichur,40,59,0,161,46,0,0,174,45,85,67,0,6,0,0,31,0,0,0,5,89,16,6,0,109
2020,Karnataka,29,Ramanagara,631,Ramanagara,42,65,0,148,89,0,0,131,66,29,54,0,6,0,15,186,0,155,0,0,138,91,10,1,42
2020,Karnataka,29,Shivamogga,547,Shimoga,46,122,2,251,131,0,2,235,134,63,59,0,16,0,36,201,0,140,0,6,105,49,4,1,57
2020,Karnataka,29,Tumakuru,548,Tumakuru,49,51,0,169,63,0,0,213,59,47,40,0,10,8,31,210,0,0,0,3,66,72,9,2,43
2020,Karnataka,29,Udupi,549,Udupi,10,57,0,74,25,0,0,73,44,32,28,0,2,0,2,50,0,30,0,30,106,30,4,1,168
2020,Karnataka,29,Uttara Kannada,550,Uttara Kannada,13,50,0,126,25,1,0,151,48,27,12,0,9,0,6,48,0,45,0,0,19,22,10,4,148
2020,Karnataka,29,Vijayapura,530,Vijayapura,79,44,0,136,52,0,0,98,48,90,25,0,10,0,6,9,0,0,0,2,35,16,11,0,165
2020,Karnataka,29,Yadgir,635,Yadgiri,26,47,0,143,14,0,0,68,28,42,12,0,3,0,12,10,0,4,0,2,19,9,3,2,36
2020,Kerala,32,Alappuzha,554,Alapuzha,14,148,3,342,16,0,0,226,114,103,1,0,2,5,27,14,0,1,0,20,303,44,12,0,40
2020,Kerala,32,Ernakulam,555,Ernakulam Commissionerate,9,118,0,211,4,0,21,0,0,81,0,0,1,0,25,98,12,5,2,27,450,64,42,0,240
2020,Kerala,32,Ernakulam,555,Ernakulam Commr.,1,0,0,29,7,0,2,126,47,0,0,0,1,7,0,0,0,0,0,0,0,0,0,0,0
2020,Kerala,32,Ernakulam,555,Ernakulam Rural,13,133,5,354,31,0,76,180,57,129,0,0,0,2,21,16,0,1,0,22,281,55,18,1,16
2020,Kerala,32,Idukki,556,Idukki,29,148,1,268,10,0,0,224,131,61,1,1,2,4,11,10,1,1,1,5,174,10,12,0,462
2020,Kerala,32,Kannur,557,Kannur,21,134,2,168,6,1,36,201,140,196,0,0,2,5,27,22,0,0,0,25,207,20,4,0,275
2020,Kerala,32,Kasaragod,558,Kasargod,19,148,1,194,13,0,5,225,141,77,0,0,3,11,2,12,0,0,3,0,43,15,9,0,336
2020,Kerala,32,Kollam,559,Kollam Commissionerate,23,90,0,191,4,0,26,0,0,171,0,1,0,0,30,9,0,1,0,8,947,35,7,2,109
2020,Kerala,32,Kollam,559,Kollam Commr.,0,0,0,0,10,0,13,144,94,0,0,0,0,2,0,0,0,0,0,0,0,0,0,0,0
2020,Kerala,32,Kollam,559,Kollam Rural,18,141,6,297,13,0,0,189,137,146,0,0,0,2,12,20,0,0,0,0,980,18,3,0,1590
2020,Kerala,32,Kottayam,560,Kottayam,22,120,2,210,22,0,0,182,89,85,0,0,1,3,10,22,0,1,0,13,271,41,16,0,902
2020,Kerala,32,Kozhikode,561,Kozhikode Commissionerate,5,89,1,145,11,0,5,0,0,163,0,0,0,0,10,19,1,0,0,7,141,58,2,0,541
2020,Kerala,32,Kozhikode,561,Kozhikode Commr.,2,0,0,27,10,0,2,137,52,0,0,0,0,11,0,0,0,0,0,0,0,0,0,0,0
2020,Kerala,32,Kozhikode,561,Kozhikode Rural,8,87,2,349,23,1,3,174,70,255,0,0,1,1,8,12,0,1,0,13,95,23,15,0,293
2020,Kerala,32,Malappuram,562,Malappuram,22,196,4,580,40,0,20,464,210,476,0,0,5,39,45,42,2,6,5,31,258,54,31,0,496
2020,Kerala,32,Palakkad,563,Palakkad,36,206,0,270,37,1,3,278,129,172,2,2,4,0,49,20,0,2,0,36,202,38,10,0,140
2020,Kerala,32,Pathanamthitta,564,Pathanamthitta,15,134,0,201,3,0,1,143,107,71,0,0,1,1,16,9,0,9,0,0,2089,17,4,0,216
2020,Kerala,32,Thiruvananthapuram,565,Crime Branch,2,5,0,2,0,0,0,20,18,0,0,0,1,0,0,2,0,1,0,2,161,1,3,0,3
2020,Kerala,32,Thiruvananthapuram,565,Railways,2,0,0,15,1,0,0,5,1,0,0,0,0,0,1,0,0,0,0,0,1,3,0,0,3
2020,Kerala,32,Thiruvananthapuram,565,Trivandrum Commissionerate,7,116,3,160,3,0,0,0,3,79,1,0,1,0,5,111,0,13,1,40,495,47,22,0,406
2020,Kerala,32,Thiruvananthapuram,565,Trivandrum Commr.,2,0,0,1,6,0,0,165,110,0,0,0,0,6,0,0,0,0,0,0,0,0,0,0,0
2020,Kerala,32,Thiruvananthapuram,565,Trivandrum Rural,29,214,13,396,20,0,1,338,233,220,1,2,7,7,12,23,1,2,0,21,362,67,11,1,2426
2020,Kerala,32,Thrissur,566,Thrissur Commissionerate,18,110,1,163,0,2,4,0,0,165,0,0,1,0,61,14,0,2,0,13,620,38,6,1,224
2020,Kerala,32,Thrissur,566,Thrissur Commr.,0,0,0,1,7,0,2,193,107,0,0,0,0,30,0,0,0,0,0,0,0,0,0,0,0
2020,Kerala,32,Thrissur,566,Thrissur Rural,13,95,2,285,21,0,1,162,65,146,1,0,3,7,23,11,1,2,2,1,253,23,13,0,208
2020,Kerala,32,Wayanad,567,Wayanadu,6,127,3,103,15,0,0,165,118,76,2,0,1,1,16,11,1,0,1,7,88,8,4,0,765
2020,Ladakh,37,Kargil,6,Kargil,0,0,0,2,0,0,0,0,0,1,0,0,0,0,0,1,0,0,0,0,3,0,0,0,30
2020,Ladakh,37,Leh Ladakh,9,Leh,0,4,1,2,0,0,0,2,0,2,0,0,0,0,0,0,0,0,0,0,2,0,0,0,2
2020,Lakshadweep,31,Lakshadweep District,553,Lakshadweep,0,9,0,4,1,0,0,9,9,0,0,0,0,0,1,4,0,0,0,3,0,0,0,0,27
2020,Madhya Pradesh,23,Agar Malwa,667,Agar,0,0,0,0,13,0,0,85,47,0,0,0,0,22,0,0,0,0,0,0,0,0,0,0,0
2020,Madhya Pradesh,23,Agar-Malwa,667,Agar,7,33,0,50,8,0,2,0,0,49,3,0,7,0,99,1,0,0,0,0,12,3,0,0,5
2020,Madhya Pradesh,23,Alirajpur,639,Alirajpur,41,118,1,18,129,0,3,158,45,11,0,0,17,25,116,0,0,0,0,0,9,5,2,0,26
2020,Madhya Pradesh,23,Anuppur,390,Anuppur,33,146,0,61,157,0,0,209,71,70,6,0,10,21,30,39,7,0,2,1,8,11,18,0,67
2020,Madhya Pradesh,23,Ashoknagar,391,Ashok Nagar,39,135,0,96,108,0,3,235,124,67,6,0,6,40,318,0,0,0,0,0,26,14,0,0,47
2020,Madhya Pradesh,23,Balaghat,392,Balaghat,59,206,0,121,319,0,2,338,113,204,15,0,9,29,48,34,7,2,0,0,25,13,0,0,37
2020,Madhya Pradesh,23,Barwani,393,Barwani,36,168,1,86,53,0,0,212,126,54,5,0,14,28,40,1,0,0,0,0,34,9,1,0,3
2020,Madhya Pradesh,23,Betul,394,Betul,54,301,1,87,178,0,8,279,94,49,18,0,12,0,120,1,0,0,0,2,12,3,2,0,0
2020,Madhya Pradesh,23,Bhind,395,Bhind,38,74,0,72,109,0,0,197,87,160,26,0,0,0,0,0,0,0,0,0,60,32,0,0,293
2020,Madhya Pradesh,23,Bhopal,396,Bhopal,75,399,1,230,643,0,8,1015,284,310,61,2,23,194,619,19,6,1,0,1,123,55,86,6,570
2020,Madhya Pradesh,23,Bhopal,396,Bhopal Railway,1,9,1,5,9,0,0,11,2,1,1,0,0,0,0,0,0,0,0,0,1,11,0,0,9
2020,Madhya Pradesh,23,Bhopal,396,Cyber Crime Cell,0,0,0,0,0,0,0,0,0,0,0,0,0,0,0,0,0,0,0,0,0,0,0,0,0
2020,Madhya Pradesh,23,Burhanpur,397,Burhanpur,19,66,0,64,31,0,0,124,58,43,1,0,4,9,52,11,0,0,0,1,1,9,0,0,18
2020,Madhya Pradesh,23,Chhatarpur,398,Chhatarpur,69,201,1,163,151,3,0,440,170,82,25,0,24,57,213,5,0,0,0,10,30,20,0,0,340
2020,Madhya Pradesh,23,Chhindwara,399,Chhindwara,77,148,0,81,257,2,3,264,70,68,25,0,7,22,23,0,0,0,0,0,29,11,0,0,1874
2020,Madhya Pradesh,23,Cyber Crime,9999,Cyber Crime Cell,0,0,0,0,0,0,0,0,0,0,0,0,0,0,0,0,0,0,0,0,0,0,0,0,0
2020,Madhya Pradesh,23,Cyber Crime Cell,9999,Cyber Crime Cell,0,0,0,0,0,0,0,12,0,0,0,0,0,0,0,268,0,44,0,74,0,0,0,0,0
2020,Madhya Pradesh,23,Damoh,400,Damoh,37,93,0,112,311,0,0,256,84,103,17,0,27,0,35,10,4,0,1,0,4,7,1,0,29
2020,Madhya Pradesh,23,Datia,401,Datia,35,46,0,66,57,0,0,110,38,49,12,0,5,0,40,5,2,0,0,2,46,14,0,0,19
2020,Madhya Pradesh,23,Dewas,402,Dewas,32,184,0,150,203,0,0,374,187,159,9,0,14,61,855,0,0,0,0,0,38,14,1,0,56
2020,Madhya Pradesh,23,Dhar,403,Dhar,76,303,1,138,277,1,0,679,200,94,6,0,40,63,288,28,0,0,1,0,61,32,3,0,42
2020,Madhya Pradesh,23,Dindori,404,Dindori,21,104,0,50,85,0,1,152,63,85,3,1,9,0,9,4,1,0,0,0,15,4,0,0,73
2020,Madhya Pradesh,23,Guna,406,Guna,36,208,0,184,216,0,0,290,134,112,5,0,17,29,128,15,0,0,0,0,6,48,35,0,1246
2020,Madhya Pradesh,23,Gwalior,407,Gwalior,71,416,2,294,377,2,5,607,194,564,29,1,26,15,98,144,38,20,9,14,175,84,39,0,101
2020,Madhya Pradesh,23,Harda,408,Harda,20,119,0,82,37,0,0,139,65,38,0,0,5,7,56,7,0,0,0,3,27,1,0,0,6
2020,Madhya Pradesh,23,Indore,410,Cyber Crime Cell,0,0,0,0,0,0,0,0,0,0,0,0,0,0,0,0,0,0,0,21,0,0,0,0,0
2020,Madhya Pradesh,23,Indore,410,Indore,90,483,1,299,944,2,6,992,293,455,29,1,38,111,495,98,22,0,8,2,151,73,5,4,158
2020,Madhya Pradesh,23,Indore,410,Indore Railway,0,2,0,2,0,0,2,5,4,0,0,0,0,0,0,2,0,0,0,0,2,1,0,0,32
2020,Madhya Pradesh,23,Indore,410,Khandwa,0,0,0,0,108,0,0,305,112,0,0,0,0,0,0,0,0,0,0,0,0,0,0,0,0
2020,Madhya Pradesh,23,Jabalpur,411,Jabalpur,87,350,12,227,542,0,13,581,227,373,36,0,21,46,121,2,0,0,0,1,118,81,0,0,482
2020,Madhya Pradesh,23,Jabalpur,411,Jabalpur Railway,0,2,0,4,2,0,0,3,0,0,1,0,0,0,0,0,0,0,0,0,1,1,0,0,16
2020,Madhya Pradesh,23,Jhabua,412,Jhabua,24,59,0,23,139,0,0,120,34,11,0,0,19,10,150,0,0,0,0,0,7,9,2,0,6
2020,Madhya Pradesh,23,Katni,413,Katni,36,80,0,64,234,1,0,266,68,60,10,0,12,25,40,9,1,1,3,0,41,14,0,0,79
2020,Madhya Pradesh,23,Khandwa (East Nimar),405,Khandwa,44,130,0,129,90,0,0,0,0,45,11,0,8,0,0,4,0,0,0,0,0,7,0,0,1566
2020,Madhya Pradesh,23,Khargone,414,Khargone,0,0,0,1,139,1,0,417,203,0,0,0,1,17,0,0,0,0,0,0,0,0,0,0,0
2020,Madhya Pradesh,23,Khargone (West Nimar),414,Khargone,34,243,1,161,28,1,0,0,0,49,4,0,13,0,115,12,4,0,0,4,30,12,2,1,48
2020,Madhya Pradesh,23,Mandla,415,Mandla,43,67,1,31,229,0,6,248,46,49,2,0,3,2,36,1,0,0,0,2,13,1,0,0,4
2020,Madhya Pradesh,23,Mandsaur,416,Mandsaur,28,85,1,84,138,0,4,192,91,40,8,0,12,8,37,16,2,0,4,0,44,16,4,0,35
2020,Madhya Pradesh,23,Morena,417,Morena,64,140,1,97,112,4,2,307,84,136,32,0,20,107,223,0,0,0,0,0,37,26,3,0,105
2020,Madhya Pradesh,23,Narmadapuram,409,Hoshangabad,40,168,0,132,198,0,0,282,108,115,15,1,14,42,185,0,0,0,0,0,23,8,2,0,16
2020,Madhya Pradesh,23,Narsimhapur,418,Narsinghpur,24,94,0,50,85,0,0,0,2,29,12,0,11,0,176,2,0,0,1,0,7,9,0,2,24
2020,Madhya Pradesh,23,Narsinghpur,418,Narsinghpur,1,0,0,0,99,0,0,208,76,0,0,0,3,11,0,0,0,0,0,0,0,0,0,0,0
2020,Madhya Pradesh,23,Neemuch,419,Neemuch,14,55,0,26,73,0,0,94,52,35,6,0,8,1,50,6,1,0,0,0,19,10,0,0,10
2020,Madhya Pradesh,23,Niwari,722,Niwari,13,47,0,56,31,0,0,90,33,53,6,0,3,12,16,6,0,0,0,2,14,4,0,0,892
2020,Madhya Pradesh,23,Panna,420,Panna,38,66,0,96,268,0,0,287,76,71,13,0,20,47,160,3,0,1,0,4,0,8,0,0,17
2020,Madhya Pradesh,23,Raisen,421,Raisen,32,203,0,92,301,0,2,420,147,96,16,0,15,64,0,0,0,0,0,0,0,9,0,0,319
2020,Madhya Pradesh,23,Rajgarh,422,Rajgarh,28,172,2,134,96,1,3,244,117,159,13,0,20,0,184,8,0,2,0,6,21,19,1,0,477
2020,Madhya Pradesh,23,Ratlam,423,Ratlam,33,212,0,121,275,4,0,429,175,88,6,1,23,7,254,84,10,30,2,0,55,15,12,1,124
2020,Madhya Pradesh,23,Rewa,424,Rewa,91,189,0,127,522,1,0,980,151,152,32,0,22,82,152,24,6,0,0,24,42,86,37,0,4005
2020,Madhya Pradesh,23,Sagar,425,Sagar,89,441,3,192,279,4,3,806,251,97,33,1,33,156,129,27,1,0,5,0,42,38,9,0,59
2020,Madhya Pradesh,23,Satna,426,Satna,68,392,0,105,279,0,0,508,161,118,21,0,18,18,50,0,0,0,0,0,36,36,0,0,0
2020,Madhya Pradesh,23,Sehore,427,Sehore,25,272,0,194,90,4,2,253,113,75,5,0,11,0,80,0,0,0,0,0,19,12,0,0,9
2020,Madhya Pradesh,23,Seoni,428,Seoni,42,249,1,71,141,0,2,213,63,117,4,0,4,1,60,6,0,0,2,0,16,4,5,0,808
2020,Madhya Pradesh,23,Shahdol,429,Shahdol,46,150,0,83,231,0,0,308,98,150,10,0,22,31,70,16,2,0,3,0,19,14,6,0,11
2020,Madhya Pradesh,23,Shajapur,430,Shajapur,26,133,1,93,67,1,0,217,102,60,7,0,10,60,203,5,0,1,1,0,14,15,7,0,25
2020,Madhya Pradesh,23,Sheopur,431,Sheopur,15,40,0,36,50,0,0,63,21,40,6,0,6,12,6,4,0,0,0,0,10,8,0,0,32
2020,Madhya Pradesh,23,Shivpuri,432,Shivpuri,60,182,1,125,239,2,0,459,94,110,14,0,14,27,35,0,0,0,0,0,94,42,0,0,2413
2020,Madhya Pradesh,23,Sidhi,433,Sidhi,39,66,0,45,147,0,0,219,61,93,10,0,22,0,21,6,2,0,0,0,19,10,10,0,12
2020,Madhya Pradesh,23,Singrauli,638,Singrauli,60,131,0,53,175,0,5,236,59,103,12,1,21,8,89,16,1,1,0,0,7,8,9,0,20
2020,Madhya Pradesh,23,Tikamgarh,434,Tikamgarh,32,135,0,79,124,3,2,219,71,32,26,0,19,44,0,6,0,0,2,0,30,5,0,0,41
2020,Madhya Pradesh,23,Ujjain,435,Ujjain,61,138,0,309,322,0,0,401,4,194,10,0,20,33,189,60,10,0,3,0,108,38,6,0,3510
2020,Madhya Pradesh,23,Umaria,436,Umaria,23,57,0,27,73,0,3,105,41,28,2,0,7,17,42,0,0,0,0,0,8,4,2,0,25
2020,Madhya Pradesh,23,Vidisha,437,Vidisha,46,170,0,138,226,0,3,345,162,115,13,0,22,40,165,0,0,0,0,0,22,13,3,0,18
2020,Maharashtra,27,Ahmednagar,466,Ahmednagar,94,280,0,557,461,0,0,320,127,486,7,0,55,5,97,33,7,5,3,2,225,304,0,2,10
2020,Maharashtra,27,Akola,467,Akola,43,99,0,250,118,0,0,200,104,261,8,0,14,11,123,58,12,4,6,0,75,29,1,0,183
2020,Maharashtra,27,Amravati,468,Amravati Commissionerate,24,137,1,238,58,0,0,0,0,72,0,1,5,0,65,170,65,1,14,1,172,69,10,0,178
2020,Maharashtra,27,Amravati,468,Amravati Commr.,2,0,0,0,72,0,0,174,80,0,0,0,0,8,0,0,0,0,0,0,0,0,0,0,0
2020,Maharashtra,27,Amravati,468,Amravati Rural,72,155,0,232,196,0,0,281,153,162,5,0,29,15,43,196,80,3,5,11,116,29,6,0,94
2020,Maharashtra,27,Aurangabad,469,Aurangabad Commr.,2,0,0,0,126,0,0,245,86,0,0,0,0,9,0,0,0,0,0,0,0,0,0,0,0
2020,Maharashtra,27,Aurangabad,469,Aurangabad Railway,0,0,0,0,3,0,0,6,1,0,0,0,0,0,0,0,0,0,0,0,0,0,0,0,0
2020,Maharashtra,27,Aurangabad,469,Aurangabad Rural,3,0,0,0,94,0,0,173,56,0,0,0,2,4,0,0,0,0,0,0,0,0,0,0,0
2020,Maharashtra,27,Beed,470,Beed,61,182,0,264,67,0,0,245,138,255,11,0,42,3,189,75,15,0,8,2,73,66,20,0,58
2020,Maharashtra,27,Bhandara,471,Bhandara,22,75,0,100,130,0,0,162,65,38,5,0,10,4,57,83,30,2,7,6,58,14,1,1,70
2020,Maharashtra,27,Buldhana,472,Buldhana,51,123,0,322,174,2,0,272,134,144,8,0,30,9,178,110,30,0,8,3,85,79,2,0,60
2020,Maharashtra,27,Chandrapur,473,Chandrapur,58,172,0,209,264,1,1,302,131,127,5,0,14,4,102,117,31,10,0,13,97,30,1,0,388
2020,Maharashtra,27,Chhatrapati Sambhajinagar,469,Aurangabad Commissionerate,25,130,0,206,93,0,0,0,0,206,4,0,11,0,186,134,40,0,14,20,93,108,1,7,100
2020,Maharashtra,27,Chhatrapati Sambhajinagar,469,Aurangabad Railway,0,0,0,8,3,0,0,0,0,0,0,0,0,0,15,0,0,0,0,0,2,41,0,0,12
2020,Maharashtra,27,Chhatrapati Sambhajinagar,469,Aurangabad Rural,36,87,0,134,4,0,0,0,0,121,9,0,17,0,79,32,9,1,4,5,68,36,1,1,236
2020,Maharashtra,27,Dharashiv,488,Osmanabad,35,89,0,125,53,1,0,0,0,67,6,0,19,0,184,80,33,2,3,4,59,44,0,0,58
2020,Maharashtra,27,Dhule,474,Dhule,42,128,0,89,102,0,1,170,55,236,4,1,18,0,32,41,9,0,1,4,82,75,1,0,141
2020,Maharashtra,27,Gadchiroli,475,Gadchiroli,28,75,0,56,58,0,0,87,54,21,1,0,9,2,5,44,15,3,2,1,43,6,4,0,33
2020,Maharashtra,27,Gondia,476,Gondia,36,68,0,61,76,0,0,104,59,11,7,0,5,0,40,33,8,5,4,0,22,10,3,0,133
2020,Maharashtra,27,Hingoli,477,Hingoli,35,48,0,74,36,0,0,70,32,71,6,0,6,3,32,29,3,0,2,3,19,17,1,4,27
2020,Maharashtra,27,Jalgaon,478,Jalgaon,68,234,0,280,207,0,0,324,121,206,2,0,40,6,47,233,86,7,9,3,263,166,0,5,272
2020,Maharashtra,27,Jalna,479,Jalna,43,133,0,208,78,0,0,271,191,191,12,0,34,0,186,59,23,1,1,2,109,91,22,2,718
2020,Maharashtra,27,Kolhapur,480,Kolhapur,50,169,0,278,272,5,31,286,127,194,6,0,13,0,133,71,18,0,8,5,217,119,11,2,161
2020,Maharashtra,27,Latur,481,Latur,39,80,0,138,172,0,6,169,51,131,7,0,16,0,13,80,21,2,6,7,81,89,1,0,36
2020,Maharashtra,27,Mumbai,482,Mumbai Commissionerate,150,1091,0,1962,767,1,88,0,5,502,12,0,39,0,428,4796,1911,40,114,29,3685,733,312,5,11689
2020,Maharashtra,27,Mumbai,482,Mumbai Commr.,6,0,0,0,1139,0,8,2248,964,0,0,0,3,37,0,0,0,0,0,0,0,0,0,1,0
2020,Maharashtra,27,Mumbai,482,Mumbai Railway,3,4,0,50,7,0,0,136,6,0,0,0,0,0,116,44,8,0,0,0,60,572,18,0,26
2020,Maharashtra,27,Mumbai Suburban,483,Navi Mumbai,44,182,0,183,350,3,8,336,111,94,2,0,14,3,48,529,204,7,27,12,451,181,2,9,322
2020,Maharashtra,27,Nagpur,484,Nagpur Commissionerate,97,251,0,238,244,0,21,0,0,118,8,0,13,0,343,444,145,4,23,27,505,177,25,14,414
2020,Maharashtra,27,Nagpur,484,Nagpur Commr.,3,0,0,0,309,0,4,582,200,0,0,0,1,9,0,0,0,0,0,0,0,0,0,0,0
2020,Maharashtra,27,Nagpur,484,Nagpur Railway,1,4,0,8,4,0,0,4,1,0,0,0,0,0,8,0,0,0,0,0,1,9,0,0,0
2020,Maharashtra,27,Nagpur,484,Nagpur Rural,44,131,0,172,104,0,0,282,154,17,6,0,11,3,78,96,14,13,8,6,80,19,12,0,57
2020,Maharashtra,27,Nanded,485,Nanded,70,152,0,241,180,4,2,249,119,242,6,0,19,5,47,46,9,5,2,1,100,139,3,1,51
2020,Maharashtra,27,Nandurbar,486,Nandurbar,33,65,0,49,53,0,0,96,35,50,1,0,5,1,36,40,13,0,3,4,28,23,2,0,3060
2020,Maharashtra,27,Nashik,487,Nasik Commissionerate,25,82,0,159,0,0,0,0,0,202,0,0,19,0,42,187,68,6,16,17,136,212,3,2,103
2020,Maharashtra,27,Nashik,487,Nasik Commr.,2,0,0,0,193,0,0,284,66,0,0,0,2,0,0,0,0,0,0,0,0,0,0,0,0
2020,Maharashtra,27,Nashik,487,Nasik Rural,85,175,0,245,410,0,2,362,121,324,7,0,45,0,165,61,9,0,9,2,252,101,57,0,178
2020,Maharashtra,27,Osmanabad,488,Osmanabad,2,0,0,0,76,0,0,140,54,0,0,0,3,0,0,0,0,0,0,0,0,0,0,0,0
2020,Maharashtra,27,Palghar,665,Palghar,29,94,0,90,68,0,1,134,54,22,0,0,7,0,46,39,5,5,5,2,71,35,12,0,36
2020,Maharashtra,27,Parbhani,489,Parbhani,37,109,0,143,86,0,0,161,78,115,3,0,14,8,187,117,41,0,8,3,24,52,0,0,88
2020,Maharashtra,27,Pune,490,Pimpri Chinchwad City,76,245,0,271,346,2,14,432,109,185,5,0,20,1,205,154,44,9,11,25,191,209,20,1,72
2020,Maharashtra,27,Pune,490,Pune Commissionerate,77,239,0,224,254,0,26,0,0,245,6,1,24,0,343,415,156,24,19,16,438,180,28,13,253
2020,Maharashtra,27,Pune,490,Pune Commr.,4,0,0,0,422,0,0,665,204,0,0,0,0,4,0,0,0,0,0,0,0,0,0,0,0
2020,Maharashtra,27,Pune,490,Pune Railway,1,2,0,1,2,0,0,3,1,0,0,0,1,0,7,1,0,0,0,0,7,12,0,0,0
2020,Maharashtra,27,Pune,490,Pune Rural,110,293,1,519,608,0,13,662,252,227,4,1,56,3,151,169,45,5,11,0,250,224,20,10,520
2020,Maharashtra,27,Raigad,491,Raigad,25,74,0,84,126,3,0,136,64,34,0,0,7,0,78,101,22,4,4,4,141,26,3,0,132
2020,Maharashtra,27,Ratnagiri,492,Ratnagiri,21,48,0,82,74,0,0,85,38,12,0,0,4,0,28,95,38,1,8,1,117,17,11,0,55
2020,Maharashtra,27,Sangli,493,Sangli,63,158,0,268,328,3,3,348,124,103,7,0,19,5,189,106,26,2,11,1,150,136,21,0,295
2020,Maharashtra,27,Satara,494,Satara,57,193,0,290,316,1,5,358,155,168,4,0,26,5,226,114,25,0,10,16,160,135,5,2,180
2020,Maharashtra,27,Sindhudurg,495,Sindhudurg,5,29,0,55,30,0,0,52,27,0,0,0,1,0,26,59,20,0,1,0,22,6,7,0,36
2020,Maharashtra,27,Solapur,496,Solapur Commissionerate,13,79,0,108,62,4,0,0,0,86,1,1,8,0,23,50,16,0,0,2,146,60,4,0,3464
2020,Maharashtra,27,Solapur,496,Solapur Commr.,0,0,0,0,76,1,0,165,82,0,0,0,1,0,0,0,0,0,0,0,0,0,0,0,0
2020,Maharashtra,27,Solapur,496,Solapur Rural,75,240,0,350,303,0,3,362,166,136,2,0,62,0,133,78,19,0,6,0,137,110,17,2,119
2020,Maharashtra,27,Thane,497,Mira Bhayandar Vasai Virar Commissionerate,39,256,0,321,245,0,27,0,3,93,0,0,11,0,86,151,21,6,10,5,385,205,24,1,247
2020,Maharashtra,27,Thane,497,Mira Bhayandar Vasai Virar Commr.,2,0,0,0,380,0,0,576,162,0,0,0,1,6,0,0,0,0,0,0,0,0,0,1,0
2020,Maharashtra,27,Thane,497,Thane Commissionerate,88,307,0,333,411,1,25,0,1,259,11,0,25,0,327,460,127,58,22,22,509,391,23,0,875
2020,Maharashtra,27,Thane,497,Thane Commr.,3,0,0,0,583,0,1,894,261,0,0,0,0,4,0,0,0,0,0,0,0,0,0,0,0
2020,Maharashtra,27,Thane,497,Thane Rural,20,73,0,90,121,0,0,150,47,38,1,0,9,0,42,12,4,0,1,0,92,44,0,0,15
2020,Maharashtra,27,Wardha,498,Wardha,39,91,0,203,211,0,0,218,96,48,3,0,4,0,106,166,47,7,14,8,54,25,4,0,90
2020,Maharashtra,27,Washim,499,Washim,38,77,0,164,62,0,0,125,57,181,13,0,8,0,12,25,2,0,3,1,39,35,2,0,19
2020,Maharashtra,27,Yavatmal,500,Yavatmal,76,146,0,203,229,0,1,265,119,231,7,0,20,6,81,51,13,4,3,4,31,35,0,2,98
2020,Manipur,14,Bishnupur,252,Bishnupur,11,22,4,2,3,0,6,18,14,1,1,0,0,0,0,0,0,0,0,0,0,0,0,0,27
2020,Manipur,14,Chandel,253,Chandel,2,2,0,0,0,0,0,3,2,0,0,0,0,0,0,0,0,0,0,0,0,0,0,0,13
2020,Manipur,14,Churachandpur,254,Churachandpur,4,4,1,0,3,0,1,8,5,0,0,0,0,0,6,1,0,0,0,0,4,0,2,0,18
2020,Manipur,14,Imphal East,255,Imphal East,5,19,0,12,10,2,0,15,11,2,0,0,0,0,0,0,0,0,0,0,26,0,4,0,16
2020,Manipur,14,Imphal West,256,Cid,0,0,0,8,0,0,0,3,0,0,0,0,0,0,0,115,39,0,4,6,78,0,4,0,68
2020,Manipur,14,Imphal West,256,Imphal West,14,31,0,31,12,0,0,32,14,2,0,0,0,0,11,34,0,0,14,0,24,2,8,0,84
2020,Manipur,14,Imphal West,256,Narcotic,0,0,0,0,0,0,0,0,0,0,0,0,0,0,0,0,0,0,0,0,0,0,0,0,0
2020,Manipur,14,Jiribam,713,Jiribam,0,2,0,0,0,1,0,4,2,1,0,0,0,1,0,0,0,0,0,0,0,0,0,0,0
2020,Manipur,14,Kakching,711,Kakching,1,19,0,3,4,0,0,15,10,1,0,0,0,0,0,0,0,0,0,0,2,0,0,0,1
2020,Manipur,14,Kamjong,717,Kamjong,0,0,0,0,0,0,0,0,0,0,0,0,0,0,0,0,0,0,0,0,0,0,0,0,2
2020,Manipur,14,Kangpokpi,712,Kangpokpi,1,1,0,1,0,2,0,1,1,0,0,0,0,0,0,0,0,0,0,0,0,0,0,0,10
2020,Manipur,14,Noney,714,Noney,3,0,0,2,0,1,0,0,0,0,0,0,0,0,0,0,0,0,0,0,0,0,0,0,6
2020,Manipur,14,Pherzawl,715,Pherzawl,0,0,0,0,0,0,0,0,0,0,0,0,0,0,0,0,0,0,0,0,0,0,0,0,2
2020,Manipur,14,Senapati,257,Senapati,1,4,0,0,0,0,0,3,3,0,0,0,0,0,0,0,0,0,0,0,0,0,0,0,2
2020,Manipur,14,Tamenglong,258,Tamenglong,0,0,0,0,0,0,0,0,0,0,0,0,0,0,0,0,0,0,0,0,2,1,0,0,5
2020,Manipur,14,Tengnoupal,716,Tengnoupal,1,2,0,1,0,0,4,1,0,0,0,0,0,0,0,1,0,0,0,0,1,0,1,0,31
2020,Manipur,14,Thoubal,259,Thoubal,7,16,2,10,1,2,0,21,12,1,0,0,2,0,0,1,0,0,0,1,6,0,6,0,29
2020,Manipur,14,Ukhrul,260,Ukhrul,0,1,0,0,0,0,0,1,1,0,0,0,0,0,0,0,0,0,0,0,0,0,0,0,5
2020,Meghalaya,17,East Garo Hills,273,East Garo Hills,0,16,0,5,0,0,0,0,0,0,0,0,0,0,0,20,0,0,0,10,1,3,1,0,0
2020,Meghalaya,17,East Garo Hills,273,Garo Hills East,0,0,0,0,0,0,0,18,17,0,0,0,0,0,0,0,0,0,0,0,0,0,0,0,0
2020,Meghalaya,17,East Jaintia Hills,657,East Jaintia Hills,15,32,0,10,11,0,0,0,0,0,0,2,0,0,0,0,0,0,0,0,19,8,0,0,11
2020,Meghalaya,17,East Jaintia Hills,657,Jaintia Hills East,0,0,0,10,10,0,0,47,20,0,0,0,0,0,0,0,0,0,0,0,0,0,0,0,0
2020,Meghalaya,17,East Khasi Hills,274,Cyber Cell,0,0,0,0,0,0,0,0,0,0,0,0,0,0,0,36,4,1,10,0,4,0,0,0,21
2020,Meghalaya,17,East Khasi Hills,274,East Khasi Hills,14,76,4,57,1,0,0,0,0,2,1,0,0,0,20,58,0,15,0,9,161,26,11,0,49
2020,Meghalaya,17,East Khasi Hills,274,Khasi Hills East,0,0,0,0,18,0,0,104,79,0,0,0,0,0,0,0,0,0,0,0,0,0,0,0,0
2020,Meghalaya,17,North Garo Hills,656,Garo Hills North,3,11,0,2,0,2,0,7,7,1,0,0,0,0,0,10,5,0,0,0,7,3,3,0,28
2020,Meghalaya,17,Ri Bhoi,276,Ri-Bhoi,10,64,3,7,3,1,0,56,53,3,0,0,0,0,8,24,0,6,0,9,36,10,0,0,51
2020,Meghalaya,17,South Garo Hills,277,Garo Hills South,1,0,0,0,0,0,0,20,18,0,0,0,0,0,0,0,0,0,0,0,0,0,0,0,0
2020,Meghalaya,17,South Garo Hills,277,South Garo Hills,4,15,0,1,0,1,0,0,0,0,0,0,0,0,0,3,0,1,1,0,5,0,0,0,11
2020,Meghalaya,17,South West Garo Hills,663,Garo Hills South West,0,0,0,0,0,0,0,22,17,0,0,0,0,0,0,0,0,0,0,0,0,0,0,0,0
2020,Meghalaya,17,South West Garo Hills,663,South West Garo Hills,1,19,0,3,0,2,0,0,0,0,0,0,0,0,3,5,1,3,0,0,1,2,0,0,1
2020,Meghalaya,17,South West Khasi Hills,658,Khasi Hills South West,0,0,0,0,0,0,0,11,10,0,0,0,0,1,0,0,0,0,0,0,0,0,0,0,0
2020,Meghalaya,17,South West Khasi Hills,658,South West Khasi Hills,1,12,2,3,1,0,0,0,0,0,0,0,0,0,0,3,0,1,0,2,1,0,1,0,3
2020,Meghalaya,17,West Garo Hills,278,Garo Hills West,0,1,0,0,0,0,0,39,27,0,0,0,0,0,0,0,0,0,0,0,0,0,0,0,0
2020,Meghalaya,17,West Garo Hills,278,West Garo Hills,11,33,4,8,0,8,0,0,1,9,0,0,0,0,0,2,0,1,0,2,6,15,13,0,14
2020,Meghalaya,17,West Jaintia Hills,275,Jaintia Hills West,2,0,0,0,4,0,0,47,37,0,0,0,0,0,0,0,0,0,0,0,0,0,0,0,0
2020,Meghalaya,17,West Jaintia Hills,275,West Jaintia Hills,11,45,2,5,1,1,0,0,0,0,0,0,0,0,2,0,0,0,0,0,4,9,2,0,3
2020,Meghalaya,17,West Khasi Hills,279,Khasi Hills West,0,0,0,0,0,0,0,44,44,0,0,0,0,0,0,0,0,0,0,0,0,0,0,0,0
2020,Meghalaya,17,West Khasi Hills,279,West Khasi Hills,11,57,3,3,0,0,0,0,0,2,0,0,0,0,2,6,0,2,0,1,1,0,2,0,19
2020,Mizoram,15,Aizawl,261,Aizawl,8,48,7,13,1,0,0,44,33,5,0,0,0,0,10,5,0,1,0,1,72,8,16,0,34
2020,Mizoram,15,Aizawl,261,Cyber,0,0,0,0,0,0,0,0,0,0,0,0,0,0,0,12,6,0,0,0,6,0,0,0,6
2020,Mizoram,15,Aizawl,261,Spl Narcotic,0,0,0,0,0,0,0,0,0,0,0,0,0,0,0,0,0,0,0,0,0,0,0,0,0
2020,Mizoram,15,Champhai,262,Champhai,1,11,3,0,0,0,0,22,14,0,0,0,0,1,7,1,0,0,0,2,3,0,0,0,8
2020,Mizoram,15,Hnahthial,726,Hnahthial,1,1,0,0,0,0,0,2,2,0,0,0,0,0,0,0,0,0,0,0,0,0,0,0,0
2020,Mizoram,15,Khawzawl,728,Khawzawl,0,7,0,3,0,0,0,4,3,1,0,0,0,0,0,0,0,0,0,0,1,0,0,0,0
2020,Mizoram,15,Kolasib,263,Kolasib,7,14,1,4,1,0,0,18,13,1,0,0,0,0,0,0,0,0,0,0,0,0,0,0,1
2020,Mizoram,15,Lawngtlai,264,Lawngtlai,5,8,0,1,0,0,0,12,11,0,0,0,0,0,0,0,0,0,0,0,0,0,1,0,8
2020,Mizoram,15,Lunglei,265,Lunglei,2,14,0,3,0,0,0,14,14,0,0,0,0,0,0,0,0,0,0,0,5,0,2,0,2
2020,Mizoram,15,Mamit,266,Mamit,3,15,5,3,2,0,0,16,8,0,0,0,0,0,0,0,0,0,0,0,0,1,0,0,0
2020,Mizoram,15,Saiha,267,Saiha,0,0,0,0,0,0,0,3,3,0,0,0,0,0,0,0,0,0,0,0,0,0,0,0,0
2020,Mizoram,15,Saitual,727,Saitual,0,0,0,0,0,0,0,0,0,0,0,0,0,0,0,0,0,0,0,0,0,0,0,0,0
2020,Mizoram,15,Serchhip,268,Serchhip,0,2,0,1,0,0,0,7,6,0,0,0,0,0,0,1,0,0,0,0,0,0,1,0,3
2020,Mizoram,15,Siaha,267,Saiha,1,3,0,1,0,0,0,0,0,0,0,0,0,0,0,0,0,0,0,0,0,0,0,0,14
2020,Nagaland,24,Ahmadabad,438,Western Railway Ahmedabad,0,0,0,0,0,0,0,0,0,0,0,0,0,0,0,0,0,0,0,0,0,0,0,0,0
2020,Nagaland,13,Dimapur,244,Dimapur,13,8,0,7,7,3,0,14,6,1,0,0,0,0,3,0,0,0,0,0,29,14,5,0,9
2020,Nagaland,13,Kiphire,614,Kiphire,1,2,1,0,0,0,0,1,0,0,0,0,0,0,0,0,0,0,0,0,1,0,0,0,0
2020,Nagaland,13,Kohima,245,Kohima,0,4,0,0,1,0,0,5,4,0,0,0,0,0,0,0,0,0,0,0,7,4,7,0,1
2020,Nagaland,13,Longleng,615,Longleng,0,0,0,0,0,0,0,0,0,0,0,0,0,0,0,0,0,0,0,0,1,0,0,0,0
2020,Nagaland,13,Mokokchung,246,Mokokchung,2,0,0,2,0,0,0,2,1,0,0,0,0,0,0,1,0,0,0,0,2,0,1,0,8
2020,Nagaland,13,Mon,247,Mon,2,1,0,0,2,0,0,2,2,0,0,0,0,0,0,6,0,3,0,0,2,3,1,0,1
2020,Nagaland,13,Peren,613,Peren,3,0,0,0,0,0,0,0,0,0,0,0,0,0,0,1,0,0,0,0,0,1,0,0,8
2020,Nagaland,13,Phek,248,Phek,0,3,0,0,0,0,0,1,1,0,0,0,0,0,0,0,0,0,0,0,1,0,0,0,6
2020,Nagaland,13,Tuensang,249,Tuensang,2,0,0,0,0,0,0,0,0,0,1,0,0,0,0,0,0,0,0,0,0,1,0,0,1
2020,Nagaland,24,Vadodara,461,Western Railway Vadodara,0,0,0,0,0,0,0,0,0,0,0,0,0,0,0,1,0,1,0,0,0,0,0,0,0
2020,Nagaland,13,Wokha,250,Wokha,3,2,0,0,0,0,0,3,2,0,0,0,0,0,0,0,0,0,0,0,2,0,0,0,6
2020,Nagaland,13,Zunheboto,251,Zunheboto,2,2,0,0,1,0,0,3,2,1,0,0,0,1,0,0,0,0,0,0,1,0,0,0,0
2020,Odisha,21,Anugul,344,Angul,40,154,3,680,262,0,2,228,81,290,7,0,0,0,76,206,93,8,0,24,257,94,0,1,93
2020,Odisha,21,Balangir,345,Bolangir,44,100,2,623,231,0,38,185,61,124,4,0,0,0,50,119,49,0,0,12,137,139,0,1,49
2020,Odisha,21,Baleshwar,346,Balasore,99,276,12,660,492,0,0,411,118,406,32,0,1,0,18,73,15,1,0,57,124,113,1,1,701
2020,Odisha,21,Baleshwar,346,Berhampur,28,101,2,416,132,0,0,126,53,108,6,0,0,0,28,63,29,0,0,8,130,47,0,0,29
2020,Odisha,21,Bargarh,347,Baragarh,48,82,5,298,137,0,0,106,34,45,8,0,0,0,68,73,26,0,0,9,91,60,0,0,30
2020,Odisha,21,Bhadrak,348,Bhadrak,50,126,5,369,463,0,0,336,89,112,23,0,0,0,30,119,33,4,0,52,165,35,0,1,35
2020,Odisha,21,Boudh,349,Boudh,23,40,0,104,51,0,0,46,23,38,4,0,0,0,17,7,3,0,0,2,22,16,0,2,3
2020,Odisha,21,Cuttack,350,Cid Cb,0,0,0,0,0,0,1,16,3,0,0,0,0,0,0,0,0,0,0,0,0,0,0,0,0
2020,Odisha,21,Cuttack,350,Cid Crime Branch,0,0,0,0,0,0,0,0,0,0,0,0,0,0,0,0,0,0,0,0,85,0,0,0,3
2020,Odisha,21,Cuttack,350,Cid Cyber Crime,0,0,0,14,0,0,0,0,0,0,0,0,0,0,0,177,64,15,0,31,64,0,0,0,80
2020,Odisha,21,Cuttack,350,Cuttack,50,111,4,327,283,0,0,184,41,52,26,0,0,0,7,64,17,0,0,40,105,75,0,0,17
2020,Odisha,21,Cuttack,350,Dcp Ctc,0,0,0,0,153,0,0,200,45,0,0,0,0,0,0,0,0,0,0,0,0,0,0,0,0
2020,Odisha,21,Cuttack,350,Dcp Cuttack,24,70,3,231,130,0,2,0,0,109,5,0,0,0,37,274,110,0,0,62,440,140,0,0,130
2020,Odisha,21,Cuttack,350,Srp(Cuttack),4,4,0,4,1,0,0,2,0,1,0,0,0,0,0,0,0,0,0,0,2,5,0,0,0
2020,Odisha,21,Deogarh,351,Deogarh,21,66,18,109,35,0,2,37,0,36,2,0,1,1,8,18,7,0,0,3,23,6,1,0,9
2020,Odisha,21,Dhenkanal,352,Dhenkanal,49,149,1,520,249,0,4,217,100,99,162,1,3,0,71,30,10,0,0,12,52,87,0,2,160
2020,Odisha,21,Gajapati,353,Gajapati,14,60,0,148,77,0,3,93,49,21,1,0,0,0,0,40,17,2,0,4,59,9,0,0,17
2020,Odisha,21,Ganjam,354,Ganjam,61,165,8,630,98,0,2,132,73,158,10,0,0,0,33,98,42,0,0,28,181,59,0,1,42
2020,Odisha,21,Jagatsinghapur,355,Jagatsinghpur,49,117,8,677,285,0,6,212,61,89,23,0,0,0,9,64,18,1,0,25,142,51,0,1,26
2020,Odisha,21,Jajapur,356,Jajpur,80,212,8,854,411,0,0,341,116,93,34,1,0,0,0,206,74,14,0,76,227,92,0,1,74
2020,Odisha,21,Jharsuguda,357,Jharsuguda,16,83,3,233,123,0,2,118,44,56,3,0,0,0,43,100,40,4,0,29,126,43,0,0,40
2020,Odisha,21,Kalahandi,358,Kalahandi,25,124,12,475,244,0,4,187,67,101,3,0,0,0,74,63,13,10,0,9,74,56,0,1,33
2020,Odisha,21,Kandhamal,359,Kandhamal,23,112,4,125,137,0,5,115,41,56,3,1,0,0,29,27,10,0,0,13,29,25,0,0,95
2020,Odisha,21,Kendrapara,360,Kendrapara,46,135,9,804,304,2,0,217,86,248,21,0,0,0,33,55,10,0,0,35,93,62,0,0,50
2020,Odisha,21,Kendujhar,361,Keonjhar,83,135,4,390,233,0,3,191,85,100,6,0,0,0,34,84,34,2,0,20,116,71,0,0,36
2020,Odisha,21,Khordha,362,Dcp Bbsr,1,0,0,0,198,0,0,284,74,0,0,0,0,0,0,0,0,0,0,0,0,0,0,0,0
2020,Odisha,21,Khordha,362,Dcp Bhubaneswar,51,162,0,281,154,0,2,0,0,89,11,0,0,0,28,164,48,0,0,32,566,401,0,0,90
2020,Odisha,21,Khordha,362,Khurda,37,74,2,324,151,0,2,126,45,62,16,1,0,0,6,26,6,5,0,14,46,50,0,0,6
2020,Odisha,21,Koraput,363,Koraput,45,131,1,327,199,1,0,170,66,103,0,0,4,0,29,93,33,8,0,23,97,49,0,0,33
2020,Odisha,21,Malkangiri,364,Malkangiri,42,76,1,201,168,0,23,148,56,75,3,0,0,0,7,101,48,0,0,9,112,3,0,2,48
2020,Odisha,21,Mayurbhanj,365,Mayurbhanj,109,378,18,562,569,0,15,448,142,294,7,0,0,0,70,187,62,5,0,58,216,54,0,0,66
2020,Odisha,21,Nabarangpur,366,Nabarangpur,23,135,2,288,249,0,8,207,106,91,3,0,2,0,17,43,3,1,1,8,68,19,0,1,5
2020,Odisha,21,Nayagarh,367,Nayagarh,43,81,2,158,162,0,0,156,58,42,134,1,0,0,34,25,0,0,0,22,37,35,0,0,614
2020,Odisha,21,Nuapada,368,Nuapada,18,24,0,132,109,0,0,82,23,26,0,0,0,0,17,34,14,1,0,7,48,15,0,0,14
2020,Odisha,21,Puri,369,Puri,55,160,9,1071,372,0,2,274,70,123,20,0,0,0,23,82,26,11,0,28,127,220,0,2,26
2020,Odisha,21,Rayagada,370,Rayagada,33,119,2,212,171,0,13,185,75,93,41,0,4,1,29,103,45,3,0,9,89,34,5,0,491
2020,Odisha,21,Sambalpur,371,Sambalpur,43,108,3,453,179,0,3,170,63,136,5,0,0,0,138,116,53,0,0,13,174,91,0,1,53
2020,Odisha,21,Sonepur,372,Sonepur,26,41,0,105,35,0,0,38,20,11,3,0,0,0,11,31,9,7,0,4,50,32,0,1,11
2020,Odisha,21,Sundargarh,373,Rourkela,51,122,8,213,196,0,7,174,65,73,6,1,0,0,70,98,39,3,0,12,124,107,0,0,39
2020,Odisha,21,Sundargarh,373,Srp(Rourkela),0,0,0,5,5,0,0,4,1,1,0,0,0,0,2,2,1,0,0,0,4,6,0,0,1
2020,Odisha,21,Sundargarh,373,Sundargarh,46,110,2,197,124,4,7,164,68,98,0,0,3,2,60,74,23,2,1,9,37,68,1,0,139
2020,Puducherry,34,Karaikal,598,Karaikal,0,0,0,0,0,0,0,0,0,0,0,0,0,0,0,0,0,0,0,0,0,0,0,0,0
2020,Puducherry,34,Pondicherry,600,All Districts,39,60,0,25,0,0,0,0,0,9,6,0,0,0,62,10,0,5,0,0,33,19,0,0,4249
2020,Punjab,3,Amritsar,27,Amritsar Rural,43,116,1,51,82,0,0,105,29,37,2,0,0,0,17,26,3,1,0,4,93,10,0,0,120
2020,Punjab,3,Amritsar,27,Cp Amritsar,34,107,0,44,75,0,0,102,30,60,3,0,5,0,4,90,42,3,1,1,139,6,0,0,174
2020,Punjab,3,Amritsar,27,Special Task Force,0,0,0,0,0,0,0,0,0,0,0,0,0,0,0,0,0,0,0,0,0,0,0,0,0
2020,Punjab,3,Barnala,605,Barnala,15,48,1,17,33,0,0,45,15,15,3,0,9,0,18,4,0,0,0,0,43,8,0,4,235
2020,Punjab,3,Bathinda,28,Bathinda,58,134,0,35,47,1,0,90,39,46,3,0,14,0,0,3,0,0,0,0,184,2,1,0,104
2020,Punjab,3,Faridkot,29,Faridkot,17,62,2,23,39,0,0,54,17,12,1,0,5,0,0,4,0,0,0,1,59,1,1,0,89
2020,Punjab,3,Fatehgarh Sahib,30,Fatehgarh Sahib,13,53,0,15,30,0,0,51,16,41,3,0,7,0,0,7,0,0,0,0,85,3,1,0,38
2020,Punjab,3,Fazilka,651,Fazilka,33,151,1,38,35,0,2,98,65,47,2,0,11,0,30,13,1,0,0,0,150,4,2,0,64
2020,Punjab,3,Ferozepur,31,Ferozepur,26,57,0,23,33,1,0,34,25,21,3,0,0,0,0,2,0,0,0,0,83,6,0,0,172
2020,Punjab,3,Gurdaspur,32,Batala,30,45,2,16,43,0,0,35,15,36,2,0,6,0,6,7,0,1,1,2,77,3,0,0,11
2020,Punjab,3,Gurdaspur,32,Gurdaspur,9,52,0,15,34,0,0,40,13,52,2,0,6,0,10,16,0,0,0,13,109,4,0,0,24
2020,Punjab,3,Hoshiarpur,33,Hoshiarpur,29,100,0,38,49,0,0,74,24,97,2,0,15,0,20,1,0,0,0,1,163,10,2,0,61
2020,Punjab,3,Jalandhar,34,Cp Jalandhar,20,91,0,19,71,0,4,108,28,94,4,0,6,6,60,27,2,4,3,3,91,2,2,1,68
2020,Punjab,3,Jalandhar,34,Jalandhar Rural,43,79,0,38,36,0,2,87,25,33,0,0,9,7,22,33,5,1,2,1,120,6,0,1,73
2020,Punjab,3,Kapurthala,35,Kapurthala,28,99,5,24,68,0,0,80,26,20,1,0,5,0,0,13,0,0,1,8,38,5,0,0,213
2020,Punjab,3,Ludhiana,36,Cp Ludhiana,56,242,2,51,128,0,2,225,76,104,3,0,17,0,37,69,15,0,5,2,190,17,0,0,426
2020,Punjab,3,Ludhiana,36,Khanna,9,38,0,17,28,0,0,24,15,14,1,0,5,0,0,4,0,0,0,0,45,1,0,0,48
2020,Punjab,3,Ludhiana,36,Ludhiana Rural,18,48,0,12,32,0,0,44,18,10,4,0,3,0,0,2,0,0,0,3,48,2,0,0,57
2020,Punjab,3,Mansa,37,Mansa,24,81,0,15,31,0,0,61,33,17,3,0,8,0,24,18,2,0,0,0,53,3,0,3,32
2020,Punjab,3,Moga,38,Moga,28,51,0,19,29,1,0,56,17,16,1,0,4,0,18,25,1,3,1,15,31,3,1,0,40
2020,Punjab,3,Pathankot,662,Pathankot,8,64,1,13,28,0,0,40,21,31,1,0,1,0,12,24,0,0,0,11,0,0,0,0,12
2020,Punjab,3,Patiala,41,Grp,14,0,0,0,1,0,2,5,1,0,0,0,0,0,1,0,0,0,0,0,0,2,0,0,7
2020,Punjab,3,Patiala,41,Patiala,48,136,4,48,90,0,2,128,45,112,6,2,20,0,34,21,7,0,0,5,302,9,3,1,216
2020,Punjab,3,Rupnagar,42,Ropar,20,78,21,29,25,0,0,42,0,27,0,0,4,0,0,0,0,0,0,0,83,5,4,0,52
2020,Punjab,3,S.A.S Nagar,608,Bureau Of Investigation,0,0,0,3,0,0,0,0,0,0,0,0,0,0,0,0,0,0,0,3,32,0,0,0,7
2020,Punjab,3,S.A.S Nagar,608,Intelligence Wing,0,0,0,0,0,0,0,0,0,0,0,0,0,0,0,4,0,0,0,0,0,0,1,0,5
2020,Punjab,3,S.A.S Nagar,608,Nri Wing,0,2,0,0,0,0,0,0,0,105,0,0,0,0,0,0,0,0,0,0,50,0,8,0,0
2020,Punjab,3,S.A.S Nagar,608,S.A.S Nagar,37,25,0,0,0,0,0,0,0,0,0,0,0,0,0,0,0,0,0,0,8,12,15,0,427
2020,Punjab,3,S.A.S Nagar,608,Sas Nagar,2,149,4,27,78,0,0,139,57,77,8,0,0,0,9,0,0,0,0,0,0,0,0,0,0
2020,Punjab,3,Sangrur,43,Sangrur,40,183,42,87,57,0,0,129,0,58,3,1,0,0,0,41,0,0,0,0,176,4,2,0,146
2020,Punjab,3,Sas Nagar,608,Bureau Of Investigation,0,0,0,0,0,0,0,0,0,0,0,0,0,0,0,11,0,0,3,4,0,0,0,0,3
2020,Punjab,3,Sas Nagar,608,Sas Nagar,0,0,0,0,0,0,0,0,0,0,0,0,0,0,0,14,0,0,0,6,0,0,0,0,0
2020,Punjab,3,Shahid Bhagat Singh Nagar,40,Sbs Nagar,15,53,0,24,20,0,0,66,20,44,1,0,4,0,0,23,3,0,3,0,2,5,0,1,42
2020,Punjab,3,Sri Muktsar Sahib,39,Muktsar,29,99,1,39,46,0,2,79,24,23,4,0,10,0,17,24,3,0,0,3,0,2,4,0,35
2020,Punjab,3,Tarn Taran,609,Tarn Taran,53,79,2,23,34,0,0,80,30,22,4,0,9,0,0,12,0,1,0,12,45,6,0,0,198
2020,Rajasthan,8,Ajmer,86,Ajmer,51,446,102,682,409,1,1,375,1,724,13,0,13,3,108,180,21,7,13,5,908,64,225,2,182
2020,Rajasthan,8,Ajmer,86,Grp Ajmer,1,4,0,5,0,0,4,3,0,0,1,0,0,0,5,2,0,0,1,0,1,4,1,0,3
2020,Rajasthan,8,Alwar,87,Alwar,79,478,149,378,114,1,1,116,0,464,21,0,1,0,0,126,47,7,0,0,600,33,85,6,47
2020,Rajasthan,8,Banswara,88,Banswara,50,207,30,142,136,0,0,97,4,156,11,0,9,0,83,3,0,0,0,0,71,65,2,0,199
2020,Rajasthan,8,Baran,89,Baran,35,249,49,421,243,4,0,237,0,268,4,0,10,0,119,10,3,0,0,0,3,7,12,3,101
2020,Rajasthan,8,Barmer,90,Barmer,53,493,108,488,99,1,0,205,2,370,24,0,5,0,132,86,3,0,3,6,176,32,70,2,85
2020,Rajasthan,8,Bharatpur,91,Bharatpur,102,520,200,94,153,3,0,208,222,771,41,0,2,0,52,49,0,9,0,8,692,46,0,0,5373
2020,Rajasthan,8,Bhilwara,92,Bhilwara,35,376,46,404,259,3,0,205,1,551,12,0,14,0,110,48,7,1,5,3,617,55,20,3,134
2020,Rajasthan,8,Bikaner,93,Bikaner,64,332,76,244,101,3,0,135,36,431,15,0,8,0,0,15,0,0,0,0,254,20,124,0,1565
2020,Rajasthan,8,Bundi,94,Bundi,24,206,19,267,174,0,0,107,26,244,3,0,1,0,0,15,4,0,0,0,0,11,11,1,364
2020,Rajasthan,8,Chittorgarh,95,Chittorgarh,35,248,27,256,223,1,0,194,0,426,7,0,10,0,140,2,0,0,0,0,332,59,12,4,687
2020,Rajasthan,8,Churu,96,Churu,37,280,34,117,95,0,0,95,0,377,12,0,6,0,0,7,0,0,0,0,0,16,334,1,1273
2020,Rajasthan,8,Dausa,97,Dausa,40,228,36,62,110,1,0,51,4,225,15,0,2,0,81,102,24,0,4,0,545,16,0,2,1545
2020,Rajasthan,8,Dholpur,98,Dholpur,50,194,60,233,119,2,0,135,19,256,32,0,1,0,91,23,11,1,0,0,191,34,0,0,1037
2020,Rajasthan,8,Dungarpur,99,Dungarpur,33,342,41,136,192,0,0,257,0,108,3,0,2,0,177,0,0,0,0,0,82,38,0,2,154
2020,Rajasthan,8,Ganganagar,100,Ganganagar,73,407,66,347,245,0,0,230,3,693,10,0,8,0,58,79,7,2,1,4,397,46,197,1,759
2020,Rajasthan,8,Hanumangarh,101,Hanumangarh,58,347,77,242,147,0,0,182,0,522,18,0,4,0,90,13,1,3,0,0,0,12,124,0,845
2020,Rajasthan,8,Jaipur,102,Jaipur Crime,0,0,0,0,0,0,0,0,0,0,0,0,0,0,0,5,0,4,0,0,0,0,0,0,0
2020,Rajasthan,8,Jaipur,102,Jaipur East,29,199,26,172,156,3,8,143,0,228,5,0,4,1,63,90,13,15,5,3,463,13,1,0,109
2020,Rajasthan,8,Jaipur,102,Jaipur Metro,0,0,0,0,0,0,0,0,0,0,0,0,0,0,0,0,0,0,0,0,0,0,0,0,0
2020,Rajasthan,8,Jaipur,102,Jaipur North,11,160,18,105,139,0,0,183,0,211,9,0,1,0,61,40,0,4,0,0,0,14,0,1,540
2020,Rajasthan,8,Jaipur,102,Jaipur Rural,41,213,73,142,104,0,0,0,16,288,12,1,5,0,65,162,38,19,0,10,398,31,73,1,1691
2020,Rajasthan,8,Jaipur,102,Jaipur South,28,206,26,128,224,0,0,185,3,233,4,0,3,0,65,49,0,12,0,11,506,25,105,1,688
2020,Rajasthan,8,Jaipur,102,Jaipur West,30,264,40,110,232,0,0,180,15,371,9,0,4,0,67,43,0,2,0,0,942,33,0,1,556
2020,Rajasthan,8,Jaipur,102,Scrb,0,0,0,0,0,0,0,1,0,0,0,0,0,0,0,32,0,3,0,4,0,0,0,0,0
2020,Rajasthan,8,Jaipur,102,Sog,0,0,1,1,0,0,0,0,0,0,0,0,0,0,1,4,1,0,1,0,26,0,6,0,2
2020,Rajasthan,8,Jaipur,102,Ssb,0,0,0,0,0,0,0,0,0,0,0,0,0,0,0,0,0,0,0,0,0,0,0,0,0
2020,Rajasthan,8,Jaipur (Gramin),783,Jaipur Rural,0,40,0,15,60,0,0,147,16,0,0,0,0,0,0,0,0,0,0,0,0,0,0,0,0
2020,Rajasthan,8,Jaisalmer,103,Jaisalmer,20,54,10,140,30,0,0,49,1,66,6,0,0,0,56,46,5,0,3,3,113,6,25,2,161
2020,Rajasthan,8,Jalore,104,Jalore,44,156,18,241,90,2,0,31,12,185,17,0,6,0,66,17,4,0,0,9,0,29,180,1,4
2020,Rajasthan,8,Jhalawar,105,Jhalawar,45,317,56,431,308,1,0,307,3,439,8,0,10,0,138,18,1,1,0,1,177,22,0,1,46
2020,Rajasthan,8,Jhunjhunu,106,Jhunjhunu,53,209,13,117,129,0,0,24,0,388,8,0,5,0,131,50,12,5,2,0,492,21,0,0,1147
2020,Rajasthan,8,Jodhpur,107,Grp Jodhpur,3,2,1,3,3,0,0,4,0,0,0,0,1,0,4,0,0,0,0,0,0,0,0,0,0
2020,Rajasthan,8,Jodhpur,107,Jodhpur East,17,108,14,148,52,1,0,46,4,171,4,0,2,0,127,125,53,8,0,1,42,16,137,4,641
2020,Rajasthan,8,Jodhpur,107,Jodhpur Rural,42,225,44,277,89,0,0,96,0,220,14,0,1,0,87,19,0,0,0,0,70,42,205,0,371
2020,Rajasthan,8,Jodhpur,107,Jodhpur West,17,108,26,179,126,0,0,133,4,198,7,0,5,0,113,130,27,5,0,6,283,10,100,2,439
2020,Rajasthan,8,Karauli,108,Karauli,50,233,76,158,118,4,0,86,0,195,22,0,1,0,49,15,0,0,0,9,263,18,5,1,2650
2020,Rajasthan,8,Khairthal-Tijara,770,Bhiwadi,60,392,71,193,230,0,1,172,0,403,30,0,2,0,0,115,48,0,0,2,166,51,73,4,558
2020,Rajasthan,8,Kota,109,Kota City,27,268,32,249,249,0,0,229,6,318,6,0,3,0,263,35,2,0,6,2,559,31,26,3,28
2020,Rajasthan,8,Kota,109,Kota Rural,17,152,24,208,120,2,0,120,1,161,4,0,3,0,0,9,3,0,0,0,92,13,32,0,656
2020,Rajasthan,8,Nagaur,110,Nagaur,49,298,81,289,159,2,4,190,0,494,17,0,7,0,131,18,0,2,0,13,309,16,140,1,854
2020,Rajasthan,8,Pali,111,Pali,51,274,28,465,182,2,2,134,0,510,8,0,7,0,0,1,0,0,0,0,537,60,44,0,2205
2020,Rajasthan,8,Pratapgarh,629,Pratapgarh,32,268,48,154,204,0,0,139,8,209,3,0,7,0,40,8,0,0,0,0,134,14,10,0,242
2020,Rajasthan,8,Rajsamand,112,Rajsamand,26,147,32,210,227,0,0,155,0,242,6,0,3,0,32,5,1,1,1,0,186,27,12,0,25
2020,Rajasthan,8,Sawai Madhopur,113,Sawai Madhopur,30,227,45,314,79,1,0,132,0,224,13,0,2,0,135,47,4,0,0,8,136,12,117,2,1796
2020,Rajasthan,8,Sikar,114,Sikar,59,261,67,208,235,0,2,165,0,518,11,1,1,0,43,171,83,0,0,0,782,33,137,0,2877
2020,Rajasthan,8,Sirohi,115,Sirohi,44,198,50,175,75,0,0,140,13,240,3,0,2,0,0,30,0,0,0,3,233,23,0,1,420
2020,Rajasthan,8,Tonk,116,Tonk,31,208,47,178,140,0,0,106,0,265,5,0,1,0,99,36,5,0,0,0,325,20,17,2,729
2020,Rajasthan,8,Udaipur,117,Udaipur,88,475,79,311,507,1,16,451,4,402,10,0,14,0,376,9,0,2,0,0,399,93,10,13,436
2020,Sikkim,11,Gangtok,225,East,2,52,3,17,31,0,0,80,48,0,0,0,0,1,2,0,0,0,0,0,15,4,4,0,40
2020,Sikkim,11,Gyalshing,228,West,4,11,0,0,1,0,0,19,15,0,0,0,0,0,4,0,0,0,0,0,1,0,2,0,1
2020,Sikkim,11,Mangan,226,North,1,9,0,0,1,0,0,8,6,0,0,0,0,0,0,0,0,0,0,0,0,0,0,0,0
2020,Sikkim,11,Namchi,227,South,4,22,1,2,8,0,0,40,29,1,0,0,0,0,6,0,0,0,0,0,1,0,2,0,0
2020,Tamil Nadu,33,Ariyalur,610,Ariyalur,19,45,0,6,1,0,0,49,39,8,0,0,0,0,74,15,0,0,5,5,19,10,0,0,6329
2020,Tamil Nadu,33,Chengalpattu,730,Chengalpattu,49,48,0,6,0,0,0,82,40,3,0,0,0,0,0,0,0,0,0,0,18,46,0,0,42562
2020,Tamil Nadu,33,Chennai,568,Chennai,158,214,1,68,14,16,2,306,238,56,12,1,13,27,641,279,55,13,23,46,373,679,113,106,72140
2020,Tamil Nadu,33,Chennai,568,Cyber Cell,0,0,0,0,0,0,0,0,0,0,0,0,0,0,0,10,2,0,1,2,1,0,0,0,5
2020,Tamil Nadu,33,Chennai,568,Other Units,0,0,0,0,0,0,0,0,0,0,0,0,0,0,0,0,0,0,0,0,0,0,0,0,0
2020,Tamil Nadu,33,Chennai,568,Railway Chennai,2,1,0,1,1,0,6,14,1,0,0,0,3,0,24,0,0,0,0,0,0,40,1,0,27
2020,Tamil Nadu,33,Coimbatore,569,Coimbatore,47,57,0,6,3,0,0,77,64,13,0,0,7,0,10,11,0,1,0,15,37,43,12,16,23239
2020,Tamil Nadu,33,Coimbatore,569,Coimbatore City,33,50,0,2,2,0,0,111,69,23,0,0,0,0,30,7,3,0,0,0,87,57,2,0,8153
2020,Tamil Nadu,33,Coimbatore,569,Cyber Cell,0,0,0,0,0,0,0,0,0,0,0,0,0,0,0,0,0,0,0,0,1,0,0,0,1
2020,Tamil Nadu,33,Cuddalore,570,Cuddalore,54,143,0,23,17,0,0,280,107,46,18,0,29,0,29,0,0,0,0,0,30,22,0,0,32498
2020,Tamil Nadu,33,Dharmapuri,571,Dharmapuri,26,70,0,12,18,0,0,114,68,10,0,0,5,0,9,7,0,0,0,4,14,13,0,1,14181
2020,Tamil Nadu,33,Dindigul,572,Dindigul,53,96,0,34,6,0,0,180,109,27,0,0,8,1,63,12,0,1,0,12,39,34,0,18,32014
2020,Tamil Nadu,33,Erode,573,Erode,42,65,0,22,23,0,0,93,84,5,4,0,2,0,3,0,0,0,0,0,47,10,0,4,4668
2020,Tamil Nadu,33,Kallakurichi,729,Kallakurichi,24,91,0,17,55,0,0,74,47,10,24,0,0,10,0,3,0,0,0,5,25,12,4,0,19196
2020,Tamil Nadu,33,Kanchipuram,574,Kanchipuram,25,42,0,1,4,3,0,43,41,3,0,0,6,0,0,0,0,0,0,0,37,54,7,2,19146
2020,Tamil Nadu,33,Kanniyakumari,575,Kanyakumari,34,109,0,10,28,1,0,141,99,3,49,0,0,0,20,72,0,0,0,85,58,36,0,0,40
2020,Tamil Nadu,33,Karur,576,Karur,16,32,0,20,4,0,0,33,31,10,4,0,8,0,0,10,0,1,0,7,26,18,11,4,5569
2020,Tamil Nadu,33,Krishnagiri,577,Krishnagiri,54,55,0,14,12,0,0,57,49,5,0,0,5,0,3,2,0,0,0,2,37,11,0,3,15248
2020,Tamil Nadu,33,Madurai,578,Madurai,76,105,3,26,11,1,0,147,124,25,5,0,3,0,1153,20,0,0,0,15,87,108,0,0,50112
2020,Tamil Nadu,33,Madurai,578,Madurai City,41,76,0,23,10,2,0,101,81,87,1,0,0,0,98,14,0,4,0,8,208,100,0,17,13154
2020,Tamil Nadu,33,Nagapattinam,579,Nagapattinam,41,74,0,48,11,0,0,66,66,5,0,0,0,0,46,24,0,0,12,0,4,21,0,0,20800
2020,Tamil Nadu,33,Namakkal,580,Namakkal,38,65,0,26,11,0,0,126,67,7,5,0,5,3,27,3,0,0,0,4,46,19,0,2,5833
2020,Tamil Nadu,33,Perambalur,581,Perambalur,17,36,0,12,0,0,0,69,36,1,2,0,5,2,72,9,0,0,0,9,10,28,0,0,6949
2020,Tamil Nadu,33,Pudukkottai,582,Pudukottai,39,38,0,52,14,0,0,56,42,19,6,0,5,12,36,69,0,5,0,119,24,40,27,0,8866
2020,Tamil Nadu,33,Ramanathapuram,583,Ramnathapuram,41,81,0,23,18,0,0,97,92,9,17,0,0,0,8,66,0,0,0,71,81,46,0,0,151
2020,Tamil Nadu,33,Ranipet,731,Ranipet,21,37,0,6,2,0,0,39,35,3,14,0,6,0,1,5,0,0,1,3,41,34,0,1,5757
2020,Tamil Nadu,33,Salem,584,Salem,51,117,0,69,33,0,0,123,88,4,1,0,10,0,31,0,0,0,0,0,34,15,0,2,7547
2020,Tamil Nadu,33,Salem,584,Salem City,30,50,0,7,11,0,0,73,67,9,5,0,0,1,16,0,0,0,0,0,33,46,0,17,9501
2020,Tamil Nadu,33,Sivaganga,585,Sivagangai,24,67,0,24,20,0,0,84,62,24,0,0,11,1,85,27,0,5,0,22,50,51,15,1,6639
2020,Tamil Nadu,33,Tenkasi,733,Tenkasi,33,60,1,7,3,0,0,91,73,6,9,0,5,4,25,13,0,0,0,15,61,9,2,0,3124
2020,Tamil Nadu,33,Thanjavur,586,Thanjavur,84,47,1,86,11,0,0,80,58,21,9,0,14,4,119,58,1,1,21,6,48,52,0,0,37511
2020,Tamil Nadu,33,The Nilgiris,587,Nilgiris,7,59,0,12,2,0,0,64,80,1,0,0,4,0,7,0,0,0,0,0,12,3,0,0,9015
2020,Tamil Nadu,33,Theni,588,Theni,35,70,0,10,1,0,0,107,95,15,3,0,5,0,37,16,0,0,8,0,36,14,0,5,28965
2020,Tamil Nadu,33,Thiruvallur,589,Thiruvallur,45,73,0,8,5,0,0,82,75,11,2,0,12,0,49,8,0,0,0,3,30,59,0,0,48213
2020,Tamil Nadu,33,Thiruvarur,590,Thiruvarur,26,66,1,31,44,0,0,83,61,9,0,0,0,0,21,24,0,1,0,18,15,23,0,1,1168
2020,Tamil Nadu,33,Tiruchirappalli,591,Railway Trichy,1,0,0,1,0,0,2,2,0,0,0,0,0,0,3,0,0,0,0,0,0,6,0,0,7
2020,Tamil Nadu,33,Tiruchirappalli,591,Trichy,50,110,0,28,26,0,6,158,90,50,5,0,8,21,115,25,0,2,6,7,42,31,8,1,22640
2020,Tamil Nadu,33,Tiruchirappalli,591,Trichy City,19,35,0,11,5,3,0,46,36,24,5,0,4,0,86,46,3,0,16,2,45,41,4,0,5398
2020,Tamil Nadu,33,Tirunelveli,592,Thirunelveli,40,67,4,45,4,0,3,139,82,12,2,0,4,1,88,50,2,0,8,1,36,25,1,3,5722
2020,Tamil Nadu,33,Tirunelveli,592,Thirunelveli City,15,27,0,17,2,0,0,38,37,11,9,0,1,0,7,40,15,0,3,0,106,32,7,3,5971
2020,Tamil Nadu,33,Tirupathur,732,Tiruppattur,25,76,1,17,36,0,0,134,73,15,5,0,4,2,16,7,1,0,1,0,31,21,0,2,1311
2020,Tamil Nadu,33,Tiruppur,634,Tiruppur,25,47,0,17,5,2,0,62,58,7,3,0,8,0,7,7,0,0,0,14,19,31,0,0,24630
2020,Tamil Nadu,33,Tiruppur,634,Tiruppur City,22,27,0,5,1,3,0,37,35,8,1,0,1,0,12,27,1,4,8,0,24,22,6,6,6981
2020,Tamil Nadu,33,Tiruvannamalai,593,Thiruvannamalai,43,96,3,10,15,2,0,107,77,10,7,0,21,1,31,0,0,0,0,0,25,42,1,0,79219
2020,Tamil Nadu,33,Tuticorin,594,Thoothukudi,66,113,0,18,10,0,0,189,125,43,2,0,8,6,214,1,0,0,0,2,90,36,0,6,9840
2020,Tamil Nadu,33,Vellore,595,Vellore,37,72,0,9,13,1,3,78,60,7,0,0,6,0,43,0,0,0,0,0,16,39,1,1,19925
2020,Tamil Nadu,33,Villupuram,596,Villupuram,46,135,0,43,53,0,0,117,94,10,6,0,12,0,26,10,0,0,1,9,47,41,3,9,825
2020,Tamil Nadu,33,Virudhunagar,597,Virudhunagar,70,80,0,12,8,0,0,89,65,14,12,0,6,0,36,18,0,0,0,18,41,31,1,0,9782
2020,Telangana,36,Adilabad,501,Adilabad,11,44,0,55,30,0,0,60,41,70,2,0,7,0,37,2,1,0,0,0,66,4,0,0,32
2020,Telangana,36,Bhadradri Kothagudem,690,Bhadradri Kothagudem,23,131,0,193,103,0,0,218,114,266,1,0,10,0,20,76,20,0,5,1,124,8,11,2,539
2020,Telangana,36,Hyderabad,507,Cyberabad Commissionerate,102,482,2,769,663,2,74,955,309,1055,20,0,61,23,155,0,0,0,0,1,1941,92,12,3,1389
2020,Telangana,36,Hyderabad,507,Hyderabad Commissionerate,71,409,0,574,223,0,6,467,319,1226,21,0,17,3,181,4941,2020,52,191,33,2740,86,80,0,2801
2020,Telangana,36,Hyderabad,507,Railway Police Secunderabad,2,0,0,4,0,0,0,0,0,0,0,0,0,0,1,0,0,0,0,0,2,9,0,0,14
2020,Telangana,36,Jagitial,681,Jagitial,25,24,0,0,0,0,0,0,0,0,0,0,0,0,0,0,0,0,0,0,247,16,0,0,2067
2020,Telangana,36,Jagitial,681,Jagityal,1,43,10,102,13,0,0,56,53,122,4,1,8,0,4,0,0,0,0,1,0,0,0,0,0
2020,Telangana,36,Jagityal,681,Jagityal,0,0,0,0,0,0,0,0,0,0,0,0,0,0,0,45,0,0,1,13,0,0,0,0,1
2020,Telangana,36,Jayashankar Bhupalapally,687,Jayashankar Bhupalpalli,11,22,1,97,55,2,0,66,24,60,4,0,4,0,4,18,1,0,3,0,128,1,22,0,171
2020,Telangana,36,Jogulamba Gadwal,695,Jogulamba Gadwal,9,42,0,52,7,0,0,58,42,30,3,0,4,0,18,20,10,0,0,0,131,2,0,0,85
2020,Telangana,36,Kamareddy,685,Kamareddy,32,65,3,95,9,0,0,53,36,141,3,0,7,0,57,30,12,0,3,0,57,9,13,1,101
2020,Telangana,36,Karimnagar,508,Karimnagar Commissionerate,19,57,0,193,17,0,0,69,36,289,2,0,5,0,75,71,6,1,27,4,293,4,0,5,886
2020,Telangana,36,Khammam,509,Khammam Commissionerate,32,104,0,197,148,0,0,296,111,280,5,0,20,1,41,99,22,1,13,0,246,14,5,0,988
2020,Telangana,36,Kumuram Bheem Asifabad,699,Kumaram Bheem Asifabad,26,36,2,57,33,0,0,23,17,65,5,0,8,0,22,8,1,0,0,0,158,2,2,0,101
2020,Telangana,36,Mahabubabad,688,Mahabubabad,18,49,1,99,77,0,3,98,46,106,7,0,14,0,67,30,8,3,2,0,134,3,2,0,53
2020,Telangana,36,Mahabubnagar,512,Mahabubnagar,18,139,0,125,64,0,0,125,47,67,3,0,23,0,25,16,0,1,0,13,83,4,2,0,209
2020,Telangana,36,Medak,513,Medak,29,45,1,147,34,0,0,102,31,115,4,0,9,0,51,11,0,0,0,0,57,2,6,0,559
2020,Telangana,36,Mulugu,720,Mulug,7,34,1,35,17,0,0,35,24,69,1,0,10,0,11,5,0,3,0,1,35,0,9,0,60
2020,Telangana,36,Nagarkurnool,694,Nagarkurnool,28,60,1,79,77,0,0,94,40,65,4,0,10,1,9,13,3,0,1,2,77,0,0,0,1271
2020,Telangana,36,Nalgonda,514,Nalgonda,28,74,2,248,40,0,3,129,72,250,1,1,25,0,99,35,6,1,5,2,276,12,20,0,1589
2020,Telangana,36,Narayanpet,721,Narayanpet,6,77,0,28,13,0,0,69,53,37,3,0,2,0,50,3,0,0,1,1,72,1,0,0,319
2020,Telangana,36,Nirmal,680,Nirmal,21,28,0,39,8,0,0,21,18,42,2,0,6,0,20,18,0,0,8,0,37,1,0,0,42
2020,Telangana,36,Nizamabad,516,Nizamabad Commissionerate,44,56,0,152,15,0,2,85,49,250,3,0,14,5,27,21,6,0,1,0,297,9,20,1,502
2020,Telangana,36,Peddapalli,682,Ramagundam Commissionerate,30,111,0,268,77,0,0,154,66,400,8,0,31,4,105,92,27,8,0,0,496,2,1,1,102
2020,Telangana,36,Rajanna Sircilla,683,Rajanna Siricilla,14,79,0,105,16,0,3,61,25,143,1,0,7,0,1,30,13,0,1,0,143,2,1,0,1734
2020,Telangana,36,Ranga Reddy,518,Cyberabad Commissionerate,0,0,0,0,0,0,0,0,0,0,0,0,0,0,0,2408,1160,16,16,3,971,0,0,0,1206
2020,Telangana,36,Sangareddy,691,Sangareddy,45,53,0,89,10,0,0,43,23,113,9,0,8,0,19,26,12,0,1,0,59,12,11,0,928
2020,Telangana,36,Siddipet,692,Siddipet Commissionerate,20,64,1,167,7,0,0,77,61,365,4,0,12,0,0,26,0,5,1,4,155,8,28,0,489
2020,Telangana,36,Suryapet,696,Suryapet,27,101,3,229,68,0,6,98,63,220,3,1,6,2,22,23,2,0,4,2,263,2,14,0,855
2020,Telangana,36,Vikarabad,698,Vikarabad,27,81,0,50,50,0,0,137,74,80,4,0,21,0,56,14,1,0,0,0,45,2,7,0,175
2020,Telangana,36,Wanaparthy,693,Wanaparthy,12,50,0,55,3,0,0,50,27,46,0,0,0,1,11,6,0,0,0,0,64,1,4,0,361
2020,Telangana,36,Warangal,522,Warangal Commissionerate,40,102,4,265,267,0,8,219,72,297,11,0,30,0,62,198,0,0,0,0,526,11,0,0,1972
2020,Telangana,36,Yadadri Bhuvanagiri,697,Rachakonda Commissionerate,68,497,0,1060,139,0,52,282,187,1184,24,0,35,0,101,1452,695,2,0,0,1774,62,0,0,4602
2020,The Dadra And Nagar Haveli And Daman And Diu,38,Dadra And Nagar Haveli,465,Dadra And Nagar Haveli,9,31,0,3,5,0,0,40,30,1,0,0,1,0,13,0,0,0,0,0,3,6,3,0,7
2020,The Dadra And Nagar Haveli And Daman And Diu,38,Daman,463,Daman,6,13,0,3,14,0,3,26,11,2,1,0,0,0,7,3,0,2,0,1,10,2,0,0,12
2020,The Dadra And Nagar Haveli And Daman And Diu,38,Diu,464,Diu,0,3,0,3,0,0,0,1,1,1,0,0,0,0,4,0,0,0,0,0,6,1,1,0,1
2020,Tripura,16,Dhalai,269,Dhalai,17,29,2,11,7,2,0,21,13,12,0,0,0,0,2,0,0,0,0,0,6,1,1,0,0
2020,Tripura,16,Gomati,654,Gomati,16,36,0,14,12,0,0,27,13,66,2,0,3,0,0,1,0,0,0,2,11,1,3,0,60
2020,Tripura,16,Khowai,652,Kowai,5,43,0,17,14,0,2,29,14,20,2,0,0,0,0,4,0,0,0,4,10,1,4,0,46
2020,Tripura,16,North Tripura,270,North,14,29,3,6,10,1,0,21,14,33,1,0,2,0,0,1,0,0,0,1,12,0,0,0,64
2020,Tripura,16,Sepahijala,653,Sipahijala,0,0,0,0,12,0,0,27,15,0,0,0,0,0,0,0,0,0,0,0,0,0,0,0,0
2020,Tripura,16,South Tripura,271,South,18,29,6,11,22,1,0,32,12,56,2,1,5,0,1,13,0,3,0,4,16,1,0,0,12
2020,Tripura,16,Unakoti,655,Sipahijala,11,23,0,5,16,0,0,0,0,35,5,0,0,0,3,2,0,2,0,0,8,0,2,0,21
2020,Tripura,16,Unakoti,655,Unakoti,11,36,0,14,10,0,0,40,28,29,3,0,3,0,11,2,0,0,0,3,8,1,0,0,47
2020,Tripura,16,West Tripura,272,Grp,2,0,0,0,0,0,0,1,1,0,0,0,0,0,0,0,0,0,0,0,0,0,0,0,0
2020,Tripura,16,West Tripura,272,West,29,60,2,41,32,0,0,62,33,105,8,1,10,0,13,11,0,1,0,4,69,2,18,0,49
2020,Uttar Pradesh,9,Agra,118,Agra,115,223,0,218,203,1,4,323,209,240,75,1,2,0,0,84,0,6,0,0,282,63,0,5,279
2020,Uttar Pradesh,9,Aligarh,119,Aligarh,122,210,1,374,471,1,0,525,222,692,52,1,13,0,0,223,0,0,0,0,0,136,0,0,925
2020,Uttar Pradesh,9,Ambedkar Nagar,121,Ambedkar Nagar,32,93,0,142,160,0,0,130,50,129,36,0,0,0,0,78,0,0,0,0,77,9,0,0,16
2020,Uttar Pradesh,9,Amethi,640,Amethi,35,90,2,76,48,0,0,84,61,107,7,0,0,0,0,122,52,0,0,0,102,21,0,0,52
2020,Uttar Pradesh,9,Amroha,154,Amroha,46,101,5,62,42,0,0,60,56,196,17,0,0,0,0,60,19,0,0,34,65,16,0,0,217
2020,Uttar Pradesh,9,Auraiya,122,Auraiya,33,93,0,82,147,1,0,126,65,143,40,0,0,0,7,39,0,0,0,12,47,17,0,0,75
2020,Uttar Pradesh,9,Ayodhya,140,Ayodhya,56,204,14,212,241,0,0,234,84,7,245,0,1,0,2,68,3,2,0,50,11,18,186,0,65
2020,Uttar Pradesh,9,Azamgarh,123,Azamgarh,67,128,0,191,134,0,0,152,115,130,160,0,0,0,0,114,17,2,0,64,112,31,0,0,666
2020,Uttar Pradesh,9,Baghpat,124,Baghpat,65,137,18,72,167,1,0,163,55,81,17,0,0,0,0,70,0,0,0,28,0,30,0,0,897
2020,Uttar Pradesh,9,Bahraich,125,Bahraich,55,105,7,156,83,0,0,133,122,19,499,1,0,0,0,142,49,0,0,0,48,14,99,0,264
2020,Uttar Pradesh,9,Ballia,126,Ballia,38,55,0,58,114,0,0,97,76,4,106,0,8,0,0,28,0,0,0,20,104,8,0,0,40
2020,Uttar Pradesh,9,Balrampur,127,Balrampur,14,102,0,51,125,0,0,127,48,11,111,0,3,0,0,65,0,0,0,1,36,5,50,0,0
2020,Uttar Pradesh,9,Banda,128,Banda,44,107,1,83,142,1,0,231,117,114,54,1,7,0,1,65,1,4,0,37,40,17,1,0,105
2020,Uttar Pradesh,9,Bara Banki,129,Barabanki,69,259,1,139,11,2,0,0,0,9,279,0,0,0,104,52,0,0,0,28,77,14,52,0,0
2020,Uttar Pradesh,9,Barabanki,129,Barabanki,8,1,0,116,112,1,0,361,121,0,0,0,0,0,0,0,0,0,0,0,0,0,0,0,0
2020,Uttar Pradesh,9,Bareilly,130,Bareilly,107,119,0,236,57,0,0,211,187,640,54,0,0,0,0,180,0,0,0,0,350,34,0,0,2839
2020,Uttar Pradesh,9,Basti,131,Basti,23,83,19,142,81,1,0,220,72,0,135,0,3,0,0,76,9,4,0,20,58,6,0,0,9
2020,Uttar Pradesh,9,Bhadohi,179,Bhadohi,23,34,0,54,74,0,0,50,2,5,93,0,1,0,0,32,0,3,0,6,30,14,0,0,33
2020,Uttar Pradesh,9,Bijnor,132,Bijnor,74,139,0,124,25,0,0,114,121,234,354,1,0,0,0,90,0,0,0,42,0,16,0,0,34
2020,Uttar Pradesh,9,Budaun,133,Badaun,57,64,5,126,235,0,0,176,75,188,40,1,0,0,30,26,0,0,0,0,37,25,0,0,601
2020,Uttar Pradesh,9,Bulandshahr,134,Bulandshahar,100,196,2,286,124,0,2,341,213,655,56,1,10,0,68,345,69,3,0,128,204,28,37,0,381
2020,Uttar Pradesh,9,Chandauli,135,Chandoli,12,62,0,28,27,2,0,63,61,82,14,0,2,0,28,15,0,0,0,13,32,5,28,0,179
2020,Uttar Pradesh,9,Chitrakoot,136,Chitrakoot,27,97,27,89,17,0,0,112,55,31,10,0,4,0,0,35,0,0,0,9,30,2,0,0,146
2020,Uttar Pradesh,9,Deoria,137,Deoria,22,38,0,24,0,0,0,38,26,21,20,0,0,0,0,72,0,0,0,0,0,2,65,0,0
2020,Uttar Pradesh,9,Etah,138,Etah,26,54,0,126,75,0,0,60,52,106,33,0,0,0,0,36,0,3,0,14,175,7,0,0,42
2020,Uttar Pradesh,9,Etawah,139,Etawah,42,32,0,51,92,2,0,82,53,87,28,0,0,0,0,42,0,2,0,4,79,7,0,0,12
2020,Uttar Pradesh,9,Farrukhabad,141,Fatehgarh,66,120,0,23,104,0,0,178,71,130,39,0,5,0,0,43,0,0,0,0,106,22,0,0,733
2020,Uttar Pradesh,9,Fatehpur,142,Fatehpur,52,185,0,155,130,0,0,270,96,177,47,0,1,5,88,35,0,0,0,12,22,11,12,0,187
2020,Uttar Pradesh,9,Firozabad,143,Firozabad,111,200,5,277,320,0,0,377,88,265,50,1,14,0,37,89,21,5,4,6,7,44,0,0,957
2020,Uttar Pradesh,9,Gautam Buddha Nagar,144,Gautambudh Nagar,96,157,0,146,221,3,0,144,94,246,37,0,0,0,6,2367,374,496,37,0,355,79,699,0,2146
2020,Uttar Pradesh,9,Ghaziabad,145,Ghaziabad,57,187,3,124,109,0,2,231,120,184,28,1,10,0,0,929,20,14,13,52,164,40,131,1,325
2020,Uttar Pradesh,9,Ghazipur,146,Ghazipur,41,189,0,218,92,0,0,228,152,170,27,1,8,0,187,103,0,6,0,29,107,22,0,0,575
2020,Uttar Pradesh,9,Gonda,147,Gonda,44,91,2,81,154,2,0,189,106,31,260,1,6,1,0,89,28,3,4,3,154,1,0,0,34
2020,Uttar Pradesh,9,Gorakhpur,148,Gorakhpur,85,178,0,242,223,1,1,16,0,0,338,1,10,0,0,406,88,0,62,0,88,51,279,0,256
2020,Uttar Pradesh,9,Hamirpur,149,Hamirpur,33,94,1,75,46,0,0,165,89,56,20,0,12,6,13,47,14,0,0,7,53,6,0,0,124
2020,Uttar Pradesh,9,Hapur,661,Hapur,24,42,0,99,129,0,0,82,0,0,10,1,0,0,19,32,0,5,0,13,0,22,63,0,48
2020,Uttar Pradesh,9,Hardoi,150,Hardoi,76,140,22,245,137,0,1,154,0,200,64,0,3,0,0,72,11,0,0,50,125,15,8,0,245
2020,Uttar Pradesh,9,Hathras,163,Hathras,37,142,14,167,127,0,0,160,14,129,32,0,6,0,0,23,0,4,0,9,35,12,27,0,925
2020,Uttar Pradesh,9,Jalaun,151,Jalaun,23,35,0,75,78,2,0,92,50,147,27,0,10,0,16,71,0,0,0,0,70,5,18,0,827
2020,Uttar Pradesh,9,Jaunpur,152,Jaunpur,71,189,0,110,113,2,0,273,97,138,39,0,11,0,11,141,15,5,0,84,118,18,0,0,273
2020,Uttar Pradesh,9,Jhansi,153,Jhansi,41,186,0,145,84,0,0,148,72,260,31,0,17,0,0,78,0,6,0,28,0,6,27,0,499
2020,Uttar Pradesh,9,Kannauj,155,Kannauj,18,53,0,137,198,0,0,187,72,155,25,0,13,0,0,44,0,0,0,0,0,8,0,0,1000
2020,Uttar Pradesh,9,Kanpur Dehat,156,Kanpur Dehat,38,151,0,74,169,1,0,197,88,365,32,0,8,1,0,81,0,0,0,0,0,4,0,0,514
2020,Uttar Pradesh,9,Kanpur Nagar,157,Kanpur Nagar,93,262,6,291,279,2,0,318,208,700,50,0,0,0,25,353,0,89,0,59,223,19,0,9,1887
2020,Uttar Pradesh,9,Kasganj,633,Kasganj,48,262,26,285,159,0,0,259,74,177,20,1,2,0,0,56,16,6,0,8,46,5,49,0,1213
2020,Uttar Pradesh,9,Kaushambi,158,Kaushambi,57,155,0,190,121,0,0,289,60,71,22,0,0,0,0,80,0,0,0,0,73,19,0,0,1410
2020,Uttar Pradesh,9,Kheri,159,Khiri,75,177,12,180,434,0,0,237,145,324,51,1,0,0,0,98,0,0,0,0,89,17,0,0,268
2020,Uttar Pradesh,9,Kushi Nagar,160,Kushi Nagar,3,0,0,43,130,0,0,245,69,0,0,0,0,0,0,0,0,0,0,0,0,0,0,0,0
2020,Uttar Pradesh,9,Kushinagar,160,Kushi Nagar,27,101,0,104,183,0,0,0,0,51,19,0,0,0,88,68,0,0,0,20,26,7,19,0,0
2020,Uttar Pradesh,9,Lalitpur,161,Lalitpur,14,14,8,36,10,0,0,32,30,14,8,0,3,0,0,15,0,0,0,5,0,1,0,0,351
2020,Uttar Pradesh,9,Lucknow,162,Grp,9,3,1,22,12,0,0,15,1,0,1,0,0,0,0,4,1,0,0,0,7,16,1,0,183
2020,Uttar Pradesh,9,Lucknow,162,Lucknow Commissionarate,87,315,4,429,892,2,5,604,246,1060,105,0,62,0,104,1465,0,74,0,242,1341,136,334,3,612
2020,Uttar Pradesh,9,Lucknow,162,Lucknow Grameen,23,41,0,65,1,0,0,34,30,96,6,0,0,0,0,23,3,7,0,2,25,12,12,0,3
2020,Uttar Pradesh,9,Maharajganj,164,Maharajganj,5,0,0,0,15,0,0,260,234,0,0,0,0,0,0,0,0,0,0,0,0,0,0,0,0
2020,Uttar Pradesh,9,Mahoba,165,Mahoba,22,80,0,48,69,0,0,102,54,19,14,0,6,0,4,14,0,0,0,12,25,9,0,0,14
2020,Uttar Pradesh,9,Mahrajganj,164,Maharajganj,30,75,0,13,22,0,0,0,132,87,19,0,10,0,25,56,0,1,0,52,67,6,0,1,313
2020,Uttar Pradesh,9,Mainpuri,166,Mainpuri,75,68,4,104,176,0,0,131,94,144,55,0,12,0,266,19,0,0,0,0,82,21,0,0,36
2020,Uttar Pradesh,9,Mathura,167,Mathura,100,185,2,338,129,2,0,182,173,387,29,2,0,0,0,127,0,0,0,0,0,73,0,0,3230
2020,Uttar Pradesh,9,Mau,168,Mau,25,108,0,92,84,0,0,189,89,38,199,0,0,51,0,157,15,3,32,28,115,12,5,0,2292
2020,Uttar Pradesh,9,Meerut,169,Meerut,114,143,98,160,245,0,0,287,74,300,37,1,0,0,0,183,0,0,0,183,0,56,216,0,270
2020,Uttar Pradesh,9,Mirzapur,170,Mirzapur,27,73,0,47,42,0,0,139,64,100,12,0,12,17,32,65,12,1,0,2,33,2,26,0,280
2020,Uttar Pradesh,9,Moradabad,171,Moradabad,69,232,12,221,226,3,0,253,147,480,29,0,3,0,0,165,0,26,0,29,0,34,0,0,867
2020,Uttar Pradesh,9,Muzaffarnagar,172,Muzaffarnagar,72,135,19,53,61,0,0,134,68,217,27,1,0,0,32,111,0,0,14,24,11,39,51,0,445
2020,Uttar Pradesh,9,Pilibhit,173,Pilibhit,47,324,1,111,232,0,0,257,88,155,39,0,10,0,0,30,0,1,0,23,128,17,0,0,385
2020,Uttar Pradesh,9,Pratapgarh,174,Pratapgarh,81,80,0,360,382,4,0,590,0,309,64,0,2,143,0,402,134,0,0,268,255,53,75,0,147
2020,Uttar Pradesh,9,Prayagraj,120,Prayagraj,119,397,9,522,314,1,0,357,80,810,49,0,23,0,28,1102,0,0,0,15,416,80,0,2,117
2020,Uttar Pradesh,9,Rae Bareli,175,Raibareilly,62,371,0,160,293,0,0,426,130,150,26,0,0,0,0,112,0,0,0,0,118,38,0,0,0
2020,Uttar Pradesh,9,Rampur,176,Rampur,45,107,3,50,91,0,0,114,73,0,183,3,3,0,5,86,0,1,22,27,0,13,97,0,88
2020,Uttar Pradesh,9,Saharanpur,177,Saharanpur,43,146,0,145,96,0,0,132,124,324,27,0,4,0,23,102,2,6,0,65,197,28,42,0,239
2020,Uttar Pradesh,9,Sambhal,659,Sambhal,48,120,3,85,109,2,2,149,73,173,31,1,3,0,0,78,10,1,9,13,87,19,0,0,145
2020,Uttar Pradesh,9,Sant Kabeer Nagar,178,Sant Kabirnagar,3,12,0,61,66,0,0,186,44,0,0,0,0,0,0,0,0,0,0,0,0,0,0,0,0
2020,Uttar Pradesh,9,Sant Kabir Nagar,178,Sant Kabirnagar,12,106,12,72,11,0,0,0,0,60,7,0,1,0,0,48,0,0,0,0,33,3,0,0,41
2020,Uttar Pradesh,9,Shahjahanpur,180,Shahjahanpur,48,141,2,169,158,0,0,163,110,333,62,0,4,0,0,33,0,0,0,0,165,6,63,0,658
2020,Uttar Pradesh,9,Shamli,660,Shamli,26,54,0,93,47,0,0,67,64,55,8,0,0,0,13,37,0,3,0,25,0,18,25,0,259
2020,Uttar Pradesh,9,Shravasti,181,Shrawasti,2,0,0,4,33,0,0,84,32,0,0,0,0,0,0,0,0,0,0,0,0,0,0,0,0
2020,Uttar Pradesh,9,Shrawasti,181,Shrawasti,23,44,0,51,64,0,0,0,0,12,92,0,3,0,2,11,0,1,0,2,31,6,33,0,11
2020,Uttar Pradesh,9,Siddharth Nagar,182,Sidharthnagar,1,19,0,0,76,0,0,161,65,0,0,0,0,0,0,0,0,0,0,0,0,0,0,0,0
2020,Uttar Pradesh,9,Siddharthnagar,182,Sidharthnagar,14,127,19,81,11,0,0,0,1,6,81,1,5,0,0,28,0,0,0,0,27,0,0,0,270
2020,Uttar Pradesh,9,Sitapur,183,Sitapur,72,511,0,195,242,0,0,478,233,373,61,1,0,1,0,52,0,0,0,0,135,27,0,0,0
2020,Uttar Pradesh,9,Sonbhadra,184,Sonbhadra,49,151,0,28,38,0,0,142,102,66,15,0,0,0,0,49,0,0,0,0,35,3,25,0,174
2020,Uttar Pradesh,9,Sultanpur,185,Sultanpur,71,197,2,144,168,0,0,199,74,40,159,0,11,0,33,78,0,6,1,25,53,12,43,0,21
2020,Uttar Pradesh,9,Unnao,186,Unnao,53,220,0,186,275,0,0,330,158,247,29,0,11,0,28,77,0,1,0,39,53,18,67,0,0
2020,Uttar Pradesh,9,Varanasi,187,Varanasi,62,280,0,269,191,0,0,422,126,492,28,0,7,29,78,844,276,8,4,84,542,17,119,5,946
2020,Uttarakhand,5,Almora,45,Almora,0,10,0,4,8,0,0,14,7,4,0,0,3,0,0,8,1,0,0,5,0,0,0,0,50
2020,Uttarakhand,5,Bageshwar,46,Bageshwar,5,31,0,22,14,0,0,23,13,3,1,0,0,0,0,1,0,0,0,2,15,1,0,0,121
2020,Uttarakhand,5,Chamoli,47,Chamoli,2,14,5,6,3,0,0,12,2,1,0,0,0,0,0,4,0,0,0,5,0,0,0,0,7
2020,Uttarakhand,5,Champawat,48,Champawat,2,16,0,6,10,0,3,24,8,2,1,0,0,0,0,10,0,5,0,3,0,2,0,0,5
2020,Uttarakhand,5,Dehradun,49,Dehradun,22,219,0,117,62,1,6,232,121,162,137,0,0,0,50,43,0,8,0,19,0,19,312,5,33
2020,Uttarakhand,5,Dehradun,49,Grp,0,0,0,0,0,0,0,0,0,0,0,0,0,0,0,0,0,0,0,0,0,1,0,0,6
2020,Uttarakhand,5,Haridwar,50,Haridwar,60,410,0,147,189,0,2,244,147,98,21,1,0,0,0,12,0,0,0,0,5,39,5,1,1403
2020,Uttarakhand,5,Nainital,51,Nainital,12,162,11,53,123,1,0,135,63,96,17,0,7,0,9,21,1,1,1,24,90,19,4,0,666
2020,Uttarakhand,5,Pauri Garhwal,52,Pauri Garhwal,2,33,0,13,24,0,0,24,16,17,1,0,0,0,2,6,0,1,0,1,19,4,0,0,84
2020,Uttarakhand,5,Pithoragarh,53,Pithoragarh,4,28,0,32,11,0,1,27,14,2,1,0,0,0,3,4,1,0,0,4,1,1,0,0,123
2020,Uttarakhand,5,Rudra Prayag,54,Rudra Prayag,1,11,0,3,4,0,0,5,5,2,2,0,0,0,0,10,0,0,0,0,0,0,0,0,21
2020,Uttarakhand,5,Tehri Garhwal,55,Tehri Garhwal,4,23,1,0,11,0,3,19,13,5,3,0,0,0,7,10,0,3,0,6,15,1,0,0,79
2020,Uttarakhand,5,Udam Singh Nagar,56,Udham Singh Nagar,0,0,0,0,0,0,0,0,0,0,0,0,0,0,0,115,0,0,0,0,0,0,0,0,0
2020,Uttarakhand,5,Udam Singh Nagar,56,Udhamsingh Nagar,52,420,0,132,185,1,2,290,154,272,20,0,0,0,0,0,0,0,0,0,40,46,0,2,1543
2020,Uttarakhand,5,Uttar Kashi,57,Uttarkashi,2,40,0,8,8,0,0,17,10,4,1,0,0,0,0,3,0,0,0,0,0,1,0,0,202
2020,West Bengal,19,24 Paraganas North,303,Bangaon,1,0,0,1,20,0,1,90,54,0,0,0,4,0,0,0,0,0,0,0,0,0,0,0,0
2020,West Bengal,19,24 Paraganas North,303,Barasat,0,0,0,0,288,0,0,378,69,0,0,0,17,0,0,0,0,0,0,0,0,0,0,0,0
2020,West Bengal,19,24 Paraganas North,303,Barrackpur Pc,2,0,0,0,319,0,0,425,91,0,0,0,0,0,0,0,0,0,0,0,0,0,0,0,0
2020,West Bengal,19,24 Paraganas North,303,Basirhat,0,0,0,0,344,1,0,394,44,0,0,0,0,0,0,0,0,0,0,0,0,0,0,0,0
2020,West Bengal,19,24 Paraganas North,303,Bidhannagar Pc,1,0,0,0,62,0,0,108,44,0,0,0,0,0,0,0,0,0,0,0,0,0,0,0,0
2020,West Bengal,19,24 Paraganas South,304,Baruipur Police,1,0,0,0,369,0,3,553,154,0,0,0,0,0,0,0,0,0,0,0,0,0,0,2,0
2020,West Bengal,19,24 Paraganas South,304,Diamond Harbour Police,1,0,0,0,114,0,1,171,49,0,0,0,0,0,0,0,0,0,0,0,0,0,0,0,0
2020,West Bengal,19,24 Paraganas South,304,Sundarban Police,0,0,0,0,140,0,0,223,50,0,0,0,0,0,0,0,0,0,0,0,0,0,0,0,0
2020,West Bengal,19,Alipurduar,664,Alipurduar,45,93,9,46,232,1,0,209,82,259,13,1,13,0,10,3,0,0,0,0,22,7,7,1,119
2020,West Bengal,19,Bankura,305,Bankura,68,84,6,79,182,0,0,140,40,223,25,0,24,0,28,40,5,0,12,0,52,13,23,0,108
2020,West Bengal,19,Birbhum,307,Birbhum,84,125,16,39,291,3,0,279,86,259,11,4,22,5,13,57,4,1,20,0,118,15,4,0,118
2020,West Bengal,19,Cooch Behar,308,Coochbehar,71,186,32,37,375,3,0,0,0,424,23,0,24,0,0,10,0,0,0,0,65,10,0,2,1469
2020,West Bengal,19,Coochbehar,308,Coochbehar,0,0,0,0,307,0,0,435,128,0,0,0,0,0,0,0,0,0,0,0,0,0,0,0,0
2020,West Bengal,19,Dakshin Dinajpur,310,Dakshin Dinajpur,42,46,25,31,216,3,0,0,0,98,11,0,8,0,0,27,0,1,0,0,62,1,1,2,366
2020,West Bengal,19,Darjeeling,309,Darjeeling,19,61,6,60,115,0,2,126,42,116,1,0,4,0,0,18,0,0,0,0,46,13,3,0,350
2020,West Bengal,19,Darjeeling,309,Siliguri Grp,1,0,0,1,0,0,0,1,1,0,1,0,0,0,0,0,0,0,0,0,2,0,0,0,8
2020,West Bengal,19,Darjeeling,309,Siliguri Pc,38,73,9,57,394,0,5,275,83,570,11,0,10,0,0,331,126,1,13,0,263,11,73,7,1677
2020,West Bengal,19,Dinajpur Dakshin,310,Dakshin Dinajpur,3,0,0,0,224,1,0,350,28,0,0,0,0,12,0,0,0,0,0,0,0,0,0,0,0
2020,West Bengal,19,Dinajpur Uttar,311,Islampur,4,0,0,0,98,0,0,140,24,0,0,0,1,0,0,0,0,0,0,0,0,0,0,1,0
2020,West Bengal,19,Dinajpur Uttar,311,Raiganj,1,0,0,0,156,0,1,220,59,0,0,0,3,0,0,0,0,0,0,0,0,0,0,0,0
2020,West Bengal,19,Hooghly,312,Chandannagar Pc,19,45,2,11,135,2,0,111,35,368,5,0,15,0,0,8,0,0,0,0,215,2,5,1,796
2020,West Bengal,19,Hooghly,312,Hooghly Rural Police,51,99,8,23,316,0,0,235,86,654,17,1,23,0,0,2,0,0,1,0,164,14,5,0,1756
2020,West Bengal,19,Howrah,313,Howrah Grp,2,3,0,3,1,0,0,1,1,0,1,0,2,0,0,0,0,0,0,0,3,0,1,0,8
2020,West Bengal,19,Howrah,313,Howrah Pc,36,54,10,65,365,1,0,237,59,554,10,1,7,0,29,42,0,0,0,0,237,13,18,2,2517
2020,West Bengal,19,Howrah,313,Howrah Rural,73,81,5,9,367,1,0,261,77,462,5,2,7,0,0,0,0,0,0,0,61,11,17,0,316
2020,West Bengal,19,Jalpaiguri,314,Jalpaiguri,54,134,40,34,327,2,2,251,103,183,15,0,6,0,6,10,0,0,3,0,61,5,22,0,1166
2020,West Bengal,19,Jhargram,703,Jhargram,37,44,12,27,176,1,0,122,28,88,3,0,4,0,4,38,3,1,7,0,20,3,3,0,366
2020,West Bengal,19,Kalimpong,702,Kalimpong,8,23,1,6,34,0,0,41,23,18,0,0,1,0,0,65,15,0,0,0,8,2,0,0,140
2020,West Bengal,19,Kolkata,315,Kolkata,56,121,0,586,457,4,3,486,198,931,9,1,19,0,137,341,16,0,11,6,1593,24,87,20,2094
2020,West Bengal,19,Kolkata,315,Sealdah Grp,9,1,0,2,8,0,0,5,1,0,2,0,0,0,0,0,0,0,0,0,1,4,0,0,3
2020,West Bengal,19,Malda,316,Malda,95,359,87,51,510,5,0,0,1,475,19,1,33,0,0,29,2,1,1,2,142,32,8,0,494
2020,West Bengal,19,Maldah,316,Malda,6,0,0,0,433,0,0,609,164,0,0,0,3,0,0,0,0,0,0,0,0,0,0,0,0
2020,West Bengal,19,Medinipur East,317,Purab Medinipur,3,0,0,0,583,0,0,680,83,0,0,0,0,0,0,0,0,0,0,0,0,0,0,0,0
2020,West Bengal,19,Medinipur West,318,Kharagpur Grp,0,0,0,0,1,0,0,1,0,0,0,0,0,0,0,0,0,0,0,0,0,0,0,0,0
2020,West Bengal,19,Medinipur West,318,Paschim Medinipur,4,0,0,0,397,0,0,495,85,0,0,0,0,0,0,0,0,0,0,0,0,0,0,0,0
2020,West Bengal,19,Murshidabad,319,Jangipur Police District,48,180,39,41,240,1,0,176,46,582,14,0,2,0,18,3,0,0,0,0,38,4,6,0,60
2020,West Bengal,19,Murshidabad,319,Murshidabad Police District,160,438,135,91,928,3,6,655,204,1510,36,3,25,0,183,10,0,0,1,0,171,13,61,1,276
2020,West Bengal,19,Nadia,320,Krishnagar,79,348,88,50,589,2,4,367,92,609,21,5,19,0,30,50,0,0,0,0,270,4,6,2,1990
2020,West Bengal,19,Nadia,320,Ranaghat,30,138,24,7,522,0,0,355,70,770,37,2,12,1,0,1,0,0,0,0,45,4,1,1,1517
2020,West Bengal,19,North 24 Parganas,303,Bangaon,28,90,37,39,203,1,2,0,0,576,11,2,18,0,0,25,0,0,0,7,101,1,23,0,838
2020,West Bengal,19,North 24 Parganas,303,Barasat,39,132,18,63,242,1,4,0,1,693,23,0,16,0,0,21,0,1,6,4,151,13,41,2,1747
2020,West Bengal,19,North 24 Parganas,303,Barrackpur Pc,61,110,11,570,324,2,0,0,0,1482,16,5,22,0,22,44,7,1,3,0,681,10,88,1,1575
2020,West Bengal,19,North 24 Parganas,303,Basirhat,43,77,45,103,362,1,4,0,0,753,18,0,16,0,0,4,0,0,0,0,97,2,19,1,1018
2020,West Bengal,19,North 24 Parganas,303,Bidhannagar Pc,14,41,4,67,51,0,0,0,0,253,2,0,5,0,34,10,0,0,1,0,435,3,47,2,1123
2020,West Bengal,19,Paschim Bardhaman,704,Asansol-Durgapur Pc,54,93,13,29,149,6,0,144,54,552,16,0,19,0,0,48,7,2,12,0,185,11,93,1,162
2020,West Bengal,19,Paschim Medinipur,318,Kharagpur Grp,3,0,0,2,1,0,0,0,0,0,0,0,2,0,0,0,0,0,0,0,1,0,0,0,1
2020,West Bengal,19,Paschim Medinipur,318,Paschim Medinipur,107,101,14,314,57,0,1,0,0,927,13,0,22,0,0,2,0,0,0,0,49,36,29,0,1327
2020,West Bengal,19,Purba Bardhaman,306,Purba Bardhaman,104,94,40,140,613,0,0,391,84,1171,21,2,36,0,2,25,0,1,0,7,346,13,0,0,2486
2020,West Bengal,19,Purba Medinipur,317,Purab Medinipur,85,405,26,82,456,3,2,0,0,900,51,0,17,0,9,31,1,0,0,2,33,12,25,0,2787
2020,West Bengal,19,Purulia,321,Purulia,60,56,13,50,112,0,3,108,49,192,6,0,8,0,8,0,0,0,0,0,18,10,0,1,868
2020,West Bengal,19,South 24 Parganas,304,Baruipur Police,112,214,50,42,415,1,12,0,0,1634,12,1,12,0,53,11,0,0,0,0,411,9,3,3,4602
2020,West Bengal,19,South 24 Parganas,304,Diamond Harbour Police,35,60,12,27,127,1,2,0,0,701,15,3,9,0,0,3,0,0,0,0,45,4,28,0,1160
2020,West Bengal,19,South 24 Parganas,304,Sundarban Police,44,73,12,18,128,1,0,0,0,575,14,0,11,0,0,2,0,0,0,0,77,8,3,0,491
2020,West Bengal,19,Uttar Dinajpur,311,Islampur,37,52,7,6,36,0,2,0,0,203,9,0,2,0,0,14,0,1,0,0,27,22,4,2,67
2020,West Bengal,19,Uttar Dinajpur,311,Raiganj,45,91,16,25,186,1,2,0,9,198,5,0,12,0,57,22,4,5,0,0,60,11,2,0,484
2021,Andaman And Nicobar Islands,35,Nicobars,603,Nicobar,0,22,0,3,0,0,0,22,22,0,0,0,0,0,0,0,0,0,0,0,1,0,0,0,0
2021,Andaman And Nicobar Islands,35,North And Middle Andaman,632,North & Middle Andaman,4,3,0,0,0,0,0,0,0,0,0,0,0,0,0,0,0,0,0,0,3,0,0,0,1
2021,Andaman And Nicobar Islands,35,North And Middle Andaman,632,North And Middle Andaman,0,0,0,0,1,0,0,31,29,0,0,0,0,0,2,6,3,0,0,0,3,0,0,0,3
2021,Andaman And Nicobar Islands,35,North And Middle Andaman,632,North Andmiddle Andaman,0,31,0,13,0,0,0,0,0,0,0,0,1,0,0,0,0,0,0,0,0,0,0,0,0
2021,Andaman And Nicobar Islands,35,South Andamans,602,South Andaman,13,64,2,20,5,0,0,71,58,4,1,0,2,1,2,8,3,1,0,2,17,2,1,0,10
2021,Andhra Pradesh,28,Anantapur,502,Anantapur,4,83,0,51,14,0,0,301,1,0,0,0,0,17,0,0,0,0,0,0,0,0,0,0,0
2021,Andhra Pradesh,28,Anantapur,502,Guntakal Railway,1,0,0,1,0,0,0,2,0,0,0,0,0,0,0,0,0,0,0,0,0,0,0,0,0
2021,Andhra Pradesh,28,Ananthapuramu,502,Anantapur,107,137,112,490,10,1,3,0,0,375,9,0,37,0,142,107,27,1,11,4,616,17,4,0,775
2021,Andhra Pradesh,28,Ananthapuramu,502,Guntakal Railway,2,0,0,5,0,0,0,0,0,2,1,0,1,0,3,0,0,0,0,0,1,5,0,0,19
2021,Andhra Pradesh,28,Chittoor,503,Chittoor,70,88,5,155,19,3,4,107,77,321,18,0,26,0,31,96,33,2,6,8,150,14,19,4,6580
2021,Andhra Pradesh,28,East Godavari,505,East Godavari,65,261,60,557,84,0,3,206,32,443,15,0,27,1,128,200,88,0,3,6,387,22,8,5,267
2021,Andhra Pradesh,28,East Godavari,505,Rajahmundry,28,123,41,250,47,1,0,127,2,261,4,0,9,7,88,169,65,2,5,6,250,33,2,4,427
2021,Andhra Pradesh,28,Guntur,506,Guntur,69,138,64,705,107,1,0,217,0,614,3,1,45,6,80,196,58,0,12,4,720,14,1,9,678
2021,Andhra Pradesh,28,Guntur,506,Guntur Urban,40,119,39,622,82,0,36,149,3,257,7,0,21,1,60,404,144,8,14,0,677,25,1,20,406
2021,Andhra Pradesh,28,Krishna,510,Krishna,45,137,46,630,112,0,4,166,0,372,7,1,24,1,127,92,22,0,21,0,396,9,2,4,1764
2021,Andhra Pradesh,28,Kurnool,511,Kurnool,91,130,49,823,62,0,0,114,24,334,7,1,49,0,34,160,0,0,0,0,635,29,0,6,1127
2021,Andhra Pradesh,28,Ntr,749,Vijayawada City,49,172,49,593,81,0,10,260,6,773,2,1,29,8,86,255,97,5,14,8,504,38,52,0,712
2021,Andhra Pradesh,28,Ntr,749,Vijayawada Railway,1,0,0,3,2,0,0,2,0,0,0,0,2,0,3,2,1,0,0,0,2,1,0,0,2
2021,Andhra Pradesh,28,Prakasam,517,Prakasham,67,123,15,609,3,0,1,91,86,394,6,0,26,0,0,134,46,2,11,2,432,23,55,4,1319
2021,Andhra Pradesh,28,Spsr Nellore,515,Nellore,2,42,0,13,5,0,1,113,2,0,0,0,0,12,0,0,0,0,0,0,0,0,0,0,0
2021,Andhra Pradesh,28,Sri Potti Sriramulu Nellore,515,Nellore,76,90,52,378,11,0,2,0,0,361,3,1,26,0,39,123,41,1,8,4,275,16,5,0,2417
2021,Andhra Pradesh,28,Srikakulam,519,Srikakulam,25,118,28,197,12,0,3,74,0,211,6,0,19,1,38,120,38,3,3,2,100,3,1,0,534
2021,Andhra Pradesh,28,Tirupati,752,Tirupathi Urban,20,77,18,102,9,2,15,65,40,140,4,0,13,0,24,415,174,1,25,12,285,18,69,0,2222
2021,Andhra Pradesh,28,Visakhapatanam,520,Visakha Rural,0,29,0,16,25,0,0,81,0,0,0,0,1,0,0,0,0,0,0,0,0,0,0,0,0
2021,Andhra Pradesh,28,Visakhapatanam,520,Visakhapatnam,3,61,0,41,34,0,0,185,20,0,0,0,0,3,0,0,0,0,0,0,0,0,0,0,0
2021,Andhra Pradesh,28,Visakhapatnam,520,Visakha Rural,36,89,29,196,26,0,0,0,0,174,3,1,13,0,10,65,26,3,4,2,154,11,13,2,999
2021,Andhra Pradesh,28,Visakhapatnam,520,Visakhapatnam,41,291,61,552,18,0,0,0,3,1105,6,0,9,0,75,632,283,10,15,20,501,17,10,0,1237
2021,Andhra Pradesh,28,Vizianagaram,521,Vizianagaram,28,183,39,373,111,0,0,169,35,219,3,1,8,3,37,205,85,4,0,0,163,11,4,0,1163
2021,Andhra Pradesh,28,West Godavari,523,West Godavari,55,171,14,317,14,0,26,150,134,407,8,0,20,5,75,174,56,4,12,8,667,16,4,12,5663
2021,Andhra Pradesh,28,Y.S.R.,504,Cuddapah,66,65,20,327,17,1,4,90,7,330,7,0,7,3,26,20,0,2,0,3,184,11,43,0,1218
2021,Arunachal Pradesh,12,Anjaw,628,Anjaw,0,2,1,2,0,0,0,3,1,0,0,0,0,0,0,0,0,0,0,0,1,0,0,0,5
2021,Arunachal Pradesh,12,Changlang,229,Changlang,6,10,4,2,7,0,0,7,0,0,0,0,0,0,0,0,0,0,0,0,3,2,2,0,11
2021,Arunachal Pradesh,12,Dibang Valley,230,Dibang Valley,0,0,0,1,0,0,0,0,0,0,0,0,0,0,0,0,0,0,0,0,0,0,0,0,4
2021,Arunachal Pradesh,12,East Kameng,231,Kameng East,0,8,3,0,1,0,0,3,0,4,0,0,1,0,0,1,0,0,0,0,7,3,2,0,13
2021,Arunachal Pradesh,12,East Kameng,231,Kameng West,0,0,0,0,2,0,0,5,0,0,0,0,0,0,0,0,0,0,0,0,0,0,0,0,0
2021,Arunachal Pradesh,12,East Siang,232,Siang East,1,14,7,6,12,0,0,16,2,3,0,0,0,0,0,0,0,0,0,0,12,4,1,0,43
2021,Arunachal Pradesh,12,Kamle,718,Kamle,0,4,2,1,0,0,0,2,0,0,0,0,0,0,0,1,0,0,0,2,1,1,0,0,6
2021,Arunachal Pradesh,12,Kra Daadi,677,Kra Dadi,0,0,0,1,1,0,0,0,0,0,0,0,0,0,0,0,0,0,0,0,0,1,0,0,4
2021,Arunachal Pradesh,12,Kurung Kumey,233,Kurung Kumey,2,6,0,3,0,0,0,4,2,4,0,0,0,1,0,0,0,0,0,0,4,0,1,0,6
2021,Arunachal Pradesh,12,Leparada,724,Leparada,0,0,0,4,1,0,0,2,0,0,0,0,0,0,0,1,0,0,0,0,2,0,0,0,2
2021,Arunachal Pradesh,12,Lohit,234,Lohit,1,6,1,11,5,0,0,12,0,4,0,0,0,0,5,0,0,0,0,0,5,0,0,0,15
2021,Arunachal Pradesh,12,Longding,666,Longding,3,6,3,0,1,0,0,4,0,0,0,0,0,0,0,0,0,0,0,0,0,3,0,0,4
2021,Arunachal Pradesh,12,Lower Dibang Valley,235,Lower Dibang Valley,2,12,5,0,6,0,0,9,0,2,0,0,0,0,0,3,0,0,0,3,1,4,0,0,5
2021,Arunachal Pradesh,12,Lower Siang,719,Lower Siang,3,3,0,1,3,0,0,2,0,2,0,0,0,0,0,0,0,0,0,0,2,1,1,0,13
2021,Arunachal Pradesh,12,Lower Subansiri,236,Subansiri Lower,0,7,0,1,2,0,0,8,5,0,0,0,0,2,0,0,0,0,0,0,0,0,1,0,10
2021,Arunachal Pradesh,12,Namsai,678,Namsai,5,7,1,0,2,0,0,8,3,2,0,0,0,0,0,2,0,0,0,0,0,3,0,0,6
2021,Arunachal Pradesh,12,Pakke Kessang,723,Pakkessang,0,1,0,5,0,0,2,3,1,2,0,0,0,0,0,0,0,0,0,0,0,0,0,0,2
2021,Arunachal Pradesh,12,Papum Pare,237,Crime Branch,0,0,0,0,0,0,0,0,0,0,0,0,0,0,0,2,0,0,0,4,4,0,0,0,0
2021,Arunachal Pradesh,12,Papum Pare,237,Papum Pare City,9,72,26,33,52,0,0,55,0,81,0,0,0,0,0,32,0,31,0,1,27,30,8,0,31
2021,Arunachal Pradesh,12,Papum Pare,237,Papum Pare Rural,2,0,0,1,0,0,0,0,0,0,0,0,0,0,0,0,0,0,0,0,8,3,3,0,37
2021,Arunachal Pradesh,12,Shi Yomi,725,Shiyomi,0,0,0,0,0,0,0,1,1,0,0,0,0,0,0,0,0,0,0,0,1,0,0,0,2
2021,Arunachal Pradesh,12,Siang,679,Siang,3,2,1,4,0,0,0,5,0,0,0,0,0,1,0,4,2,0,0,0,4,0,1,0,3
2021,Arunachal Pradesh,12,Tawang,238,Tawang,2,2,1,2,0,0,0,1,0,0,0,0,0,0,0,0,0,0,0,0,2,0,0,0,3
2021,Arunachal Pradesh,12,Tirap,239,Tirap,1,1,1,3,0,0,0,1,1,2,0,0,0,0,0,0,0,0,0,0,2,1,2,0,11
2021,Arunachal Pradesh,12,Upper Siang,240,Siang Upper,2,5,0,2,0,0,0,3,3,0,0,0,0,0,0,0,0,0,0,0,1,0,0,0,12
2021,Arunachal Pradesh,12,Upper Subansiri,241,Subansiri Upper,2,7,0,1,2,0,0,6,4,5,0,0,0,0,0,3,0,0,0,4,4,0,1,0,6
2021,Arunachal Pradesh,12,West Kameng,242,Kameng West,4,2,0,6,1,0,0,0,0,2,0,0,0,0,0,0,0,0,0,0,14,1,1,0,30
2021,Arunachal Pradesh,12,West Siang,243,Siang West,2,7,1,8,1,0,0,2,0,0,0,0,0,0,0,2,0,0,1,0,4,0,1,0,2
2021,Assam,18,Baksa,616,Baksa,32,85,9,61,63,0,17,127,41,151,29,0,0,0,6,52,0,6,0,32,68,16,21,2,11
2021,Assam,18,Barpeta,280,Barpeta,48,326,66,707,542,7,26,383,136,817,13,0,0,0,0,109,0,0,0,0,373,72,26,0,1056
2021,Assam,18,Biswanath,705,Biswanath,36,60,16,76,84,0,26,129,21,173,1,0,3,0,0,26,5,0,5,7,41,15,13,0,52
2021,Assam,18,Bongaigaon,281,Bongaigaon,28,156,19,117,163,0,7,147,83,322,2,0,0,0,0,115,0,31,0,0,179,65,0,0,613
2021,Assam,18,Cachar,282,Cachar,52,172,0,137,250,0,0,309,70,594,8,0,0,0,40,208,0,0,0,0,124,111,0,1,1298
2021,Assam,18,Charaideo,708,Charaideo,32,70,4,28,76,0,0,78,37,38,6,0,3,0,0,30,0,5,0,14,49,9,0,0,21
2021,Assam,18,Chirang,612,Chirang,13,86,3,18,106,0,5,99,48,148,4,0,0,0,0,29,0,2,0,23,75,17,0,0,296
2021,Assam,18,Darrang,283,Darrang,22,224,15,249,217,0,3,94,52,495,6,0,0,0,49,33,0,0,0,66,198,19,15,0,394
2021,Assam,18,Dhemaji,284,Dhemaji,23,132,14,95,119,0,1,113,32,181,9,0,3,0,0,51,0,2,0,31,111,26,2,1,19
2021,Assam,18,Dhubri,285,Dhubri,36,409,98,567,264,5,2,313,125,1078,90,0,0,20,0,1752,509,12,319,32,866,54,28,1,911
2021,Assam,18,Dibrugarh,286,Dibrugarh,74,108,0,65,224,0,6,116,67,397,79,1,0,0,0,155,0,22,0,27,332,40,36,2,1241
2021,Assam,18,Dima Hasao,299,Dima Hasao,7,11,0,1,13,2,0,9,7,3,0,0,2,0,0,9,0,4,0,2,31,6,4,0,16
2021,Assam,18,Goalpara,287,Goalpara,40,242,21,46,163,0,0,205,41,170,0,0,0,0,0,51,0,0,0,90,138,25,85,0,0
2021,Assam,18,Golaghat,288,Golaghat,41,122,7,72,280,0,2,95,48,362,16,0,1,0,0,146,0,39,0,72,114,8,7,0,927
2021,Assam,18,Hailakandi,289,Hailakandi,15,277,17,172,102,5,0,114,54,409,4,0,0,0,0,36,0,6,0,16,78,32,48,0,86
2021,Assam,18,Hojai,709,Hojai,30,169,27,159,201,2,6,183,58,595,16,0,0,0,2,80,0,1,1,63,0,25,10,0,85
2021,Assam,18,Jorhat,290,Jorhat,38,92,19,202,147,0,0,99,51,541,1,0,0,0,0,196,0,55,0,75,224,77,159,0,595
2021,Assam,18,Kamrup,291,Kamrup,101,317,67,319,374,0,22,269,113,493,83,1,11,0,45,226,0,59,9,90,23,129,368,1,1850
2021,Assam,18,Kamrup Metro,618,Bieo,0,0,0,0,0,0,0,0,0,0,0,0,0,0,0,0,0,0,0,0,2,0,3,0,0
2021,Assam,18,Kamrup Metro,618,Cid,1,2,0,0,0,0,0,0,0,0,0,0,0,0,0,3,0,3,0,0,9,0,0,0,0
2021,Assam,18,Kamrup Metro,618,Grp,10,0,0,5,0,0,17,3,0,0,0,0,0,0,0,0,0,0,0,0,21,1,0,0,49
2021,Assam,18,Kamrup Metro,618,Guwahati City,65,163,10,241,614,5,10,445,81,936,31,1,21,0,0,1283,0,186,0,316,1251,850,140,7,1495
2021,Assam,18,Kamrup Metro,618,Rpo,2,12,0,2,1,0,0,7,6,5,0,0,0,0,0,0,0,0,0,0,4,0,0,0,38
2021,Assam,18,Kamrup Metro,618,Sou,0,0,0,0,0,0,0,0,0,0,0,0,0,0,0,0,0,0,0,0,0,0,0,0,0
2021,Assam,18,Kamrup Metro,618,Stf,0,0,0,0,0,0,0,0,0,0,0,0,0,0,0,0,0,0,0,0,1,0,0,0,0
2021,Assam,18,Karbi Anglong,292,Karbi Anglong,36,74,2,19,101,2,0,124,22,82,4,0,0,0,10,25,0,0,0,7,45,10,3,0,73
2021,Assam,18,Karimganj,293,Karimganj,45,132,18,81,90,4,3,74,44,471,16,4,0,0,15,43,0,11,0,30,93,33,20,0,831
2021,Assam,18,Kokrajhar,294,Kokrajhar,30,163,5,94,81,0,8,97,68,226,17,0,0,0,0,117,1,0,0,0,116,10,0,0,627
2021,Assam,18,Lakhimpur,295,Lakhimpur,51,160,15,157,125,0,19,154,86,434,92,1,0,0,0,53,0,0,0,23,234,27,7,2,24
2021,Assam,18,Majuli,706,Majuli,3,12,1,15,21,0,1,27,11,30,4,0,0,0,0,10,0,0,0,0,13,1,0,0,50
2021,Assam,18,Marigaon,296,Morigaon,33,329,15,118,490,0,45,482,134,827,87,1,22,0,41,122,0,0,31,24,237,58,0,0,317
2021,Assam,18,Nagaon,297,Nagaon,81,294,39,114,462,2,8,254,89,945,93,0,6,0,0,177,0,21,0,85,344,98,66,5,2012
2021,Assam,18,Nalbari,298,Nalbari,27,68,13,136,103,0,2,97,31,277,53,0,1,0,11,83,0,10,0,52,148,42,19,0,6
2021,Assam,18,Sivasagar,300,Sibsagar,27,151,6,119,195,0,6,152,39,354,0,0,0,0,14,85,0,23,0,84,161,18,15,2,137
2021,Assam,18,Sonitpur,301,Sonitpur,58,168,0,250,166,0,0,86,80,555,0,0,0,0,0,294,0,0,30,0,412,57,0,0,77
2021,Assam,18,South Salmara Mancachar,707,South Salmara,17,141,13,38,54,1,3,107,44,337,10,1,1,0,0,19,0,0,0,12,69,9,15,0,377
2021,Assam,18,Tinsukia,302,Sadia,14,41,0,0,10,0,0,33,9,37,0,0,0,0,0,8,0,0,0,16,0,1,0,0,102
2021,Assam,18,Tinsukia,302,Tinsukia,62,171,22,96,198,0,0,197,63,300,5,0,0,0,0,180,0,58,0,15,260,92,13,0,100
2021,Assam,18,Udalguri,617,Udalguri,36,79,3,108,138,0,26,52,41,149,1,0,9,0,0,46,0,0,0,0,44,19,3,0,0
2021,Assam,18,West Karbi Anglong,710,Hamren,10,21,0,4,0,0,1,9,9,19,0,0,0,0,0,0,0,0,0,0,7,1,0,0,104
2021,Bihar,10,Araria,188,Araria,76,192,0,7,207,4,4,502,36,51,97,0,0,288,0,42,21,0,0,0,46,67,51,2,21
2021,Bihar,10,Arwal,611,Arwal,12,31,0,4,29,0,0,56,17,11,25,0,1,10,21,55,27,0,0,2,32,18,4,4,27
2021,Bihar,10,Aurangabad,189,Aurangabad,60,145,0,9,129,0,2,131,42,42,74,0,0,0,35,58,29,0,0,0,126,46,0,0,31
2021,Bihar,10,Banka,190,Banka,52,78,0,6,126,2,0,81,24,10,73,0,0,0,5,36,16,1,1,0,34,40,21,0,17
2021,Bihar,10,Begusarai,191,Begusarai,102,78,0,4,145,0,0,47,17,28,59,0,0,0,0,66,33,0,0,0,91,109,31,3,33
2021,Bihar,10,Bhagalpur,192,Bhagalpur,91,195,0,10,321,0,0,209,55,70,154,0,0,0,0,78,39,0,0,0,193,100,25,6,39
2021,Bihar,10,Bhagalpur,192,Naugachia,35,16,0,5,115,1,0,11,9,8,34,1,0,0,0,48,24,0,0,0,45,54,0,0,28
2021,Bihar,10,Bhojpur,193,Bhojpur,97,161,4,4,278,0,0,200,43,80,202,0,0,0,7,46,23,0,0,0,48,79,52,1,23
2021,Bihar,10,Buxar,194,Buxar,41,144,0,5,138,0,0,130,13,35,79,0,0,0,20,18,9,0,0,0,30,28,17,0,9
2021,Bihar,10,Darbhanga,195,Darbhanga,57,116,0,50,293,0,0,227,32,37,136,0,0,0,0,60,30,0,0,0,65,39,0,0,40
2021,Bihar,10,Gaya,196,Gaya,129,129,0,22,357,5,9,98,62,105,173,0,0,0,35,98,49,0,0,0,284,99,249,0,49
2021,Bihar,10,Gopalganj,197,Gopalganj,82,223,0,0,271,2,0,245,13,51,126,0,0,0,22,34,17,0,0,0,149,63,6,0,17
2021,Bihar,10,Jamui,198,Jamui,47,59,0,3,135,0,0,47,7,17,60,0,0,0,5,140,70,0,0,0,70,39,0,0,70
2021,Bihar,10,Jehanabad,199,Jehanabad,22,26,0,0,81,0,0,62,24,12,51,0,0,12,63,40,20,0,0,0,97,23,26,0,20
2021,Bihar,10,Kaimur (Bhabua),200,Kaimur(Bhabhua),35,76,0,16,87,0,6,82,23,8,47,0,0,0,0,30,15,0,0,0,48,10,3,1,15
2021,Bihar,10,Katihar,201,Katihar,77,155,0,6,162,1,5,76,48,42,122,0,0,0,0,30,15,0,0,0,125,49,36,0,15
2021,Bihar,10,Katihar,201,Katihar Railway,3,0,0,1,7,0,8,8,0,1,0,0,0,0,0,1,0,1,0,0,0,3,0,0,4
2021,Bihar,10,Khagaria,202,Khagaria,59,118,0,3,162,0,0,105,14,17,62,0,0,0,0,8,4,0,0,0,93,32,0,0,4
2021,Bihar,10,Kishanganj,203,Kishanganj,25,105,0,3,102,2,5,71,24,33,80,0,0,0,32,24,6,0,0,0,41,30,9,6,19
2021,Bihar,10,Lakhisarai,204,Lakhisarai,35,57,0,2,136,0,0,89,18,24,37,1,0,0,22,21,1,1,3,8,19,10,0,0,10
2021,Bihar,10,Madhepura,205,Madhepura,102,110,1,2,135,4,4,317,21,23,56,0,0,145,0,20,5,3,2,0,66,133,0,0,10
2021,Bihar,10,Madhubani,206,Madhubani,61,128,0,5,174,2,0,143,64,151,63,0,0,0,8,24,12,0,0,0,50,34,14,0,13
2021,Bihar,10,Munger,207,Jamalpur Railway,6,2,0,1,2,0,0,2,0,0,0,0,0,0,4,6,2,0,1,0,5,4,0,0,5
2021,Bihar,10,Munger,207,Munger,42,95,8,12,215,0,0,159,17,27,68,0,4,0,27,20,10,0,0,0,110,21,14,0,10
2021,Bihar,10,Muzaffarpur,208,Muzaffarpur,115,430,0,31,654,0,0,381,68,105,199,0,0,0,0,54,27,0,0,0,278,85,68,3,27
2021,Bihar,10,Muzaffarpur,208,Muzaffarpur Railway,6,0,0,3,4,0,48,27,1,0,0,0,0,0,0,0,0,0,0,0,4,2,0,0,18
2021,Bihar,10,Nalanda,209,Nalanda,117,40,0,1,457,3,0,184,56,102,186,0,0,0,0,74,37,0,0,0,379,100,26,2,37
2021,Bihar,10,Nawada,210,Nawadah,78,130,0,3,244,2,2,233,42,39,62,0,0,12,70,38,19,0,0,0,116,27,54,2,19
2021,Bihar,10,Pashchim Champaran,211,Bagaha,33,84,4,16,121,0,5,113,21,31,39,0,0,0,0,28,14,0,0,0,32,11,17,0,14
2021,Bihar,10,Pashchim Champaran,211,Bettiah,52,117,0,0,181,4,0,209,116,73,189,0,0,4,0,76,38,0,0,0,119,22,82,3,38
2021,Bihar,10,Patna,212,Anti Terrorist Squad,0,0,0,0,0,0,0,0,0,0,0,0,0,0,0,0,0,0,0,0,0,0,0,0,0
2021,Bihar,10,Patna,212,Economic Offences Unit,0,0,0,0,0,0,0,0,0,0,0,0,0,0,0,22,11,0,0,0,0,0,0,0,11
2021,Bihar,10,Patna,212,Patna,207,252,0,32,944,5,2,339,104,206,395,0,0,0,25,860,430,0,0,0,2066,190,0,1,430
2021,Bihar,10,Patna,212,Patna Railway,6,0,0,0,2,0,8,4,0,0,1,0,0,0,9,0,0,0,0,0,4,16,0,0,10
2021,Bihar,10,Purbi Champaran,213,Motihari,165,155,0,0,403,4,2,624,120,152,178,0,0,142,0,100,50,0,0,0,97,134,182,0,50
2021,Bihar,10,Purnia,214,Purnea,102,252,0,4,365,1,0,233,65,86,76,0,0,0,0,18,9,0,0,0,113,100,42,0,31
2021,Bihar,10,Rohtas,215,Rohtas,73,151,0,6,220,0,0,158,40,42,121,0,0,0,7,56,28,0,0,0,188,86,0,1,34
2021,Bihar,10,Saharsa,216,Saharsa,45,24,0,2,118,0,0,11,5,14,62,0,0,0,0,28,14,0,0,0,86,60,0,0,14
2021,Bihar,10,Samastipur,217,Samastipur,103,268,0,62,313,4,0,255,47,31,118,0,0,0,0,46,23,0,0,0,146,105,14,2,103
2021,Bihar,10,Saran,218,Saran,118,131,25,18,509,0,3,188,36,115,271,0,0,0,93,102,51,0,0,0,315,183,30,1,52
2021,Bihar,10,Sheikhpura,219,Sheikhpura,10,9,0,6,40,0,0,66,26,14,47,0,0,21,0,4,2,0,0,0,73,16,18,0,2
2021,Bihar,10,Sheohar,220,Sheohar,14,47,0,1,54,0,0,40,9,11,34,0,0,0,0,14,7,0,0,0,22,9,9,0,10
2021,Bihar,10,Sitamarhi,221,Sitamarhi,62,85,0,9,375,0,8,175,77,68,166,0,0,0,0,62,31,0,0,0,31,87,97,6,54
2021,Bihar,10,Siwan,222,Siwan,101,187,0,2,251,2,0,180,28,27,109,0,0,0,0,40,20,0,0,0,149,104,20,0,28
2021,Bihar,10,Supaul,223,Supaul,33,101,0,0,162,2,0,136,47,20,77,0,0,0,0,24,12,0,0,0,29,96,44,0,12
2021,Bihar,10,Vaishali,224,Vaishali,113,229,15,20,418,1,0,240,40,50,154,0,0,0,388,166,83,0,0,0,61,125,87,2,87
2021,Chandigarh,4,Chandigarh,44,Chandigarh,19,156,46,55,260,2,3,234,1,95,5,0,1,3,67,26,2,0,1,5,136,23,0,0,197
2021,Chhattisgarh,22,Balod,646,Balod,10,104,1,36,41,0,4,156,86,17,4,0,6,1,91,17,7,1,0,3,41,12,3,0,670
2021,Chhattisgarh,22,Baloda Bazar,644,Balodbazar,6,101,2,80,238,0,0,294,147,24,3,0,6,18,0,0,0,0,0,0,0,0,0,0,0
2021,Chhattisgarh,22,Balodabazar-Bhatapara,644,Balodbazar,27,33,0,0,0,0,0,0,0,0,0,0,0,0,167,14,0,0,0,2,19,32,2,0,18
2021,Chhattisgarh,22,Balrampur,649,Balrampur,1,0,0,0,45,0,2,178,128,0,0,0,2,0,0,0,0,0,0,0,0,0,0,0,0
2021,Chhattisgarh,22,Balrampur Ramanujganj,649,Balrampur,52,261,0,48,44,0,2,0,0,26,1,0,8,0,101,6,2,0,1,0,0,9,0,0,643
2021,Chhattisgarh,22,Bastar,374,Jagdalpur,32,184,0,29,36,0,2,164,107,14,2,0,1,2,65,41,17,0,0,0,36,5,0,0,364
2021,Chhattisgarh,22,Bemetara,650,Bemetra,23,115,0,46,95,0,0,165,57,25,5,0,5,1,49,32,3,0,0,12,30,10,0,0,992
2021,Chhattisgarh,22,Bijapur,636,Bizapur,36,38,0,5,20,0,0,30,20,0,0,0,0,0,0,1,0,0,0,0,0,7,0,0,72
2021,Chhattisgarh,22,Bilaspur,375,Bilaspur,56,238,0,111,302,0,0,414,60,126,7,0,13,47,262,24,0,0,0,22,233,83,0,0,0
2021,Chhattisgarh,22,Dakshin Bastar Dantewada,376,Dantewara,27,34,0,4,12,0,2,0,0,4,0,0,0,0,27,13,0,0,0,2,19,11,0,0,3
2021,Chhattisgarh,22,Dantewada,376,Dantewara,0,0,0,0,14,0,1,35,19,0,0,0,0,0,0,0,0,0,0,0,0,0,0,0,0
2021,Chhattisgarh,22,Dhamtari,377,Dhamtari,18,101,0,39,82,0,0,146,74,12,3,0,4,1,51,35,2,0,1,11,25,11,0,0,820
2021,Chhattisgarh,22,Durg,378,Durg,43,212,1,122,420,0,3,489,131,138,5,0,5,108,290,16,0,0,0,18,112,94,0,1,0
2021,Chhattisgarh,22,Gariyaband,645,Gariyaband,20,87,0,31,42,0,0,120,56,4,1,0,1,18,63,47,19,0,1,0,41,3,4,0,36
2021,Chhattisgarh,22,Gaurela Pendra Marwahi,734,Gaurela-Pendra-Marwari,13,41,0,16,24,0,2,0,0,7,0,0,2,0,29,1,0,0,0,0,12,10,1,0,30
2021,Chhattisgarh,22,Gaurella Pendra Marwahi,734,Gaurela-Pendra-Marwari,2,0,0,0,29,0,0,83,33,0,0,0,0,5,0,0,0,0,0,0,0,0,0,0,0
2021,Chhattisgarh,22,Janjgir-Champa,379,Janjgir,67,203,0,109,331,2,0,458,136,56,1,0,3,63,348,5,0,0,0,10,75,35,0,0,14
2021,Chhattisgarh,22,Jashpur,380,Jashpur,57,244,0,32,89,0,16,212,120,9,2,0,5,5,54,0,0,0,0,0,32,26,0,0,75
2021,Chhattisgarh,22,Kabeerdham,382,Kabirdham,19,98,0,78,71,0,0,0,0,25,0,0,3,0,61,16,0,0,0,4,20,12,2,0,146
2021,Chhattisgarh,22,Kabirdham,382,Kabirdham,0,0,0,0,89,0,0,169,61,0,0,0,0,8,0,0,0,0,0,0,0,0,0,0,0
2021,Chhattisgarh,22,Kanker,381,Kanker,2,0,0,0,39,0,1,148,71,0,0,0,1,0,0,0,0,0,0,0,0,0,0,0,0
2021,Chhattisgarh,22,Kondagaon,643,Kondagaon,20,69,0,28,94,2,3,114,57,2,2,0,5,0,0,22,2,2,2,16,17,4,2,0,198
2021,Chhattisgarh,22,Korba,383,Korba,49,173,0,64,177,1,0,237,95,30,4,0,11,15,70,12,0,0,0,14,53,31,0,0,417
2021,Chhattisgarh,22,Korea,384,Koriya,40,170,0,90,129,0,0,181,102,38,1,0,8,8,20,11,2,1,2,2,36,7,0,0,51
2021,Chhattisgarh,22,Mahasamund,385,Mahasamund,25,106,0,21,88,0,0,150,46,12,1,0,0,0,67,0,0,0,0,0,19,14,0,0,91
2021,Chhattisgarh,22,Mungeli,647,Mungali,16,72,0,33,109,0,0,118,49,28,2,0,7,1,96,0,0,0,0,0,28,3,0,0,29
2021,Chhattisgarh,22,Narayanpur,637,Narayanpur,24,41,0,3,9,0,0,35,23,0,0,0,0,0,7,3,1,0,0,2,8,3,0,0,3
2021,Chhattisgarh,22,Raigarh,386,Raigarh,78,190,0,96,160,2,0,323,127,46,7,0,0,14,107,5,0,0,0,4,78,34,0,2,832
2021,Chhattisgarh,22,Raipur,387,Grp Raipur,2,4,0,0,11,0,3,13,4,0,0,0,0,1,9,0,0,0,0,0,1,3,0,0,0
2021,Chhattisgarh,22,Raipur,387,Raipur,74,346,0,160,430,0,0,787,219,149,9,0,9,35,417,91,14,2,0,77,0,83,0,0,386
2021,Chhattisgarh,22,Rajnandgaon,388,Rajnandgaon,54,172,1,79,170,0,0,267,90,52,9,0,7,1,37,12,6,0,0,0,61,26,3,0,30
2021,Chhattisgarh,22,Sukma,642,Sukma,30,28,0,0,15,0,0,31,10,1,0,0,2,0,0,2,0,0,0,0,9,6,1,0,52
2021,Chhattisgarh,22,Surajpur,648,Surajpur,48,216,0,40,71,0,3,222,101,51,0,0,12,18,123,45,8,1,3,2,20,9,6,0,49
2021,Chhattisgarh,22,Surguja,389,Sarguja,69,244,1,61,179,0,10,262,126,60,4,0,8,10,69,16,0,0,0,32,105,34,0,0,54
2021,Chhattisgarh,22,Uttar Bastar Kanker,381,Kanker,28,131,0,26,0,0,1,0,0,8,0,0,3,0,56,11,1,0,1,14,17,8,0,0,388
2021,Delhi,7,Central,77,Central,21,231,0,223,377,6,2,284,57,87,5,1,2,0,251,14,0,0,0,12,169,142,2,0,205
2021,Delhi,7,East,78,East,22,206,0,156,512,4,7,439,67,258,9,1,2,11,111,21,1,0,4,11,174,186,5,0,65
2021,Delhi,7,New Delhi,79,Economic Offences Wing,0,0,0,0,0,0,0,0,0,0,0,0,0,0,0,1,0,0,0,0,120,0,49,0,0
2021,Delhi,7,New Delhi,79,Eow,0,0,0,0,0,0,0,0,0,0,0,0,0,0,0,0,0,0,0,0,0,0,0,0,0
2021,Delhi,7,New Delhi,79,Igi Airport,1,2,0,9,0,0,0,0,0,0,0,0,0,0,2,0,0,0,0,0,56,0,65,1,6
2021,Delhi,7,New Delhi,79,New Delhi,2,31,0,38,45,0,0,46,13,10,0,0,1,0,27,15,1,0,0,0,137,10,39,0,55
2021,Delhi,7,New Delhi,79,Outer North,56,192,0,105,1130,1,46,815,122,253,9,1,7,0,226,18,0,1,2,15,126,206,4,0,113
2021,Delhi,7,New Delhi,79,Railway,3,2,0,2,14,0,2,16,3,0,0,0,0,0,2,0,0,0,0,0,6,2,0,0,12
2021,Delhi,7,New Delhi,79,Spuwac,0,0,0,0,0,0,0,0,0,62,0,0,0,0,0,0,0,0,0,0,0,0,0,0,0
2021,Delhi,7,New Delhi,79,Vigilance,0,0,0,0,0,0,0,0,0,0,0,0,0,0,0,0,0,0,0,0,0,0,0,0,0
2021,Delhi,7,North,80,North,24,118,0,134,489,0,6,280,35,251,4,0,1,1,263,59,20,2,1,15,110,170,1,0,205
2021,Delhi,7,North East,81,North-East,45,247,2,119,875,0,15,674,135,458,26,1,3,0,247,35,3,1,6,14,138,253,0,1,101
2021,Delhi,7,North West,82,Crime Branch,0,0,0,2,0,0,3,1,0,0,0,0,0,0,0,16,6,0,0,0,0,2,28,0,8
2021,Delhi,7,North West,82,Metro,0,0,0,9,0,0,0,0,0,1,0,0,0,0,13,0,0,0,0,0,15,0,0,0,4
2021,Delhi,7,North West,82,North-West,35,274,0,138,569,0,10,472,124,288,3,0,1,0,340,14,0,2,0,14,162,187,6,0,142
2021,Delhi,7,North West,82,Outer,48,226,0,145,914,3,21,663,121,222,13,0,1,0,274,14,1,2,0,13,198,219,3,1,65
2021,Delhi,7,North West,82,Rohini,51,225,0,152,611,0,6,532,123,390,15,1,5,0,181,16,0,0,0,26,132,120,0,0,120
2021,Delhi,7,North West,82,Spl Cell,0,0,0,8,0,0,0,2,3,0,0,0,0,0,2,25,0,0,0,0,0,0,5,0,4
2021,Delhi,7,Shahdara,671,Shahdara,13,147,0,135,351,4,7,326,71,424,9,3,2,13,196,28,2,1,0,21,157,138,1,0,29
2021,Delhi,7,South,83,South,38,259,2,156,549,0,6,436,98,356,14,2,0,1,182,19,0,5,0,23,285,198,3,0,120
2021,Delhi,7,South East,670,South-East,35,362,0,294,806,3,4,656,177,239,18,0,3,0,263,37,0,5,0,40,463,160,4,0,219
2021,Delhi,7,South West,84,Dwarka,44,340,0,338,802,1,4,639,128,793,12,0,7,4,209,55,7,0,2,50,305,150,12,0,76
2021,Delhi,7,South West,84,South-West,20,249,0,147,545,0,0,413,81,179,9,0,2,0,193,26,0,3,0,27,122,72,10,1,68
2021,Delhi,7,West,85,West,30,231,0,177,537,0,19,424,100,464,11,0,5,3,125,14,0,3,0,13,319,144,3,0,191
2021,Goa,30,North Goa,551,Cid,0,6,2,3,0,0,15,6,0,0,0,0,0,0,0,35,13,1,0,8,30,0,1,0,15
2021,Goa,30,North Goa,551,North Goa,10,78,24,68,58,0,7,98,1,1,0,0,1,10,6,11,4,0,0,2,40,18,3,1,9
2021,Goa,30,South Goa,552,South Goa,17,60,21,42,25,0,3,47,1,0,0,0,0,4,7,16,4,0,2,0,22,10,1,0,11
2021,Gujarat,24,Ahmadabad,438,Ahmedabad City,108,461,0,141,209,5,3,691,397,801,0,5,50,13,460,817,327,30,13,49,760,138,118,7,1318
2021,Gujarat,24,Ahmadabad,438,Ahmedabad Rural,26,93,6,15,22,2,0,84,56,15,0,0,12,0,14,2,0,0,0,0,40,29,35,0,3955
2021,Gujarat,24,Ahmadabad,438,Cyber Ahmedabad Range,0,0,0,5,0,0,0,1,1,0,0,0,0,0,0,113,21,23,5,2,21,0,12,0,64
2021,Gujarat,24,Ahmadabad,438,W.Rly Ahmedabad,3,1,0,2,2,0,0,10,2,1,0,0,0,0,0,0,0,0,0,0,0,0,0,0,0
2021,Gujarat,24,Ahmadabad,438,Western Railway Ahmedabad,4,0,0,0,0,0,0,0,0,0,0,0,0,0,6,0,0,0,0,0,4,4,1,0,148
2021,Gujarat,24,Amreli,439,Amreli,21,109,0,19,33,0,0,118,47,56,0,0,17,0,52,29,5,5,0,1,25,9,8,0,1826
2021,Gujarat,24,Anand,440,Anand,32,124,0,21,37,1,0,147,73,41,1,1,9,1,67,61,18,1,2,6,80,16,20,2,1559
2021,Gujarat,24,Arvalli,672,Arvalli,19,42,0,9,52,0,0,46,22,11,0,0,7,0,0,2,0,2,0,0,37,15,7,0,664
2021,Gujarat,24,Banas Kantha,441,Banaskantha,34,125,0,23,83,1,2,125,73,53,0,0,1,0,22,64,11,8,0,0,84,30,41,4,1195
2021,Gujarat,24,Bharuch,442,Bharuch,46,84,0,12,63,0,2,127,63,42,0,1,12,3,35,64,19,1,0,2,59,22,27,0,1306
2021,Gujarat,24,Bhavnagar,443,Bhavnagar,36,126,0,17,37,2,0,124,89,75,1,0,19,1,42,34,13,0,0,4,47,13,11,0,5996
2021,Gujarat,24,Bhavnagar,443,Cyber Bhavnagar Range,0,0,0,0,0,0,0,0,0,0,0,0,0,0,1,17,6,2,1,1,0,0,0,0,7
2021,Gujarat,24,Botad,676,Botad,12,40,0,4,15,0,0,51,33,3,0,0,7,0,20,5,0,0,0,7,9,1,7,0,86
2021,Gujarat,24,Chhotaudepur,668,Chhotaudepur,25,129,0,10,16,0,0,118,89,4,0,0,6,2,32,20,2,1,0,0,16,2,5,0,171
2021,Gujarat,24,Dang,444,Dang,2,6,0,0,0,0,0,4,4,0,0,0,0,0,2,0,0,0,0,0,2,1,3,0,0
2021,Gujarat,24,Devbhumi Dwarka,674,Devbhumi Dwarka,12,37,0,5,21,0,0,46,15,38,0,0,6,0,28,12,1,1,1,8,3,3,9,0,344
2021,Gujarat,24,Dohad,445,Dahod,23,171,1,11,67,3,0,158,90,3,1,0,11,0,44,44,18,0,2,7,44,35,10,0,238
2021,Gujarat,24,Gandhinagar,446,Cid Crime,1,0,0,0,0,0,0,0,0,0,0,0,0,0,0,33,10,0,1,0,37,0,4,0,16
2021,Gujarat,24,Gandhinagar,446,Cyber Gandhinagar Range,0,0,0,1,0,0,0,2,0,0,0,0,0,0,0,20,5,2,1,2,10,0,1,0,8
2021,Gujarat,24,Gandhinagar,446,Gandhinagar,24,110,0,14,51,0,0,136,77,36,0,0,8,0,36,73,27,4,4,1,109,31,5,0,1040
2021,Gujarat,24,Gir Somnath,675,Gir Somnath,14,50,0,7,18,0,0,43,12,19,0,2,5,0,27,2,1,0,0,0,20,3,5,0,892
2021,Gujarat,24,Jamnagar,447,Jamnagar,26,86,0,11,38,0,0,104,32,29,0,0,9,0,11,10,2,2,0,0,20,11,7,1,4956
2021,Gujarat,24,Junagadh,448,Cyber Junagadh Range,0,0,0,0,0,0,0,1,2,0,0,0,0,0,0,177,61,5,0,9,118,0,12,0,76
2021,Gujarat,24,Junagadh,448,Junagadh,14,78,0,11,27,0,0,81,45,85,1,1,9,0,39,7,2,0,0,1,43,6,4,0,442
2021,Gujarat,24,Kachchh,449,Cyber Border Range,0,0,0,0,0,0,0,0,0,0,0,0,0,0,0,4,2,0,0,0,4,0,0,0,2
2021,Gujarat,24,Kachchh,449,Kachchh East(G),32,76,0,21,52,0,2,83,24,63,0,0,6,0,0,6,0,0,0,4,84,30,0,0,78
2021,Gujarat,24,Kachchh,449,Kachchh West(B),18,79,0,31,36,1,0,103,43,63,0,0,11,1,8,8,0,5,0,3,79,21,15,0,3279
2021,Gujarat,24,Kheda,450,Kheda,26,74,0,15,57,0,2,89,68,30,0,0,12,0,17,8,0,0,0,8,32,8,10,0,272
2021,Gujarat,24,Mahesana,451,Mehsana,28,107,0,13,34,0,0,133,92,64,0,0,14,0,28,8,0,3,0,0,62,23,10,0,3722
2021,Gujarat,24,Mahisagar,669,Mahisagar,13,53,0,17,14,0,0,74,33,12,0,0,14,0,8,2,0,1,0,1,15,1,7,0,1845
2021,Gujarat,24,Morbi,673,Morbi,41,60,0,3,25,0,0,71,45,8,1,0,3,0,41,0,0,0,0,0,12,13,5,2,1255
2021,Gujarat,24,Narmada,452,Narmada,16,63,0,9,3,0,0,55,48,3,0,0,5,0,36,12,5,0,0,1,17,5,12,0,495
2021,Gujarat,24,Navsari,453,Navsari,10,21,0,5,7,0,1,36,20,9,0,0,3,2,24,11,3,2,0,0,18,3,13,0,65
2021,Gujarat,24,Panch Mahals,454,Cyber Panchmahal Range,0,0,0,0,0,0,0,0,0,0,0,0,0,0,0,26,5,0,0,0,10,0,16,0,13
2021,Gujarat,24,Panch Mahals,454,Panchmahal,26,86,0,11,34,0,0,76,62,40,0,0,26,0,30,5,0,0,0,7,17,7,15,0,1524
2021,Gujarat,24,Patan,455,Patan,15,88,1,21,20,1,0,83,60,34,0,0,10,0,37,38,12,0,1,6,37,26,20,1,2358
2021,Gujarat,24,Porbandar,456,Porbandar,9,27,0,4,5,0,0,31,18,5,0,0,3,0,13,1,0,1,0,0,4,0,2,0,4
2021,Gujarat,24,Rajkot,457,Cyber Rajkot Range,0,0,0,0,0,0,0,0,0,0,0,0,0,0,0,1,0,0,0,1,0,0,0,0,0
2021,Gujarat,24,Rajkot,457,Rajkot City,36,87,0,14,36,1,0,128,60,110,0,0,17,4,54,45,4,8,6,3,51,18,23,11,5734
2021,Gujarat,24,Rajkot,457,Rajkot Rural,34,129,0,20,15,0,0,125,92,65,0,0,7,0,21,17,7,1,0,1,37,9,9,0,7375
2021,Gujarat,24,Sabar Kantha,458,Sabarkantha,23,121,0,25,45,2,0,126,70,64,0,0,9,0,46,90,36,0,1,2,136,12,36,0,537
2021,Gujarat,24,Surat,459,Cyber Surat Range,0,0,0,0,0,0,0,5,0,0,0,0,0,0,0,10,1,0,0,6,2,0,0,0,3
2021,Gujarat,24,Surat,459,Surat City,131,266,0,44,245,6,8,479,189,274,4,0,18,0,426,483,137,109,32,0,595,49,100,0,21930
2021,Gujarat,24,Surat,459,Surat Rural,37,68,0,9,29,0,0,82,54,10,1,1,7,0,53,7,0,1,0,7,28,18,34,4,4766
2021,Gujarat,24,Surendranagar,460,Surendranagar,33,105,0,15,23,0,0,88,55,10,0,0,8,0,27,44,16,2,0,3,30,24,13,0,89
2021,Gujarat,24,Tapi,641,Tapi,10,19,0,2,5,0,0,32,20,2,1,0,0,1,16,10,0,1,1,2,4,6,7,0,2574
2021,Gujarat,24,Vadodara,461,Cyber Vadodara Range,0,0,0,0,0,0,0,0,0,0,0,0,0,0,0,4,2,0,0,0,4,0,0,0,2
2021,Gujarat,24,Vadodara,461,Vadodara City,16,132,0,33,45,1,0,112,70,62,1,0,11,0,84,94,37,7,0,9,146,19,26,4,2746
2021,Gujarat,24,Vadodara,461,Vadodara Rural,27,132,0,41,26,0,0,168,101,16,0,0,9,1,49,34,13,0,0,2,66,10,43,0,186
2021,Gujarat,24,Vadodara,461,W.Rly Vadodara,2,2,0,2,1,0,0,5,1,1,0,0,1,0,0,0,0,0,0,0,0,0,0,0,0
2021,Gujarat,24,Vadodara,461,Western Railway Vadodara,9,1,0,0,0,0,0,0,0,0,0,0,0,0,12,0,0,0,0,0,2,5,4,0,465
2021,Gujarat,24,Valsad,462,Valsad,21,53,0,13,52,3,4,114,34,14,2,1,10,0,36,40,7,1,2,13,25,5,82,2,1831
2021,Haryana,6,Ambala,58,Ambala,30,168,1,94,150,4,6,214,96,258,4,0,7,0,34,12,0,7,0,2,93,26,47,0,343
2021,Haryana,6,Ambala,58,Grp,14,0,0,4,3,0,0,13,2,0,3,0,4,0,14,0,0,0,0,0,0,2,0,0,95
2021,Haryana,6,Bhiwani,59,Bhiwani,37,148,13,129,36,0,0,181,84,400,15,0,10,0,47,15,0,4,0,9,32,25,13,2,187
2021,Haryana,6,Charki Dadri,701,Charkhi Dadri,22,47,2,36,17,0,0,74,38,83,10,0,3,0,19,0,0,0,0,0,4,3,4,1,41
2021,Haryana,6,Faridabad,60,Faridabad,78,408,10,139,308,4,17,746,191,452,38,0,18,3,177,78,8,0,1,9,182,23,106,0,1059
2021,Haryana,6,Fatehabad,61,Fatehabad,24,117,0,51,23,0,0,192,59,120,5,0,8,0,77,10,0,1,0,6,58,17,0,1,196
2021,Haryana,6,Gurugram,62,Gurugram,92,597,8,296,123,3,0,584,196,346,18,2,22,1,62,119,0,10,0,56,279,80,6,4,917
2021,Haryana,6,Gurugram,62,Irrigation And Power,0,0,0,0,0,0,0,0,0,0,0,0,0,0,0,0,0,0,0,0,0,0,0,0,828
2021,Haryana,6,Gurugram,62,Irrigation Andpower,0,0,0,0,0,0,0,0,0,0,0,0,0,0,0,0,0,0,0,0,0,0,0,0,0
2021,Haryana,6,Hisar,63,Hansi,18,69,3,58,15,0,1,119,58,98,7,0,3,0,46,20,1,1,4,0,67,13,0,0,135
2021,Haryana,6,Hisar,63,Hissar,57,269,2,335,31,5,0,305,147,308,8,0,10,1,59,88,4,3,2,0,50,52,2,0,643
2021,Haryana,6,Jhajjar,64,Jhajjar,85,116,9,222,107,4,0,151,92,338,24,0,11,0,48,16,0,0,0,23,60,122,30,3,218
2021,Haryana,6,Jind,65,Jind,61,129,7,90,59,1,0,190,95,168,15,2,11,3,54,49,10,0,2,16,76,64,20,3,216
2021,Haryana,6,Kaithal,66,Kaithal,50,123,4,77,155,0,0,153,58,165,4,0,13,3,41,58,7,1,0,2,61,32,35,5,54
2021,Haryana,6,Karnal,67,Karnal,69,343,44,248,84,0,5,424,161,369,6,0,17,7,54,29,0,10,0,25,296,20,59,1,620
2021,Haryana,6,Kurukshetra,68,Kurukshetra,15,259,15,210,177,1,0,181,85,266,6,0,5,0,58,12,0,0,0,0,0,16,16,0,637
2021,Haryana,6,Mahendragarh,69,Mahendergarh,25,94,3,98,38,1,0,75,51,116,9,0,5,0,14,14,0,2,0,11,66,15,29,1,636
2021,Haryana,6,Nuh,604,Nuh,32,187,6,43,34,3,2,121,78,107,21,0,1,0,30,8,0,3,0,2,49,15,24,3,425
2021,Haryana,6,Palwal,619,Palwal,67,155,7,92,36,0,0,179,80,267,25,0,0,0,28,133,42,36,0,10,2,11,42,0,551
2021,Haryana,6,Panchkula,70,Panchkula,17,127,6,60,111,0,0,195,55,149,4,0,1,0,10,14,0,4,0,4,152,20,0,0,151
2021,Haryana,6,Panipat,71,Panipat,72,418,23,193,595,2,1,601,153,390,14,0,10,16,101,52,7,1,4,10,91,2,22,0,1485
2021,Haryana,6,Rewari,72,Rewari,46,183,5,110,28,0,0,127,96,126,11,0,7,0,28,15,2,1,3,4,15,23,13,1,389
2021,Haryana,6,Rohtak,73,Rohtak,72,182,14,186,213,0,8,290,109,256,13,0,10,0,75,23,0,6,0,8,118,118,0,1,229
2021,Haryana,6,Sirsa,74,Sirsa,33,150,3,65,53,0,0,153,87,244,7,1,8,0,47,1,0,0,0,0,74,35,18,0,272
2021,Haryana,6,Sonipat,75,Sonipat,115,240,23,176,138,0,2,154,85,437,16,1,20,0,69,13,1,4,0,4,60,110,1,0,483
2021,Haryana,6,Yamunanagar,76,Yamunanagar,35,363,27,160,256,2,0,278,125,295,10,0,8,1,35,34,0,2,0,35,215,3,0,2,191
2021,Himachal Pradesh,2,Bilaspur,15,Bilaspur,3,34,12,54,41,0,0,40,0,13,0,0,7,0,15,2,1,0,0,0,26,0,0,0,50
2021,Himachal Pradesh,2,Chamba,16,Chamba,6,65,11,54,19,0,0,38,0,16,1,0,3,0,4,1,0,1,0,0,19,0,0,0,10
2021,Himachal Pradesh,2,Hamirpur,17,Hamirpur,0,37,3,62,30,0,0,36,0,18,0,0,5,0,3,2,0,0,0,4,4,0,3,0,0
2021,Himachal Pradesh,2,Kangra,18,Kangra,14,169,25,111,64,0,0,101,0,32,0,0,13,0,12,5,0,0,0,8,35,6,10,0,12
2021,Himachal Pradesh,2,Kinnaur,19,Kinnaur,2,14,6,4,8,0,0,18,0,1,0,0,0,0,5,0,0,0,0,0,3,0,1,0,6
2021,Himachal Pradesh,2,Kullu,20,Kullu,6,36,12,33,31,0,0,40,4,10,0,0,2,0,22,33,6,0,9,5,17,0,1,1,31
2021,Himachal Pradesh,2,Lahul And Spiti,21,Lahaul And Spiti,0,2,0,0,1,0,0,4,1,0,0,0,0,0,2,0,0,0,0,0,0,0,0,0,0
2021,Himachal Pradesh,2,Lahul And Spiti,21,Lahaul Andspiti,0,0,1,1,0,0,0,0,0,1,0,0,0,0,0,0,0,0,0,0,0,0,0,0,0
2021,Himachal Pradesh,2,Mandi,22,Mandi,14,163,30,109,58,0,0,105,3,37,1,0,6,1,55,7,0,3,0,5,0,0,2,1,16
2021,Himachal Pradesh,2,Shimla,23,Cid,0,0,0,0,0,0,0,0,0,0,0,0,0,0,0,0,0,0,0,0,1,0,0,0,0
2021,Himachal Pradesh,2,Shimla,23,Cyber,0,0,0,0,0,0,0,0,0,0,0,0,0,0,0,4,0,1,0,1,0,0,0,0,0
2021,Himachal Pradesh,2,Shimla,23,Grp,1,0,0,0,0,0,0,0,0,0,0,0,0,0,0,0,0,0,0,0,0,0,0,0,0
2021,Himachal Pradesh,2,Shimla,23,Shimla,9,161,38,65,66,0,0,111,0,19,0,0,2,0,32,4,0,2,0,0,45,0,2,0,60
2021,Himachal Pradesh,2,Sirmaur,24,Sirmaur,3,104,37,68,55,0,0,87,3,30,0,0,2,0,32,15,0,0,0,8,29,0,0,4,1
2021,Himachal Pradesh,2,Solan,25,Baddi,13,63,21,31,50,0,2,62,0,16,0,0,7,0,28,5,0,0,0,6,21,2,3,1,20
2021,Himachal Pradesh,2,Solan,25,Solan,8,32,7,33,69,0,0,49,0,9,0,0,1,0,16,4,0,2,0,0,28,1,6,1,19
2021,Himachal Pradesh,2,Una,26,Una,12,32,13,26,35,0,0,49,2,20,0,0,4,0,16,4,0,0,0,7,28,2,0,0,3
2021,Jammu And Kashmir,1,Anantnag,1,Anantnag,8,35,0,113,75,0,0,54,27,12,2,0,2,0,0,3,0,0,0,0,30,4,0,0,8
2021,Jammu And Kashmir,1,Bandipora,623,Bandipora,4,29,0,43,28,0,2,12,12,6,0,1,1,0,0,0,0,0,0,0,8,1,0,0,0
2021,Jammu And Kashmir,1,Baramulla,3,Baramulla,5,36,0,124,84,0,3,40,10,35,0,0,0,0,0,5,0,0,0,0,36,8,1,0,6
2021,Jammu And Kashmir,1,Baramulla,3,Sopore,4,17,2,118,74,0,0,35,4,9,0,0,1,0,41,2,0,0,0,4,10,4,0,0,9
2021,Jammu And Kashmir,1,Budgam,2,Budgam,5,64,0,217,70,0,0,31,30,17,0,0,2,0,35,3,0,0,0,0,22,14,12,0,0
2021,Jammu And Kashmir,1,Doda,4,Doda,6,26,0,28,35,0,0,11,11,36,0,0,0,0,0,2,0,0,1,0,7,0,0,0,15
2021,Jammu And Kashmir,1,Ganderbal,626,Ganderbal,2,21,0,73,28,0,0,33,12,17,2,0,0,0,59,7,0,0,3,1,17,0,0,0,4
2021,Jammu And Kashmir,1,Jammu,5,Anti Narcotic Task Force Jammu,0,0,0,0,0,0,0,0,0,0,0,0,0,0,0,0,0,0,0,0,0,0,0,0,0
2021,Jammu And Kashmir,1,Jammu,5,Crime Jammu,0,0,0,0,0,0,0,0,0,0,0,0,0,0,0,20,8,0,0,0,30,0,0,0,12
2021,Jammu And Kashmir,1,Jammu,5,Crime Srinagar,0,0,0,0,0,0,0,0,0,0,0,0,0,0,0,0,0,0,0,0,0,0,0,0,0
2021,Jammu And Kashmir,1,Jammu,5,Cyber Crime Jammu,0,0,0,0,0,0,0,2,0,0,0,0,0,0,0,39,0,1,0,6,0,0,0,0,0
2021,Jammu And Kashmir,1,Jammu,5,Cyber Crime Kashmir,0,0,0,0,0,0,0,1,0,0,0,0,0,0,0,27,0,3,0,5,0,0,0,0,0
2021,Jammu And Kashmir,1,Jammu,5,Jammu,18,123,0,109,216,0,0,138,34,109,7,0,10,0,16,8,0,0,0,0,0,3,111,0,688
2021,Jammu And Kashmir,1,Jammu,5,Railways Jammu,0,0,0,0,0,0,0,0,0,0,0,0,0,0,0,0,0,0,0,0,0,0,0,0,0
2021,Jammu And Kashmir,1,Jammu,5,Railways Kashmir,0,0,0,0,0,0,0,0,0,0,0,0,0,0,0,0,0,0,0,0,0,0,0,0,2
2021,Jammu And Kashmir,1,Kathua,7,Kathua,6,30,0,22,66,0,0,49,17,23,3,0,0,0,33,7,0,0,1,1,0,0,1,0,198
2021,Jammu And Kashmir,1,Kishtwar,620,Kishtwar,4,12,0,16,30,0,0,16,5,5,0,0,1,0,26,9,0,0,0,1,10,0,0,0,46
2021,Jammu And Kashmir,1,Kulgam,622,Kulgam,5,56,0,191,39,0,0,10,10,15,0,0,0,0,0,0,0,0,0,0,18,15,0,0,165
2021,Jammu And Kashmir,1,Kupwara,8,Handwara,1,3,4,30,44,0,0,30,4,7,0,0,0,0,4,1,0,0,0,0,12,1,0,0,27
2021,Jammu And Kashmir,1,Kupwara,8,Kupwara,2,50,0,152,50,0,0,15,14,31,0,0,1,0,0,0,0,0,0,0,13,0,0,0,37
2021,Jammu And Kashmir,1,Poonch,10,Poonch,10,53,2,76,51,0,0,55,7,12,0,1,1,0,26,7,0,2,0,3,10,1,7,0,4
2021,Jammu And Kashmir,1,Pulwama,11,Awantipora,0,10,0,42,22,0,1,11,8,9,0,0,0,0,5,0,0,0,0,0,12,3,0,0,70
2021,Jammu And Kashmir,1,Pulwama,11,Pulwama,3,26,0,54,32,0,0,21,11,4,0,0,0,0,0,0,0,0,0,0,14,6,0,0,1
2021,Jammu And Kashmir,1,Rajouri,12,Rajouri,15,70,1,64,93,0,0,52,9,54,2,0,4,0,41,9,0,1,0,5,22,0,8,0,37
2021,Jammu And Kashmir,1,Ramban,621,Ramban,1,27,0,29,24,0,0,19,12,19,0,0,0,0,13,14,2,0,0,0,5,0,0,0,119
2021,Jammu And Kashmir,1,Reasi,627,Railways Katra,0,0,0,0,0,0,0,0,0,0,0,0,0,0,0,0,0,0,0,0,0,0,0,0,1
2021,Jammu And Kashmir,1,Reasi,627,Reasi,8,30,0,23,48,0,0,35,6,0,0,0,0,0,1,4,0,0,2,0,9,0,0,0,33
2021,Jammu And Kashmir,1,Samba,624,Samba,2,26,0,11,26,0,0,29,7,14,4,0,3,0,15,0,0,0,0,0,12,0,12,0,18
2021,Jammu And Kashmir,1,Shopian,625,Shopian,1,12,0,69,46,0,0,21,6,4,0,1,0,0,0,0,0,0,0,0,9,7,0,0,53
2021,Jammu And Kashmir,1,Srinagar,13,Crime Srinagar,0,0,0,0,0,0,0,0,0,0,0,0,0,0,0,9,0,0,0,0,0,0,0,0,0
2021,Jammu And Kashmir,1,Srinagar,13,Srinagar,23,48,4,204,134,0,0,81,18,41,0,0,3,0,78,4,0,0,0,0,2,39,53,1,101
2021,Jammu And Kashmir,1,Udhampur,14,Udhampur,10,45,3,53,53,0,0,44,20,23,0,0,0,0,61,0,0,0,0,0,7,1,0,0,23
2021,Jharkhand,20,Bokaro,322,Bokaro,57,269,49,54,107,0,0,108,49,91,144,0,0,0,0,0,0,0,0,0,144,20,0,0,214
2021,Jharkhand,20,Chatra,323,Chatra,46,99,20,26,28,3,4,59,54,14,48,0,0,0,0,17,0,0,0,0,39,33,10,0,205
2021,Jharkhand,20,Deoghar,324,Deoghar,72,124,26,109,27,1,0,114,25,27,96,0,0,0,0,119,0,0,0,6,59,51,24,0,420
2021,Jharkhand,20,Dhanbad,325,Dhanbad,71,262,86,85,84,4,4,168,109,47,166,0,0,0,2,70,0,66,0,0,12,68,58,0,732
2021,Jharkhand,20,Dhanbad,325,Dhanbad Railway,3,0,1,0,1,0,0,2,0,0,0,0,0,0,0,2,1,0,0,0,1,1,0,0,1
2021,Jharkhand,20,Dumka,326,Dumka,57,134,1,63,44,6,8,75,38,16,45,0,0,0,0,35,0,29,1,0,20,26,4,0,89
2021,Jharkhand,20,East Singhbum,327,Jamshedpur,89,232,6,66,154,0,0,46,46,94,193,0,18,0,0,76,0,47,0,0,375,144,80,3,53
2021,Jharkhand,20,East Singhbum,327,Jamshedpur Railway,2,0,0,2,2,0,4,3,0,0,0,0,0,0,6,0,0,0,0,0,0,3,0,0,0
2021,Jharkhand,20,Garhwa,328,Garhwa,102,157,14,146,26,3,3,162,69,53,98,0,9,0,0,17,0,5,0,0,70,29,17,0,106
2021,Jharkhand,20,Giridih,329,Giridih,78,145,0,162,38,1,18,66,5,64,132,0,0,0,0,33,0,18,0,0,93,30,15,0,488
2021,Jharkhand,20,Godda,330,Godda,56,162,39,92,76,0,3,41,0,39,221,0,0,0,0,15,0,8,0,2,90,13,0,0,801
2021,Jharkhand,20,Gumla,331,Gumla,135,188,31,9,57,3,42,156,31,13,16,0,0,21,49,42,19,0,0,6,17,10,33,0,79
2021,Jharkhand,20,Hazaribagh,332,Hazaribagh,92,290,56,45,79,4,2,154,55,71,226,0,1,0,1,173,60,5,18,0,259,34,101,0,80
2021,Jharkhand,20,Jamtara,333,Jamtara,28,50,4,28,11,2,0,29,20,18,39,0,2,0,0,76,0,66,0,0,11,11,5,0,26
2021,Jharkhand,20,Khunti,606,Khunti,61,62,0,4,0,0,20,20,20,5,10,0,0,0,0,12,0,4,0,0,0,12,0,0,92
2021,Jharkhand,20,Koderma,334,Koderma,25,34,4,43,28,12,0,54,22,38,28,0,0,0,0,31,12,2,0,0,42,6,18,0,33
2021,Jharkhand,20,Latehar,335,Latehar,44,103,3,50,8,2,13,70,41,16,39,0,4,0,0,40,0,1,1,5,49,12,9,0,25
2021,Jharkhand,20,Lohardaga,336,Lohardagga,22,80,0,5,0,0,6,20,20,16,16,0,0,0,0,0,0,0,0,0,30,6,0,0,21
2021,Jharkhand,20,Pakur,337,Pakur,36,110,55,16,27,0,0,62,0,24,67,0,0,0,0,12,0,0,0,0,24,3,4,0,419
2021,Jharkhand,20,Palamu,338,Palamu,87,130,8,142,54,7,0,140,50,102,109,0,0,0,0,34,0,6,0,6,66,48,38,0,0
2021,Jharkhand,20,Ramgarh,607,Ramgarh,28,60,2,14,13,1,0,24,16,7,53,0,0,0,17,54,0,32,4,6,82,21,18,0,34
2021,Jharkhand,20,Ranchi,339,Ranchi,163,447,3,63,15,1,7,38,30,138,148,0,0,0,0,160,0,71,0,0,133,174,0,0,467
2021,Jharkhand,20,Sahebganj,340,Sahebganj,48,104,0,133,12,2,11,78,46,83,101,0,0,0,0,17,0,0,0,0,69,12,0,0,350
2021,Jharkhand,20,Saraikela Kharsawan,341,Saraikela,54,57,0,17,34,2,0,68,32,12,61,0,0,0,0,32,0,17,0,3,80,22,6,0,7
2021,Jharkhand,20,Simdega,342,Simdega,38,62,1,3,14,0,33,12,0,16,1,0,0,0,0,6,0,0,0,0,12,8,0,0,0
2021,Jharkhand,20,West Singhbhum,343,Chaibasa,109,205,45,15,10,0,6,98,45,9,29,0,6,0,0,0,0,0,0,0,20,20,10,0,82
2021,Karnataka,29,Bagalkote,524,Bagalkot,40,51,0,153,33,3,0,124,42,38,31,0,4,0,0,20,0,1,0,8,82,15,8,0,80
2021,Karnataka,29,Ballari,528,Ballari,42,103,0,144,73,1,0,230,99,99,73,0,8,1,18,59,0,0,0,13,133,25,9,4,553
2021,Karnataka,29,Belagavi,527,Belagavi City,23,42,0,31,39,0,0,107,32,84,8,0,8,4,14,25,0,1,0,3,99,26,5,2,8
2021,Karnataka,29,Belagavi,527,Belagavi District,103,143,0,319,51,3,0,209,108,115,23,0,20,1,19,25,0,1,0,18,82,36,46,1,273
2021,Karnataka,29,Belagavi,527,K.G.F.,16,27,0,19,13,0,2,34,18,11,12,0,2,0,7,53,0,1,0,2,9,12,6,0,8
2021,Karnataka,29,Bengaluru Urban,525,Bengaluru City,170,546,0,604,1324,27,9,1342,397,429,762,1,57,2,188,6423,0,1235,0,202,2050,541,120,131,730
2021,Karnataka,29,Bengaluru Urban,525,Bengaluru District,56,84,0,124,161,7,0,298,88,94,40,0,9,20,17,85,0,3,0,15,322,121,19,0,38
2021,Karnataka,29,Bengaluru Urban,525,K.Railways,19,3,0,4,1,0,0,5,2,0,0,0,0,0,0,0,0,0,0,0,5,43,2,0,8
2021,Karnataka,29,Bidar,529,Bidar,44,42,0,39,35,0,1,129,41,68,29,0,7,2,16,6,0,3,0,1,41,39,5,0,76
2021,Karnataka,29,Chamarajanagara,531,Chamarajnagar,22,49,0,161,18,0,0,94,48,22,27,0,5,0,14,10,0,1,0,4,23,7,9,0,19
2021,Karnataka,29,Chikkaballapura,630,Chikkaballapura,52,163,0,98,38,3,0,310,159,54,26,1,8,7,16,47,0,1,0,2,80,31,7,2,44
2021,Karnataka,29,Chikkamagaluru,532,Chikkamagaluru,27,126,0,165,112,0,0,219,120,62,11,0,9,1,2,68,0,36,0,4,53,28,13,1,115
2021,Karnataka,29,Chitradurga,533,Chitradurga,27,62,0,294,103,0,2,201,78,59,27,0,0,0,0,22,0,3,0,2,68,37,8,1,72
2021,Karnataka,29,Dakshina Kannada,534,Dakshina Kannada,10,62,0,56,25,0,0,164,59,20,12,0,4,0,0,58,0,24,0,42,36,8,2,2,83
2021,Karnataka,29,Dakshina Kannada,534,Mangaluru City,16,54,0,63,22,0,7,142,62,17,15,0,8,0,5,112,0,78,5,32,89,53,13,10,543
2021,Karnataka,29,Davangere,535,Davanagere,38,97,0,155,102,4,0,203,86,69,94,0,5,0,0,71,0,70,0,1,98,44,12,0,40
2021,Karnataka,29,Dharwad,536,Dharwad,20,29,0,35,17,1,2,57,26,24,4,0,0,0,0,3,0,0,0,3,27,16,0,0,22
2021,Karnataka,29,Dharwad,536,Hubballi Dharwad City,16,54,0,56,33,1,2,72,39,62,0,0,4,0,29,169,0,27,0,17,79,53,17,5,226
2021,Karnataka,29,Gadag,537,Gadag,11,49,0,49,37,1,0,58,18,19,6,0,5,0,0,15,0,0,0,0,25,6,2,0,18
2021,Karnataka,29,Hassan,539,Hassan,54,138,0,222,124,0,0,252,138,49,84,0,3,0,8,46,0,3,0,2,107,74,7,6,526
2021,Karnataka,29,Haveri,540,Haveri,26,88,0,63,23,0,0,209,78,37,22,0,4,0,13,65,0,0,0,0,68,19,4,2,151
2021,Karnataka,29,Kalaburagi,538,Kalaburgi,46,76,0,125,39,2,0,119,55,74,18,0,5,0,27,6,0,3,0,2,17,8,2,0,68
2021,Karnataka,29,Kalaburagi,538,Kalaburgi City,41,61,1,49,34,1,0,74,32,89,97,0,1,1,0,12,0,0,0,0,58,35,8,2,405
2021,Karnataka,29,Kodagu,541,Kodagu,19,51,0,44,38,0,0,106,65,31,4,0,2,0,0,41,0,0,0,2,34,13,9,1,142
2021,Karnataka,29,Kolar,542,Kolar,28,67,0,81,44,0,0,123,61,15,40,0,9,2,13,36,0,29,0,6,66,34,13,0,73
2021,Karnataka,29,Koppal,543,Koppal,14,57,0,82,30,0,0,79,40,52,4,0,13,0,0,15,0,1,0,6,35,16,2,0,218
2021,Karnataka,29,Mandya,544,Mandya,55,81,0,320,122,1,0,293,94,75,57,0,7,0,29,31,0,0,0,13,105,52,11,4,427
2021,Karnataka,29,Mysuru,545,Mysuru City,25,50,0,56,60,2,2,146,42,33,88,0,12,0,8,110,0,90,0,6,151,77,13,0,11
2021,Karnataka,29,Mysuru,545,Mysuru District,61,98,0,232,80,0,0,289,104,93,11,0,5,15,11,48,0,5,0,15,113,55,6,4,247
2021,Karnataka,29,Raichur,546,Raichur,42,101,0,228,45,0,0,123,50,88,71,0,9,0,0,21,0,1,0,6,104,8,4,2,169
2021,Karnataka,29,Ramanagara,631,Ramanagara,58,93,1,166,79,2,0,256,95,56,53,0,11,1,0,82,0,71,0,16,166,54,9,0,70
2021,Karnataka,29,Shivamogga,547,Shimoga,39,148,0,296,156,1,0,256,143,67,89,0,19,1,17,90,0,49,0,17,162,77,7,3,12
2021,Karnataka,29,Tumakuru,548,Tumakuru,78,99,0,158,119,0,0,499,107,50,103,0,20,57,49,154,6,0,0,4,137,96,36,4,32
2021,Karnataka,29,Udupi,549,Udupi,11,51,0,61,27,0,0,96,58,28,15,0,2,0,3,44,0,28,0,19,88,11,10,2,373
2021,Karnataka,29,Uttara Kannada,550,Uttara Kannada,20,50,0,142,36,0,0,118,50,19,18,0,6,2,11,44,0,23,0,20,14,15,17,1,122
2021,Karnataka,29,Vijayapura,530,Vijayapura,83,60,1,142,54,0,0,136,50,93,12,0,13,0,31,24,0,10,0,10,40,17,8,1,371
2021,Karnataka,29,Yadgir,635,Yadgiri,22,78,0,143,27,0,0,89,46,41,17,0,4,0,19,7,0,5,0,2,32,3,1,1,39
2021,Kerala,32,Alappuzha,554,Alapuzha,25,164,3,321,21,0,0,236,151,266,2,0,2,8,14,15,2,1,0,10,261,71,11,0,111
2021,Kerala,32,Ernakulam,555,Ernakulam Commissionerate,10,195,3,210,10,0,0,0,0,177,2,1,0,0,12,112,13,2,10,5,398,46,32,0,207
2021,Kerala,32,Ernakulam,555,Ernakulam Commr.,1,0,0,32,9,0,0,138,57,0,0,0,0,17,0,0,0,0,0,0,0,0,0,0,0
2021,Kerala,32,Ernakulam,555,Ernakulam Rural,23,157,3,413,38,2,91,229,82,318,1,0,0,3,8,18,0,0,0,8,294,65,43,1,114
2021,Kerala,32,Idukki,556,Idukki,21,200,0,246,15,4,0,286,184,114,0,0,0,3,7,12,0,3,0,11,151,14,17,0,97
2021,Kerala,32,Kannur,557,Kannur City,15,63,0,114,9,0,5,115,87,197,1,0,0,2,13,25,0,2,0,15,119,19,9,0,200
2021,Kerala,32,Kannur,557,Kannur Rural,15,57,0,91,2,0,9,122,90,150,0,0,4,5,1,3,0,0,0,4,95,10,24,0,88
2021,Kerala,32,Kasaragod,558,Kasargod,13,131,0,205,17,0,3,216,114,212,0,0,4,19,12,57,24,0,1,0,111,27,12,0,154
2021,Kerala,32,Kollam,559,Kollam Commissionerate,13,100,0,197,3,0,38,0,0,281,2,0,2,0,33,29,0,5,0,15,159,31,15,0,75
2021,Kerala,32,Kollam,559,Kollam Commr.,2,0,0,0,4,0,19,151,108,0,0,0,0,0,0,0,0,0,0,0,0,0,0,0,0
2021,Kerala,32,Kollam,559,Kollam Rural,31,167,2,317,8,0,1,261,207,236,1,1,2,4,4,47,10,4,1,8,175,34,13,0,288
2021,Kerala,32,Kottayam,560,Kottayam,25,163,3,271,27,0,0,214,119,175,2,0,0,8,18,7,0,1,0,9,231,54,19,0,271
2021,Kerala,32,Kozhikode,561,Kozhikode Commissionerate,5,115,1,194,22,0,4,0,0,323,0,0,0,0,19,64,10,2,7,5,241,66,19,2,218
2021,Kerala,32,Kozhikode,561,Kozhikode Commr.,1,0,0,26,19,0,1,162,62,0,0,0,0,23,0,0,0,0,0,0,0,0,0,0,0
2021,Kerala,32,Kozhikode,561,Kozhikode Rural,16,127,1,330,46,1,0,208,87,396,0,0,0,5,8,13,0,1,0,17,148,30,15,0,86
2021,Kerala,32,Malappuram,562,Malappuram,16,301,0,527,51,0,0,559,252,664,0,0,4,24,34,77,1,1,3,87,243,50,22,0,381
2021,Kerala,32,Palakkad,563,Palakkad,26,233,0,323,44,0,6,309,151,365,2,1,5,0,14,42,6,0,0,58,221,62,24,0,104
2021,Kerala,32,Pathanamthitta,564,Pathanamthitta,15,124,7,178,9,0,0,171,132,130,33,0,0,2,22,6,0,1,0,8,520,30,9,0,55
2021,Kerala,32,Thiruvananthapuram,565,Crime Branch,0,5,0,0,0,0,0,1,1,0,0,0,0,0,0,3,0,1,0,1,23,0,3,0,4
2021,Kerala,32,Thiruvananthapuram,565,Railways,0,8,0,43,0,0,8,7,4,0,0,0,0,0,4,2,0,0,0,0,1,11,0,0,3
2021,Kerala,32,Thiruvananthapuram,565,Trivandrum Commissionerate,15,111,5,193,0,0,0,0,1,160,0,0,2,0,3,91,0,10,0,52,192,58,35,2,116
2021,Kerala,32,Thiruvananthapuram,565,Trivandrum Commr.,1,0,0,2,11,0,0,144,101,0,0,0,0,1,0,0,0,0,0,0,0,0,0,0,0
2021,Kerala,32,Thiruvananthapuram,565,Trivandrum Rural,41,307,10,392,23,0,0,418,290,306,2,0,3,10,23,71,1,4,0,47,250,86,11,0,468
2021,Kerala,32,Thrissur,566,Thrissur Commissionerate,17,126,1,189,1,0,0,0,0,331,0,1,1,0,34,68,10,4,7,16,442,40,13,0,70
2021,Kerala,32,Thrissur,566,Thrissur Commr.,3,0,0,3,6,0,0,193,135,0,0,0,0,22,0,0,0,0,0,0,0,0,0,0,0
2021,Kerala,32,Thrissur,566,Thrissur Rural,17,141,1,279,26,0,0,211,102,293,0,0,1,17,27,19,0,1,0,28,300,31,14,0,227
2021,Kerala,32,Wayanad,567,Wayanadu,13,141,1,113,14,0,0,185,141,173,0,0,0,3,10,6,0,0,0,6,108,8,11,0,143
2021,Ladakh,37,Kargil,6,Kargil,4,2,1,2,1,0,0,1,0,1,0,0,0,0,0,10,5,0,0,0,8,0,0,0,47
2021,Ladakh,37,Leh Ladakh,9,Leh,1,2,0,4,0,0,0,0,0,8,0,0,0,0,0,0,0,0,0,0,13,0,0,0,11
2021,Lakshadweep,31,Lakshadweep District,553,Lakshadweep,2,2,0,2,0,0,0,17,14,3,0,0,0,1,0,1,0,0,0,0,0,0,1,0,33
2021,Madhya Pradesh,23,Agar Malwa,667,Agar,1,0,0,0,26,0,0,91,34,0,0,0,0,17,0,0,0,0,0,0,0,0,0,0,0
2021,Madhya Pradesh,23,Agar-Malwa,667,Agar,12,47,0,52,20,0,2,0,0,75,1,0,1,0,0,0,0,0,0,0,12,2,0,0,72
2021,Madhya Pradesh,23,Alirajpur,639,Alirajpur,53,193,0,33,58,0,0,195,118,18,0,0,14,16,127,0,0,0,0,0,19,10,0,0,25
2021,Madhya Pradesh,23,Anuppur,390,Anuppur,44,131,1,53,194,0,3,230,62,95,4,0,6,16,10,14,1,0,3,0,65,5,2,0,62
2021,Madhya Pradesh,23,Ashoknagar,391,Ashok Nagar,37,131,0,87,121,2,2,244,115,104,4,0,11,47,63,0,0,0,0,0,22,9,0,0,23
2021,Madhya Pradesh,23,Balaghat,392,Balaghat,53,261,1,135,340,0,4,363,121,302,13,0,10,35,40,0,0,0,0,0,28,16,0,0,35
2021,Madhya Pradesh,23,Barwani,393,Barwani,42,161,0,75,81,0,4,234,129,67,1,0,35,17,156,0,0,0,0,0,45,12,0,0,96
2021,Madhya Pradesh,23,Betul,394,Betul,62,206,0,37,128,0,0,207,67,27,13,0,13,0,42,26,7,0,5,0,39,10,8,0,12
2021,Madhya Pradesh,23,Bhind,395,Bhind,32,97,0,114,114,0,0,183,69,217,26,0,0,0,0,24,6,0,1,0,82,43,0,0,312
2021,Madhya Pradesh,23,Bhopal,396,Bhopal,69,609,3,375,925,1,0,872,251,633,32,0,19,34,1031,12,0,0,0,0,472,46,27,0,892
2021,Madhya Pradesh,23,Bhopal,396,Bhopal Railway,2,3,0,9,7,0,0,9,1,0,1,0,1,0,0,0,0,0,0,0,4,79,0,0,27
2021,Madhya Pradesh,23,Bhopal,396,Cyber Crime Cell,0,0,0,0,0,0,0,0,0,0,0,0,0,0,0,0,0,0,0,0,0,0,0,0,0
2021,Madhya Pradesh,23,Burhanpur,397,Burhanpur,9,74,0,84,91,0,1,166,62,93,0,0,7,27,23,26,3,1,2,2,1,6,0,0,31
2021,Madhya Pradesh,23,Chhatarpur,398,Chhatarpur,53,195,0,126,212,0,2,375,144,158,23,0,23,6,365,12,0,2,1,15,30,19,0,0,341
2021,Madhya Pradesh,23,Chhindwara,399,Chhindwara,80,183,0,46,281,0,6,262,68,58,10,0,14,27,46,0,0,0,0,0,26,14,0,0,483
2021,Madhya Pradesh,23,Cyber Crime,9999,Cyber Crime Cell,0,0,0,0,0,0,0,0,0,0,0,0,0,0,0,0,0,0,0,0,0,0,0,0,0
2021,Madhya Pradesh,23,Cyber Crime Cell,9999,Cyber Crime Cell,0,0,0,0,0,0,0,5,0,0,0,0,0,0,0,165,0,19,0,35,0,0,0,0,0
2021,Madhya Pradesh,23,Damoh,400,Damoh,34,93,0,106,302,0,0,273,92,170,14,0,23,0,43,8,3,0,1,0,3,10,1,0,4
2021,Madhya Pradesh,23,Datia,401,Datia,31,56,0,55,51,0,0,105,31,72,12,0,7,18,0,8,3,0,0,2,42,16,0,0,30
2021,Madhya Pradesh,23,Dewas,402,Dewas,50,242,1,156,284,0,0,431,177,231,10,0,11,90,504,0,0,0,0,0,12,10,59,0,52
2021,Madhya Pradesh,23,Dhar,403,Dhar,66,470,3,196,676,0,3,737,305,148,6,1,42,73,520,13,1,0,1,0,61,28,0,0,75
2021,Madhya Pradesh,23,Dindori,404,Dindori,23,92,0,59,114,0,4,183,53,79,1,0,11,9,4,8,1,0,0,0,21,2,0,0,71
2021,Madhya Pradesh,23,Guna,406,Guna,43,299,0,166,202,2,2,260,74,71,7,0,3,38,45,8,0,0,0,0,32,33,10,0,350
2021,Madhya Pradesh,23,Gwalior,407,Gwalior,97,479,1,289,499,0,3,756,202,638,31,0,40,43,70,98,23,3,7,46,242,100,33,4,71
2021,Madhya Pradesh,23,Harda,408,Harda,21,120,0,72,93,0,0,227,94,84,4,0,7,19,157,7,0,1,0,0,26,1,0,0,50
2021,Madhya Pradesh,23,Indore,410,Cyber Crime Cell,0,0,0,0,0,0,0,0,0,0,0,0,0,0,0,0,0,0,0,7,0,0,0,0,0
2021,Madhya Pradesh,23,Indore,410,Indore,84,631,1,351,1418,1,4,1386,349,683,27,0,49,170,382,81,14,2,9,2,206,99,3,7,212
2021,Madhya Pradesh,23,Indore,410,Indore Railway,0,7,0,10,14,0,0,13,5,1,0,0,1,0,12,1,0,0,0,0,3,6,0,0,6
2021,Madhya Pradesh,23,Indore,410,Khandwa,0,0,0,0,172,0,0,322,98,0,0,0,0,0,0,0,0,0,0,0,0,0,0,0,0
2021,Madhya Pradesh,23,Jabalpur,411,Jabalpur,80,326,0,295,660,0,6,575,238,390,17,0,11,0,865,0,0,0,0,0,115,50,0,0,401
2021,Madhya Pradesh,23,Jabalpur,411,Jabalpur Railway,1,0,0,5,2,0,0,2,0,0,1,0,0,0,0,0,0,0,0,0,2,14,0,0,8
2021,Madhya Pradesh,23,Jhabua,412,Jhabua,26,105,0,29,104,0,0,143,36,6,0,0,18,0,187,0,0,0,0,0,16,12,2,0,23
2021,Madhya Pradesh,23,Katni,413,Katni,38,279,0,86,226,0,9,293,56,57,12,0,19,0,44,4,0,0,0,5,86,16,6,0,0
2021,Madhya Pradesh,23,Khandwa (East Nimar),405,Khandwa,39,130,0,137,172,4,0,0,0,72,10,0,6,0,0,0,0,0,0,0,0,17,0,0,1786
2021,Madhya Pradesh,23,Khargone,414,Khargone,3,0,0,0,202,0,1,524,234,0,0,0,1,28,0,0,0,0,0,0,0,0,0,0,0
2021,Madhya Pradesh,23,Khargone (West Nimar),414,Khargone,35,258,1,147,30,0,1,0,0,64,7,0,14,0,82,10,0,0,2,6,36,25,4,0,110
2021,Madhya Pradesh,23,Mandla,415,Mandla,36,90,0,44,273,0,2,285,35,51,2,0,4,0,23,0,0,0,0,0,15,3,0,0,27
2021,Madhya Pradesh,23,Mandsaur,416,Mandsaur,28,156,0,138,209,0,16,262,118,128,6,0,14,21,73,35,4,0,8,0,55,13,4,0,44
2021,Madhya Pradesh,23,Morena,417,Morena,49,177,3,128,188,2,2,261,96,276,23,0,19,44,35,0,0,0,0,0,65,47,17,0,48
2021,Madhya Pradesh,23,Narmadapuram,409,Hoshangabad,54,207,0,129,173,0,1,390,137,213,12,0,11,65,20,0,0,0,0,0,30,23,0,0,18
2021,Madhya Pradesh,23,Narsimhapur,418,Narsinghpur,33,159,0,83,119,0,0,0,0,89,12,1,9,0,176,4,0,0,0,2,20,14,0,0,0
2021,Madhya Pradesh,23,Narsinghpur,418,Narsinghpur,1,0,0,0,153,0,0,311,124,0,0,0,2,10,0,0,0,0,0,0,0,0,0,0,0
2021,Madhya Pradesh,23,Neemuch,419,Neemuch,19,62,0,43,119,0,2,126,48,95,2,0,9,5,64,10,2,0,3,0,34,18,0,1,19
2021,Madhya Pradesh,23,Niwari,722,Niwari,12,57,0,45,63,0,4,117,46,45,5,0,3,15,71,12,3,0,0,0,24,6,0,0,200
2021,Madhya Pradesh,23,Panna,420,Panna,28,118,0,88,325,2,6,376,78,96,9,0,30,65,49,19,9,0,0,0,5,8,0,0,33
2021,Madhya Pradesh,23,Raisen,421,Raisen,42,212,0,87,413,1,0,510,199,150,9,0,8,50,0,2,0,0,0,0,0,15,0,0,618
2021,Madhya Pradesh,23,Rajgarh,422,Rajgarh,25,177,2,179,158,0,0,280,104,268,1,0,26,0,277,23,6,1,1,5,43,29,2,0,641
2021,Madhya Pradesh,23,Ratlam,423,Ratlam,38,232,0,109,385,0,0,529,173,108,3,0,27,10,115,24,0,0,5,0,61,15,13,0,82
2021,Madhya Pradesh,23,Rewa,424,Rewa,59,212,0,106,422,2,2,948,139,164,25,1,15,22,120,41,4,1,0,36,70,91,23,0,2516
2021,Madhya Pradesh,23,Sagar,425,Sagar,76,498,0,191,295,0,12,902,324,238,39,0,41,178,154,40,3,0,8,0,85,26,6,1,72
2021,Madhya Pradesh,23,Satna,426,Satna,60,419,0,90,365,0,2,584,126,106,23,0,25,23,50,14,3,0,4,0,61,25,0,0,7
2021,Madhya Pradesh,23,Sehore,427,Sehore,34,307,0,129,110,0,5,333,150,157,11,0,13,61,64,1,0,0,0,2,85,24,1,0,19
2021,Madhya Pradesh,23,Seoni,428,Seoni,36,254,0,87,180,0,0,274,71,135,9,0,18,2,90,1,0,0,0,0,17,8,7,0,781
2021,Madhya Pradesh,23,Shahdol,429,Shahdol,42,158,1,79,342,0,7,401,103,184,5,0,16,54,47,8,3,0,0,0,43,14,8,0,4
2021,Madhya Pradesh,23,Shajapur,430,Shajapur,14,123,0,100,86,1,0,214,112,106,6,1,7,45,148,12,2,0,2,0,17,7,6,0,43
2021,Madhya Pradesh,23,Sheopur,431,Sheopur,10,50,0,33,41,1,0,64,23,31,3,0,2,12,31,4,0,0,0,4,9,9,0,0,51
2021,Madhya Pradesh,23,Shivpuri,432,Shivpuri,64,251,2,196,339,4,2,703,113,158,20,0,12,32,54,0,0,0,0,0,69,56,0,1,2793
2021,Madhya Pradesh,23,Sidhi,433,Sidhi,31,102,0,35,191,0,5,173,36,78,9,0,23,10,374,3,0,0,0,3,18,6,11,0,0
2021,Madhya Pradesh,23,Singrauli,638,Singrauli,49,116,1,50,198,0,2,232,75,111,11,1,26,5,53,26,7,0,1,0,31,8,25,0,42
2021,Madhya Pradesh,23,Tikamgarh,434,Tikamgarh,25,118,0,46,170,0,2,215,67,87,17,0,16,19,48,20,6,0,3,0,30,7,0,0,44
2021,Madhya Pradesh,23,Ujjain,435,Ujjain,39,177,1,206,371,0,0,490,113,191,6,0,15,42,73,43,5,1,8,0,112,47,2,1,2259
2021,Madhya Pradesh,23,Umaria,436,Umaria,15,130,1,40,65,0,4,120,32,28,3,0,11,12,34,0,0,0,0,0,18,6,0,0,99
2021,Madhya Pradesh,23,Vidisha,437,Vidisha,49,228,1,168,276,2,8,407,159,154,8,0,23,49,55,0,0,0,0,0,27,11,16,0,70
2021,Maharashtra,27,Ahmednagar,466,Ahmednagar,103,277,0,688,405,0,3,313,156,567,15,0,121,0,260,27,8,4,0,12,322,341,0,8,391
2021,Maharashtra,27,Akola,467,Akola,39,132,1,204,165,0,2,217,108,268,7,0,15,9,102,63,15,2,4,4,77,42,0,0,115
2021,Maharashtra,27,Amravati,468,Amravati Commissionerate,21,164,0,216,80,3,4,0,0,100,6,0,5,0,38,131,51,0,7,2,129,50,30,0,209
2021,Maharashtra,27,Amravati,468,Amravati Commr.,1,0,0,0,108,1,0,232,112,0,0,0,1,0,0,0,0,0,0,0,0,0,0,0,0
2021,Maharashtra,27,Amravati,468,Amravati Rural,53,126,2,192,292,0,0,261,103,230,5,0,22,0,45,117,52,6,2,2,41,25,14,0,91
2021,Maharashtra,27,Aurangabad,469,Aurangabad Commr.,1,0,0,0,151,1,1,288,103,0,0,0,0,4,0,0,0,0,0,0,0,0,0,0,0
2021,Maharashtra,27,Aurangabad,469,Aurangabad Railway,0,0,0,0,5,0,0,9,2,0,0,0,0,0,0,0,0,0,0,0,0,0,0,0,0
2021,Maharashtra,27,Aurangabad,469,Aurangabad Rural,2,0,0,0,99,0,0,192,86,0,0,0,0,0,0,0,0,0,0,0,0,0,0,0,0
2021,Maharashtra,27,Beed,470,Beed,65,204,0,351,179,1,0,271,127,473,9,0,45,9,142,232,97,5,8,0,160,82,25,7,135
2021,Maharashtra,27,Bhandara,471,Bhandara,31,77,12,93,139,0,0,138,41,35,3,0,5,6,58,89,23,1,3,5,48,12,0,0,87
2021,Maharashtra,27,Buldhana,472,Buldhana,53,157,0,340,220,0,0,325,155,217,12,0,28,6,254,98,24,13,5,2,75,99,15,2,47
2021,Maharashtra,27,Chandrapur,473,Chandrapur,51,162,0,237,393,0,4,362,126,136,5,0,19,3,62,134,50,5,5,3,96,53,0,0,392
2021,Maharashtra,27,Chhatrapati Sambhajinagar,469,Aurangabad Commissionerate,35,149,0,178,110,3,0,0,0,288,5,0,11,0,183,148,43,3,20,12,188,118,0,2,98
2021,Maharashtra,27,Chhatrapati Sambhajinagar,469,Aurangabad Railway,2,4,0,9,4,0,0,0,0,0,0,0,0,0,1,0,0,0,0,0,0,38,0,0,10
2021,Maharashtra,27,Chhatrapati Sambhajinagar,469,Aurangabad Rural,41,112,0,196,88,0,0,0,0,226,11,0,11,0,79,25,2,7,6,1,57,56,6,0,55
2021,Maharashtra,27,Dharashiv,488,Osmanabad,34,131,0,150,57,1,0,0,0,138,5,0,15,0,182,78,33,1,1,4,78,46,2,4,201
2021,Maharashtra,27,Dhule,474,Dhule,41,56,0,75,236,0,0,176,48,360,1,0,6,0,20,21,7,1,0,5,101,68,0,0,91
2021,Maharashtra,27,Gadchiroli,475,Gadchiroli,40,80,0,43,96,0,0,121,68,32,0,0,7,0,4,36,13,1,2,2,47,7,1,0,34
2021,Maharashtra,27,Gondia,476,Gondia,31,105,0,96,130,1,0,143,66,37,7,0,8,0,35,47,11,6,6,0,14,24,35,1,34
2021,Maharashtra,27,Hingoli,477,Hingoli,24,48,0,88,67,1,0,84,39,132,2,0,9,0,23,23,3,0,2,1,27,20,11,1,25
2021,Maharashtra,27,Jalgaon,478,Jalgaon,67,285,0,284,280,0,0,379,136,478,3,0,39,3,57,196,56,8,6,5,214,182,31,6,187
2021,Maharashtra,27,Jalna,479,Jalna,57,166,0,315,29,0,0,169,67,443,4,0,50,59,75,90,26,2,13,12,38,100,22,1,494
2021,Maharashtra,27,Kolhapur,480,Kolhapur,58,257,0,286,303,1,35,419,190,249,6,0,30,0,225,106,22,3,15,1,170,137,6,0,101
2021,Maharashtra,27,Latur,481,Latur,59,95,0,137,241,0,10,212,73,289,3,0,31,0,42,68,20,5,6,5,62,122,15,1,50
2021,Maharashtra,27,Mumbai,482,Mumbai Commissionerate,166,1252,0,2106,1095,4,83,0,4,827,20,1,36,0,399,5746,2354,29,193,9,5397,877,451,5,5438
2021,Maharashtra,27,Mumbai,482,Mumbai Commr.,8,0,0,0,1557,1,11,2762,1048,0,0,0,0,31,0,0,0,0,0,0,0,0,0,1,0
2021,Maharashtra,27,Mumbai,482,Mumbai Railway,12,16,0,40,10,0,0,88,8,0,0,0,3,0,145,64,10,0,0,0,55,613,10,0,40
2021,Maharashtra,27,Mumbai Suburban,483,Navi Mumbai,48,305,0,198,545,4,18,510,167,191,0,1,17,1,97,319,116,9,21,13,533,223,4,12,220
2021,Maharashtra,27,Nagpur,484,Nagpur Commissionerate,95,349,1,268,333,1,24,0,0,177,0,1,11,0,461,365,120,3,29,15,480,202,9,12,1047
2021,Maharashtra,27,Nagpur,484,Nagpur Commr.,5,0,0,1,398,0,3,936,225,0,0,0,0,14,0,0,0,0,0,0,0,0,0,0,0
2021,Maharashtra,27,Nagpur,484,Nagpur Railway,0,1,0,7,3,0,0,5,2,0,1,0,0,0,19,2,0,0,0,0,2,13,0,0,2
2021,Maharashtra,27,Nagpur,484,Nagpur Rural,63,124,0,114,194,0,0,219,103,30,1,0,5,0,28,87,24,6,6,2,64,36,2,0,78
2021,Maharashtra,27,Nanded,485,Nanded,80,206,0,210,187,3,0,254,111,282,6,0,16,0,87,26,5,2,1,2,102,185,1,0,62
2021,Maharashtra,27,Nandurbar,486,Nandurbar,33,38,0,40,141,0,2,120,39,99,2,0,3,0,73,15,3,0,1,3,28,20,2,0,1696
2021,Maharashtra,27,Nashik,487,Nasik Commissionerate,29,101,0,73,171,0,0,0,0,51,3,0,12,0,56,79,31,5,2,0,85,191,36,0,69
2021,Maharashtra,27,Nashik,487,Nasik Commr.,4,0,0,0,214,0,0,290,62,0,0,0,0,0,0,0,0,0,0,0,0,0,0,0,0
2021,Maharashtra,27,Nashik,487,Nasik Rural,70,151,1,228,541,1,2,540,134,539,2,0,53,0,125,28,0,12,4,9,130,94,12,2,20
2021,Maharashtra,27,Osmanabad,488,Osmanabad,2,0,0,0,89,0,0,160,62,0,0,0,1,0,0,0,0,0,0,0,0,0,0,0,0
2021,Maharashtra,27,Palghar,665,Palghar,35,85,0,68,161,0,0,151,46,27,0,0,8,1,44,25,1,1,2,6,37,40,18,0,79
2021,Maharashtra,27,Parbhani,489,Parbhani,30,76,0,126,126,1,0,167,72,226,9,0,12,3,189,61,15,0,6,5,55,58,1,0,46
2021,Maharashtra,27,Pune,490,Pimpri Chinchwad City,90,232,0,281,546,5,87,640,181,249,7,1,34,2,303,104,6,39,7,8,301,413,33,1,91
2021,Maharashtra,27,Pune,490,Pune Commissionerate,100,372,0,392,516,5,28,0,0,311,4,0,39,0,466,399,144,30,16,8,471,356,34,7,415
2021,Maharashtra,27,Pune,490,Pune Commr.,8,0,0,0,557,1,1,835,228,0,0,0,0,11,0,0,0,0,0,0,0,0,0,0,0
2021,Maharashtra,27,Pune,490,Pune Railway,1,1,0,4,2,0,0,5,2,0,0,0,0,0,6,0,0,0,0,0,3,16,0,0,2
2021,Maharashtra,27,Pune,490,Pune Rural,111,341,0,495,676,4,8,680,234,291,11,1,60,9,192,74,16,2,9,3,336,189,32,17,111
2021,Maharashtra,27,Raigad,491,Raigad,45,81,0,80,224,0,3,196,55,49,1,0,8,0,37,93,31,6,5,0,130,24,32,0,104
2021,Maharashtra,27,Ratnagiri,492,Ratnagiri,13,70,0,70,145,0,4,137,46,13,0,0,2,0,24,83,30,2,4,10,80,23,28,0,1431
2021,Maharashtra,27,Sangli,493,Sangli,70,193,10,250,352,1,2,259,68,138,8,0,21,4,250,103,32,2,2,9,254,164,11,0,541
2021,Maharashtra,27,Satara,494,Satara,62,198,0,309,364,4,6,405,194,173,2,0,20,3,178,94,29,2,5,1,106,137,5,0,115
2021,Maharashtra,27,Sindhudurg,495,Sindhudurg,9,36,0,61,45,0,0,60,36,5,0,0,3,0,23,43,11,1,8,0,19,9,9,0,34
2021,Maharashtra,27,Solapur,496,Solapur Commissionerate,18,115,0,109,60,1,7,0,0,123,0,0,2,0,64,57,21,0,5,3,176,47,2,2,194
2021,Maharashtra,27,Solapur,496,Solapur Commr.,1,0,0,0,75,0,0,189,90,0,0,0,0,0,0,0,0,0,0,0,0,0,0,0,0
2021,Maharashtra,27,Solapur,496,Solapur Rural,78,300,2,445,357,1,9,427,195,188,2,0,47,0,185,95,9,2,11,0,85,126,8,5,122
2021,Maharashtra,27,Thane,497,Mira Bhayandar Vasai Virar Commissionerate,52,430,0,375,373,1,139,0,3,284,3,0,3,0,165,293,88,6,19,7,681,325,77,0,623
2021,Maharashtra,27,Thane,497,Mira Bhayandar Vasai Virar Commr.,3,0,0,0,483,1,4,804,258,0,0,0,0,19,0,0,0,0,0,0,0,0,0,0,0
2021,Maharashtra,27,Thane,497,Thane Commissionerate,89,482,0,412,614,1,58,0,0,529,4,1,29,0,349,423,100,19,44,21,450,489,27,0,492
2021,Maharashtra,27,Thane,497,Thane Commr.,6,0,0,0,826,1,3,1223,359,0,0,0,2,3,0,0,0,0,0,0,0,0,0,0,0
2021,Maharashtra,27,Thane,497,Thane Rural,22,115,0,88,268,2,0,231,73,46,2,0,8,0,66,21,2,0,4,2,67,45,7,0,35
2021,Maharashtra,27,Wardha,498,Wardha,36,79,0,156,209,0,1,216,99,35,5,0,6,0,93,76,23,5,6,1,24,33,20,0,261
2021,Maharashtra,27,Washim,499,Washim,25,61,0,147,66,0,0,114,46,227,4,0,11,0,8,28,4,0,1,0,36,38,0,0,22
2021,Maharashtra,27,Yavatmal,500,Yavatmal,71,206,0,275,254,0,3,327,160,292,6,0,25,1,67,45,6,3,7,2,67,75,2,0,360
2021,Manipur,14,Bishnupur,252,Bishnupur,5,22,0,0,6,0,0,16,14,4,0,0,0,0,0,0,0,0,0,0,3,0,0,0,21
2021,Manipur,14,Chandel,253,Chandel,0,0,0,0,1,0,0,2,1,1,0,0,0,0,0,0,0,0,0,0,1,0,0,0,5
2021,Manipur,14,Churachandpur,254,Churachandpur,2,4,0,4,1,2,0,5,4,0,0,0,0,0,0,0,0,0,0,0,1,0,2,0,9
2021,Manipur,14,Imphal East,255,Imphal East,8,25,0,13,5,1,0,23,21,3,0,0,0,0,0,0,0,0,0,0,16,0,4,0,36
2021,Manipur,14,Imphal West,256,Cid,0,0,0,29,0,0,0,1,0,0,0,0,0,0,0,105,12,11,20,2,24,0,2,0,60
2021,Manipur,14,Imphal West,256,Imphal West,5,30,0,40,16,0,3,27,12,1,1,0,0,0,9,9,0,0,2,2,14,4,7,0,23
2021,Manipur,14,Imphal West,256,Narcotic,0,0,0,0,0,0,0,0,0,0,0,0,0,0,0,0,0,0,0,0,0,0,0,0,0
2021,Manipur,14,Jiribam,713,Jiribam,3,2,0,0,0,0,0,2,2,0,1,0,0,0,0,0,0,0,0,0,2,0,0,0,3
2021,Manipur,14,Kakching,711,Kakching,2,17,0,3,10,0,0,22,11,0,0,0,0,0,0,1,0,0,0,0,4,1,0,0,4
2021,Manipur,14,Kamjong,717,Kamjong,0,0,0,0,0,0,0,0,0,0,0,0,0,0,0,0,0,0,0,0,0,0,0,0,1
2021,Manipur,14,Kangpokpi,712,Kangpokpi,6,0,0,0,0,4,0,0,0,0,0,0,0,0,0,2,0,1,0,0,2,1,1,0,6
2021,Manipur,14,Noney,714,Noney,3,0,0,0,0,1,0,0,0,0,0,0,0,0,0,0,0,0,0,0,0,1,0,0,4
2021,Manipur,14,Pherzawl,715,Pherzawl,1,2,0,0,1,0,0,2,2,0,0,0,0,0,0,0,0,0,0,0,0,0,0,0,1
2021,Manipur,14,Senapati,257,Senapati,1,2,0,0,0,0,0,3,3,0,0,0,0,0,0,0,0,0,0,0,1,0,0,0,3
2021,Manipur,14,Tamenglong,258,Tamenglong,2,0,0,0,0,0,0,0,0,0,0,0,0,0,0,0,0,0,0,0,1,0,0,0,1
2021,Manipur,14,Tengnoupal,716,Tengnoupal,1,7,0,0,1,0,0,7,7,0,0,0,0,0,0,0,0,0,0,0,0,0,5,0,5
2021,Manipur,14,Thoubal,259,Thoubal,7,17,0,20,1,2,0,28,19,8,0,0,1,1,2,6,0,0,0,0,10,1,6,0,36
2021,Manipur,14,Ukhrul,260,Ukhrul,1,2,0,0,0,0,0,5,5,3,0,0,0,0,0,2,0,0,0,0,2,0,0,0,4
2021,Meghalaya,17,East Garo Hills,273,East Garo Hills,3,12,0,3,0,0,0,0,0,3,0,0,0,0,0,14,0,0,0,8,4,7,3,0,3
2021,Meghalaya,17,East Garo Hills,273,Garo Hills East,0,0,0,0,0,0,0,14,9,0,0,0,0,0,0,0,0,0,0,0,0,0,0,0,0
2021,Meghalaya,17,East Jaintia Hills,657,East Jaintia Hills,9,42,0,6,12,1,0,0,1,3,0,0,0,0,0,10,0,3,0,4,16,6,0,0,0
2021,Meghalaya,17,East Jaintia Hills,657,Jaintia Hills East,0,0,0,0,12,1,0,38,21,0,0,0,0,3,0,0,0,0,0,0,0,0,0,0,0
2021,Meghalaya,17,East Khasi Hills,274,Cyber Cell,0,0,0,0,0,0,0,0,0,0,0,0,0,0,0,2,0,1,0,0,0,0,0,0,0
2021,Meghalaya,17,East Khasi Hills,274,East Khasi Hills,17,138,5,55,1,1,0,0,3,3,0,0,0,0,28,59,0,18,0,7,190,41,12,3,33
2021,Meghalaya,17,East Khasi Hills,274,Khasi Hills East,0,0,0,0,28,1,0,168,131,0,0,0,0,0,0,0,0,0,0,0,0,0,0,0,0
2021,Meghalaya,17,North Garo Hills,656,Garo Hills North,4,9,0,1,1,2,0,9,8,3,0,0,0,0,0,7,0,0,0,4,3,3,6,0,18
2021,Meghalaya,17,Ri Bhoi,276,Ri-Bhoi,9,48,6,12,4,0,0,57,54,1,0,0,0,0,3,6,0,2,0,0,18,11,0,0,9
2021,Meghalaya,17,South Garo Hills,277,Garo Hills South,1,0,0,0,0,0,0,19,16,0,0,0,0,0,0,0,0,0,0,0,0,0,0,0,0
2021,Meghalaya,17,South Garo Hills,277,South Garo Hills,3,19,0,2,0,2,0,0,0,1,0,0,0,0,0,4,0,0,1,2,4,1,0,0,4
2021,Meghalaya,17,South West Garo Hills,663,Garo Hills South West,0,0,0,0,0,0,1,17,16,0,0,0,0,0,0,0,0,0,0,0,0,0,0,0,0
2021,Meghalaya,17,South West Garo Hills,663,South West Garo Hills,2,12,0,2,0,1,2,0,0,0,0,0,0,0,2,0,0,0,0,0,2,3,0,0,2
2021,Meghalaya,17,South West Khasi Hills,658,Khasi Hills South West,1,0,0,0,0,0,0,20,19,0,0,0,0,0,0,0,0,0,0,0,0,0,0,0,0
2021,Meghalaya,17,South West Khasi Hills,658,South West Khasi Hills,4,14,0,2,0,0,0,0,0,0,0,0,0,0,0,2,0,2,0,0,0,4,0,0,1
2021,Meghalaya,17,West Garo Hills,278,Garo Hills West,0,1,0,0,0,0,0,38,22,0,0,0,1,1,0,0,0,0,0,0,0,0,0,0,0
2021,Meghalaya,17,West Garo Hills,278,West Garo Hills,15,40,7,23,7,3,0,0,0,7,0,0,1,0,0,0,0,0,0,0,18,12,5,0,9
2021,Meghalaya,17,West Jaintia Hills,275,Jaintia Hills West,1,0,0,0,2,0,0,39,28,0,0,0,0,0,0,0,0,0,0,0,0,0,0,0,0
2021,Meghalaya,17,West Jaintia Hills,275,West Jaintia Hills,13,34,5,7,0,2,0,0,0,0,0,0,0,0,0,3,0,1,0,2,8,2,2,0,5
2021,Meghalaya,17,West Khasi Hills,279,Khasi Hills West,0,0,0,0,0,0,0,62,61,0,0,0,0,0,0,0,0,0,0,0,0,0,0,0,0
2021,Meghalaya,17,West Khasi Hills,279,West Khasi Hills,5,71,1,6,0,0,0,0,0,0,0,0,0,0,4,2,0,0,0,1,5,5,1,0,22
2021,Mizoram,15,Aizawl,261,Aizawl,10,41,0,19,0,0,0,48,40,10,0,0,0,1,19,8,0,0,4,0,147,17,9,0,25
2021,Mizoram,15,Aizawl,261,Cyber,0,0,0,0,0,0,0,0,0,0,0,0,0,0,0,37,0,11,3,0,0,0,0,0,23
2021,Mizoram,15,Aizawl,261,Spl Narcotic,0,0,0,0,0,0,0,0,0,0,0,0,0,0,0,0,0,0,0,0,0,0,0,0,0
2021,Mizoram,15,Champhai,262,Champhai,5,8,0,0,0,0,0,7,7,0,0,0,0,0,0,0,0,0,0,0,4,0,0,0,2
2021,Mizoram,15,Hnahthial,726,Hnahthial,0,0,0,0,0,0,0,0,0,0,0,0,0,0,0,0,0,0,0,0,1,0,0,0,0
2021,Mizoram,15,Khawzawl,728,Khawzawl,0,7,1,0,0,0,0,6,3,1,0,0,0,1,0,2,0,0,0,4,0,1,0,0,0
2021,Mizoram,15,Kolasib,263,Kolasib,1,20,1,2,0,0,0,15,13,1,0,0,0,0,0,1,0,1,0,0,0,3,1,0,3
2021,Mizoram,15,Lawngtlai,264,Lawngtlai,0,9,0,2,0,0,0,9,9,0,0,0,0,0,0,0,0,0,0,0,0,0,0,0,1
2021,Mizoram,15,Lunglei,265,Lunglei,5,12,0,1,1,0,0,10,10,0,0,0,0,0,2,0,0,0,0,0,5,0,1,0,9
2021,Mizoram,15,Mamit,266,Mamit,2,15,0,4,1,0,0,18,16,0,0,0,0,1,0,0,0,0,0,0,4,2,0,0,2
2021,Mizoram,15,Saiha,267,Saiha,1,0,0,0,0,0,0,1,0,0,0,0,0,0,0,0,0,0,0,0,0,0,0,0,0
2021,Mizoram,15,Saitual,727,Saitual,0,0,0,0,0,0,0,1,0,0,0,0,0,1,0,0,0,0,0,0,0,0,0,0,0
2021,Mizoram,15,Serchhip,268,Serchhip,0,5,0,1,0,0,0,7,7,0,0,0,0,0,5,0,0,0,0,0,1,0,0,0,4
2021,Mizoram,15,Siaha,267,Saiha,1,0,0,2,0,0,0,0,0,0,0,0,0,0,0,0,0,0,0,0,2,0,0,0,2
2021,Nagaland,24,Ahmadabad,438,Western Railway Ahmedabad,0,0,0,0,0,0,0,0,0,0,0,0,0,0,0,4,2,0,0,0,2,0,0,0,2
2021,Nagaland,13,Dimapur,244,Dimapur,12,13,0,3,10,19,0,28,15,2,0,0,0,2,5,0,0,0,0,0,16,11,5,0,6
2021,Nagaland,13,Kiphire,614,Kiphire,0,0,0,0,0,0,0,0,0,0,0,0,0,0,0,0,0,0,0,0,0,0,0,0,0
2021,Nagaland,13,Kohima,245,Kohima,1,3,0,2,1,0,0,4,2,0,0,0,0,0,0,0,0,0,0,0,6,2,3,0,2
2021,Nagaland,13,Longleng,615,Longleng,0,0,0,1,0,0,0,0,0,0,0,0,0,0,0,0,0,0,0,0,0,0,0,0,1
2021,Nagaland,13,Mokokchung,246,Mokokchung,2,1,0,2,0,0,0,2,1,0,0,0,0,1,0,2,0,0,0,1,2,0,0,0,3
2021,Nagaland,13,Mon,247,Mon,6,7,0,1,1,0,0,4,4,0,0,0,0,0,0,5,0,0,0,2,3,1,0,0,3
2021,Nagaland,13,Peren,613,Peren,1,0,0,0,0,0,0,0,0,0,0,0,0,0,0,0,0,0,0,0,0,0,0,0,4
2021,Nagaland,13,Phek,248,Phek,2,2,0,0,0,2,0,2,2,0,0,0,0,0,0,0,0,0,0,0,1,0,0,0,5
2021,Nagaland,13,Tuensang,249,Tuensang,0,4,0,3,0,0,0,6,4,0,0,0,0,0,0,1,0,0,0,0,0,0,0,0,2
2021,Nagaland,24,Vadodara,461,Western Railway Vadodara,0,0,0,0,0,0,0,0,0,0,0,0,0,0,0,0,0,0,0,0,0,0,0,0,0
2021,Nagaland,13,Wokha,250,Wokha,3,2,0,0,0,0,0,2,2,0,0,0,0,0,0,0,0,0,0,0,1,0,0,0,9
2021,Nagaland,13,Zunheboto,251,Zunheboto,1,1,0,0,2,0,0,3,1,0,0,0,0,0,0,0,0,0,0,0,0,4,0,0,0
2021,Odisha,21,Anugul,344,Angul,50,142,8,565,316,0,4,250,73,455,293,0,4,0,113,247,111,5,0,20,327,128,0,1,114
2021,Odisha,21,Balangir,345,Bolangir,51,93,3,514,301,0,85,217,59,135,7,0,0,0,71,137,55,19,0,0,452,148,0,1,63
2021,Odisha,21,Baleshwar,346,Balasore,76,289,12,542,656,2,2,507,133,131,19,0,7,0,12,51,8,1,0,53,150,150,1,0,274
2021,Odisha,21,Baleshwar,346,Berhampur,32,118,0,432,226,0,1,212,85,135,4,0,0,0,28,58,20,0,0,23,115,35,0,0,22
2021,Odisha,21,Bargarh,347,Baragarh,39,93,4,396,271,0,0,183,42,77,8,0,0,0,81,63,20,3,0,33,85,103,0,1,20
2021,Odisha,21,Bhadrak,348,Bhadrak,41,152,1,462,529,0,3,359,87,119,19,0,0,0,14,92,22,9,0,74,168,80,0,1,24
2021,Odisha,21,Boudh,349,Boudh,23,23,0,105,65,0,2,49,12,42,1,0,0,0,9,12,2,2,0,0,14,12,0,1,8
2021,Odisha,21,Cuttack,350,Cid Cb,0,0,0,0,0,0,0,1,1,0,0,0,0,0,0,0,0,0,0,0,0,0,0,0,0
2021,Odisha,21,Cuttack,350,Cid Crime Branch,1,0,0,0,0,0,0,0,0,0,0,0,0,0,0,0,0,0,0,0,85,0,0,0,6
2021,Odisha,21,Cuttack,350,Cid Cyber Crime,0,0,0,6,0,0,0,0,0,0,0,0,0,0,0,132,55,2,0,22,55,0,0,0,55
2021,Odisha,21,Cuttack,350,Cuttack,42,206,4,324,291,0,0,206,65,71,19,0,0,0,5,61,13,6,0,39,139,105,0,0,13
2021,Odisha,21,Cuttack,350,Dcp Ctc,0,0,0,0,162,0,0,212,42,0,0,0,0,0,0,0,0,0,0,0,0,0,0,0,0
2021,Odisha,21,Cuttack,350,Dcp Cuttack,26,117,0,287,146,0,2,0,0,128,8,0,0,0,43,240,101,10,0,38,478,132,0,3,106
2021,Odisha,21,Cuttack,350,Srp(Cuttack),2,0,0,4,0,0,0,1,0,0,0,0,0,0,0,0,0,0,0,0,2,11,5,0,4
2021,Odisha,21,Deogarh,351,Deogarh,15,68,0,138,34,0,2,44,24,68,0,0,0,0,2,18,9,0,0,0,48,22,0,0,91
2021,Odisha,21,Dhenkanal,352,Dhenkanal,36,128,8,611,276,0,2,176,59,138,183,0,3,0,78,58,10,11,0,27,118,66,3,0,236
2021,Odisha,21,Gajapati,353,Gajapati,11,108,0,142,75,0,2,82,41,19,2,0,0,0,33,41,18,5,0,0,60,4,0,0,18
2021,Odisha,21,Ganjam,354,Ganjam,79,264,12,1439,409,0,2,319,121,633,17,0,0,0,39,122,46,0,0,60,233,63,0,0,46
2021,Odisha,21,Jagatsinghapur,355,Jagatsinghpur,40,124,6,811,321,0,0,226,58,107,14,0,0,0,11,61,25,0,0,13,182,66,0,0,29
2021,Odisha,21,Jajapur,356,Jajpur,81,240,7,995,775,0,6,539,144,219,27,0,0,0,13,141,50,2,0,60,221,73,0,1,50
2021,Odisha,21,Jharsuguda,357,Jharsuguda,19,74,4,134,118,0,1,97,34,83,3,0,0,0,68,87,39,3,0,10,135,47,0,1,39
2021,Odisha,21,Kalahandi,358,Kalahandi,40,252,5,471,357,0,7,286,101,163,12,0,0,0,47,150,57,6,0,32,273,66,0,0,65
2021,Odisha,21,Kandhamal,359,Kandhamal,18,134,3,225,166,0,6,166,78,100,5,0,0,0,0,40,16,1,0,13,63,45,0,0,116
2021,Odisha,21,Kendrapara,360,Kendrapara,44,180,25,1152,385,0,2,298,116,143,29,0,7,0,77,77,15,8,0,46,144,76,0,0,309
2021,Odisha,21,Kendujhar,361,Keonjhar,77,172,0,557,480,2,3,381,121,161,7,0,0,0,60,44,17,4,0,6,111,81,0,0,17
2021,Odisha,21,Khordha,362,Dcp Bbsr,0,0,0,0,307,0,0,385,68,0,0,0,0,0,0,0,0,0,0,0,0,0,0,0,0
2021,Odisha,21,Khordha,362,Dcp Bhubaneswar,47,163,0,363,269,0,2,0,0,148,15,1,0,0,13,250,104,6,0,42,983,599,0,7,117
2021,Odisha,21,Khordha,362,Khurda,35,74,2,459,188,0,0,164,64,93,20,0,0,0,15,10,1,0,0,9,55,71,0,0,59
2021,Odisha,21,Koraput,363,Koraput,44,167,4,434,348,1,0,267,92,145,0,1,0,0,54,110,36,2,0,15,129,63,0,0,55
2021,Odisha,21,Malkangiri,364,Malkangiri,30,85,3,210,250,0,30,174,43,136,1,0,0,0,17,103,43,2,0,27,161,16,0,1,43
2021,Odisha,21,Mayurbhanj,365,Mayurbhanj,100,401,10,704,777,0,5,578,150,368,2,1,0,0,103,209,74,12,0,58,295,91,0,0,80
2021,Odisha,21,Nabarangpur,366,Nabarangpur,29,179,3,303,187,0,8,151,130,146,2,0,3,0,28,81,30,0,0,27,77,28,0,0,102
2021,Odisha,21,Nayagarh,367,Nayagarh,50,63,5,265,172,0,0,137,43,63,6,0,0,0,24,24,8,1,0,12,63,56,0,2,8
2021,Odisha,21,Nuapada,368,Nuapada,10,37,1,174,172,0,5,111,19,42,0,0,0,0,18,31,13,3,0,3,59,20,0,0,15
2021,Odisha,21,Puri,369,Puri,57,137,10,1330,461,0,4,321,81,146,17,0,0,0,27,125,39,9,0,43,210,186,0,2,51
2021,Odisha,21,Rayagada,370,Rayagada,35,126,1,128,165,0,2,188,82,88,6,0,2,6,42,85,40,3,0,4,55,16,2,0,107
2021,Odisha,21,Sambalpur,371,Sambalpur,37,110,5,459,185,0,18,192,88,193,4,0,0,0,142,173,76,5,0,25,246,183,0,5,76
2021,Odisha,21,Sonepur,372,Sonepur,22,36,1,134,69,0,4,57,16,35,4,0,0,0,5,17,6,1,0,4,41,52,0,2,8
2021,Odisha,21,Sundargarh,373,Rourkela,34,134,1,242,244,0,10,203,68,94,3,0,0,0,60,101,38,2,0,20,155,155,0,2,48
2021,Odisha,21,Sundargarh,373,Srp(Rourkela),2,4,0,4,5,0,3,4,0,0,0,0,1,0,2,0,0,0,0,0,2,12,0,0,16
2021,Odisha,21,Sundargarh,373,Sundargarh,40,140,3,170,140,1,7,156,63,65,1,0,0,3,60,55,21,2,0,8,52,108,1,0,106
2021,Puducherry,34,Karaikal,598,Karaikal,0,0,0,0,0,0,0,0,0,0,0,0,0,0,0,0,0,0,0,0,0,0,0,0,0
2021,Puducherry,34,Pondicherry,600,Puducherry,19,59,0,34,34,2,0,122,88,12,15,0,6,0,96,0,0,0,0,0,62,16,1,0,1130
2021,Punjab,3,Amritsar,27,Amritsar Rural,61,149,4,28,88,0,0,129,34,41,1,0,0,0,22,28,2,0,0,31,95,4,0,0,90
2021,Punjab,3,Amritsar,27,Cp Amritsar,35,131,1,41,97,0,0,112,28,96,4,0,11,0,0,166,64,1,1,0,232,11,0,0,411
2021,Punjab,3,Amritsar,27,Special Task Force,0,0,0,0,0,0,0,0,0,0,0,0,0,0,0,0,0,0,0,0,0,0,0,0,0
2021,Punjab,3,Barnala,605,Barnala,16,70,9,18,67,1,0,62,0,18,1,0,0,0,43,13,0,5,0,7,34,5,1,0,21
2021,Punjab,3,Bathinda,28,Bathinda,43,156,0,45,62,0,2,119,33,52,3,0,12,0,0,9,0,0,0,2,86,10,3,0,118
2021,Punjab,3,Faridkot,29,Faridkot,18,46,1,29,24,0,0,41,10,33,2,0,5,0,0,10,0,0,1,2,56,6,0,0,40
2021,Punjab,3,Fatehgarh Sahib,30,Fatehgarh Sahib,16,71,0,20,49,0,0,69,17,29,2,0,7,0,0,10,0,3,1,0,0,2,0,3,150
2021,Punjab,3,Fazilka,651,Fazilka,29,213,4,26,58,0,0,114,58,34,2,0,10,0,46,12,1,0,0,1,77,4,1,0,107
2021,Punjab,3,Ferozepur,31,Ferozepur,35,88,0,22,44,0,0,53,18,39,2,0,0,0,0,15,0,0,0,0,76,11,0,0,61
2021,Punjab,3,Gurdaspur,32,Batala,27,62,3,22,46,0,0,53,17,60,2,1,11,0,10,7,0,1,0,12,75,5,0,0,24
2021,Punjab,3,Gurdaspur,32,Gurdaspur,14,58,1,10,30,0,0,42,17,63,4,0,6,0,12,20,2,2,2,5,129,3,0,0,27
2021,Punjab,3,Hoshiarpur,33,Hoshiarpur,24,103,3,32,68,1,0,89,22,98,5,0,15,0,19,1,0,0,0,0,100,3,1,0,152
2021,Punjab,3,Jalandhar,34,Cp Jalandhar,20,88,1,51,94,0,1,116,10,146,4,1,6,2,29,66,18,3,4,5,182,6,2,0,138
2021,Punjab,3,Jalandhar,34,Jalandhar Rural,40,98,1,51,53,0,0,125,35,55,4,0,11,7,22,89,33,0,4,2,171,9,1,1,130
2021,Punjab,3,Kapurthala,35,Kapurthala,29,64,1,33,40,0,0,45,16,51,1,0,8,0,0,13,0,0,2,3,34,5,1,0,142
2021,Punjab,3,Ludhiana,36,Cp Ludhiana,49,287,5,48,149,0,0,283,113,161,6,0,14,0,39,51,4,0,4,2,195,6,2,0,864
2021,Punjab,3,Ludhiana,36,Khanna,19,57,1,15,38,0,0,55,13,42,0,1,5,0,0,22,7,0,2,6,113,0,0,0,92
2021,Punjab,3,Ludhiana,36,Ludhiana Rural,20,50,0,7,46,0,0,35,19,31,1,0,0,0,0,6,0,1,1,0,89,1,0,0,62
2021,Punjab,3,Malerkotla,737,Malerkotla,9,30,0,10,15,0,0,24,9,33,0,0,2,0,0,7,0,0,0,0,23,0,0,0,54
2021,Punjab,3,Mansa,37,Mansa,17,83,1,33,34,1,0,73,24,19,6,1,5,0,26,19,0,0,1,0,81,5,1,1,75
2021,Punjab,3,Moga,38,Moga,27,43,0,4,23,0,5,51,21,16,2,0,6,0,23,13,3,2,2,0,27,2,0,0,84
2021,Punjab,3,Pathankot,662,Pathankot,7,53,1,11,27,0,0,47,15,40,0,0,5,0,3,17,0,0,0,5,0,0,0,0,48
2021,Punjab,3,Patiala,41,Grp,12,4,0,3,0,0,0,3,0,0,0,0,0,0,4,0,0,0,0,0,0,1,0,0,59
2021,Punjab,3,Patiala,41,Patiala,46,184,1,69,111,0,0,185,57,133,7,0,22,0,70,24,4,1,1,0,313,9,1,7,223
2021,Punjab,3,Rupnagar,42,Ropar,10,71,1,33,34,0,0,58,19,41,1,0,3,0,0,32,3,0,2,14,82,6,2,0,119
2021,Punjab,3,S.A.S Nagar,608,Bureau Of Investigation,0,0,0,15,0,0,0,16,0,0,0,0,0,0,0,0,0,0,0,18,0,0,3,0,0
2021,Punjab,3,S.A.S Nagar,608,Intelligence Wing,0,0,0,0,0,0,0,0,0,0,0,0,0,0,0,0,0,0,0,0,0,0,0,0,4
2021,Punjab,3,S.A.S Nagar,608,Nri Wing,0,2,0,0,0,0,1,0,0,99,10,0,0,0,0,0,0,0,0,0,106,0,11,0,13
2021,Punjab,3,S.A.S Nagar,608,S.A.S Nagar,32,33,0,0,0,0,0,0,0,0,0,0,0,0,0,0,0,0,0,0,0,13,0,0,623
2021,Punjab,3,S.A.S Nagar,608,Sas Nagar,0,278,2,23,211,0,0,252,50,118,5,0,0,0,7,0,0,0,0,0,0,0,0,0,0
2021,Punjab,3,Sangrur,43,Sangrur,21,90,1,26,44,0,0,75,30,45,0,0,14,0,29,15,0,0,0,0,120,4,0,0,140
2021,Punjab,3,Sas Nagar,608,Bureau Of Investigation,0,0,0,0,0,0,0,0,0,0,0,0,0,0,0,81,13,1,8,19,0,0,1,0,39
2021,Punjab,3,Sas Nagar,608,Sas Nagar,0,0,0,0,0,0,0,0,0,0,0,0,0,0,0,33,0,9,0,1,0,0,0,0,0
2021,Punjab,3,Shahid Bhagat Singh Nagar,40,Sbs Nagar,19,40,0,15,15,0,0,41,9,78,2,0,6,0,0,22,4,0,4,0,4,6,0,0,70
2021,Punjab,3,Sri Muktsar Sahib,39,Muktsar,16,94,2,24,45,2,0,83,25,14,2,0,8,0,0,33,4,0,1,10,0,2,2,0,68
2021,Punjab,3,Tarn Taran,609,Tarn Taran,51,98,2,23,60,0,1,106,32,29,4,0,8,0,0,9,0,0,0,10,69,11,0,0,126
2021,Rajasthan,8,Ajmer,86,Ajmer,58,459,89,726,542,0,0,430,4,1001,15,0,12,4,97,181,29,5,5,3,1036,59,436,2,197
2021,Rajasthan,8,Ajmer,86,Grp Ajmer,2,4,0,11,3,0,4,7,0,0,1,0,2,0,9,4,0,0,0,0,1,2,0,0,10
2021,Rajasthan,8,Alwar,87,Alwar,84,577,166,367,182,0,0,176,130,687,35,0,3,0,0,170,64,3,0,0,755,48,123,1,64
2021,Rajasthan,8,Banswara,88,Banswara,42,309,48,161,410,0,0,225,6,241,0,0,10,0,171,18,2,0,0,0,118,51,0,0,229
2021,Rajasthan,8,Baran,89,Baran,37,271,58,358,298,0,2,257,0,347,5,0,6,0,22,38,2,2,12,4,0,17,34,0,82
2021,Rajasthan,8,Barmer,90,Barmer,54,536,105,435,122,3,0,240,0,439,33,0,8,0,166,135,9,0,5,3,200,26,112,5,125
2021,Rajasthan,8,Bharatpur,91,Bharatpur,101,608,178,179,174,9,0,206,176,914,29,1,2,0,72,102,16,14,0,18,787,83,0,0,5265
2021,Rajasthan,8,Bhilwara,92,Bhilwara,43,486,49,478,396,0,2,250,76,792,11,0,10,0,148,78,16,0,13,0,824,112,11,4,42
2021,Rajasthan,8,Bikaner,93,Bikaner,48,354,64,253,121,0,0,137,26,493,15,0,10,0,0,13,0,0,0,0,316,27,190,0,1637
2021,Rajasthan,8,Bundi,94,Bundi,25,232,23,259,198,0,0,102,30,298,1,0,2,0,0,8,4,0,0,0,0,12,18,2,455
2021,Rajasthan,8,Chittorgarh,95,Chittorgarh,32,235,34,209,283,0,0,185,82,512,4,0,8,0,118,9,4,0,0,0,319,51,27,1,630
2021,Rajasthan,8,Churu,96,Churu,46,326,48,106,137,0,0,110,49,468,9,0,5,0,0,3,0,0,0,0,0,13,369,1,1302
2021,Rajasthan,8,Dausa,97,Dausa,41,282,39,69,133,1,0,47,9,338,10,0,5,0,84,99,20,0,0,28,577,34,0,0,1635
2021,Rajasthan,8,Dholpur,98,Dholpur,48,209,66,190,160,0,0,159,7,319,25,0,2,0,93,8,2,0,1,0,241,18,0,0,1083
2021,Rajasthan,8,Dungarpur,99,Dungarpur,38,202,44,128,462,0,0,281,0,119,4,0,4,0,236,1,0,0,0,0,131,36,0,2,48
2021,Rajasthan,8,Ganganagar,100,Ganganagar,68,401,62,304,347,1,0,297,14,702,8,0,7,0,156,51,4,3,0,6,401,45,345,0,615
2021,Rajasthan,8,Hanumangarh,101,Hanumangarh,62,397,85,253,158,2,0,211,0,621,8,0,7,0,95,6,0,0,0,5,0,13,220,0,753
2021,Rajasthan,8,Jaipur,102,Jaipur Crime,0,0,0,0,0,0,0,0,0,0,0,0,0,0,0,44,12,0,0,0,12,0,0,0,12
2021,Rajasthan,8,Jaipur,102,Jaipur East,34,251,34,230,239,5,2,203,0,246,8,1,2,0,123,97,21,20,2,13,522,43,12,0,107
2021,Rajasthan,8,Jaipur,102,Jaipur Metro,0,0,0,0,0,0,0,0,0,0,0,0,0,0,0,0,0,0,0,0,0,0,0,0,0
2021,Rajasthan,8,Jaipur,102,Jaipur North,15,174,23,115,87,0,0,148,24,299,12,0,1,0,0,55,12,12,6,0,12,50,0,0,623
2021,Rajasthan,8,Jaipur,102,Jaipur Rural,52,279,52,178,122,0,0,0,13,413,18,0,7,0,75,88,29,7,3,4,619,54,155,0,1863
2021,Rajasthan,8,Jaipur,102,Jaipur South,30,256,28,166,187,0,0,169,27,265,5,0,5,0,58,56,0,11,0,10,510,19,288,1,951
2021,Rajasthan,8,Jaipur,102,Jaipur West,42,324,46,149,282,0,0,208,32,390,10,1,3,0,106,59,0,4,0,0,1365,29,0,2,804
2021,Rajasthan,8,Jaipur,102,Scrb,0,0,0,0,0,0,0,1,0,0,0,0,0,0,0,18,0,0,0,2,0,0,0,0,0
2021,Rajasthan,8,Jaipur,102,Sog,0,0,0,0,0,0,0,1,1,0,0,0,0,0,0,0,0,0,0,0,15,0,14,0,0
2021,Rajasthan,8,Jaipur,102,Ssb,0,0,0,0,0,0,0,0,0,0,0,0,0,0,0,0,0,0,0,0,0,0,0,0,0
2021,Rajasthan,8,Jaipur (Gramin),783,Jaipur Rural,1,39,0,16,61,0,0,141,15,0,0,0,0,0,0,0,0,0,0,0,0,0,0,0,0
2021,Rajasthan,8,Jaisalmer,103,Jaisalmer,16,54,14,131,30,0,0,49,1,75,7,0,3,0,63,13,1,0,1,0,106,11,33,1,133
2021,Rajasthan,8,Jalore,104,Jalore,38,187,23,293,103,2,0,41,0,210,9,0,4,0,70,7,1,0,0,5,1,24,233,1,3
2021,Rajasthan,8,Jhalawar,105,Jhalawar,48,325,52,307,375,0,0,293,1,434,6,0,9,0,177,24,3,0,0,0,159,16,0,1,39
2021,Rajasthan,8,Jhunjhunu,106,Jhunjhunu,53,270,44,147,146,0,0,83,42,592,14,0,2,0,155,42,6,1,0,9,705,32,115,0,1433
2021,Rajasthan,8,Jodhpur,107,Grp Jodhpur,0,2,0,1,1,0,0,2,0,0,1,0,0,0,5,0,0,0,0,0,0,1,0,0,3
2021,Rajasthan,8,Jodhpur,107,Jodhpur East,20,146,7,214,57,1,0,36,14,175,6,0,1,0,91,153,49,0,4,2,16,24,165,3,565
2021,Rajasthan,8,Jodhpur,107,Jodhpur Rural,38,228,52,215,99,0,2,119,23,243,17,0,2,0,126,16,2,0,0,0,109,46,201,0,402
2021,Rajasthan,8,Jodhpur,107,Jodhpur West,24,176,40,223,143,0,0,143,1,176,6,0,0,0,105,133,40,2,6,3,357,22,115,2,376
2021,Rajasthan,8,Karauli,108,Karauli,53,276,100,172,153,1,0,92,15,313,21,0,1,0,0,34,0,0,0,20,360,35,13,1,2809
2021,Rajasthan,8,Khairthal-Tijara,770,Bhiwadi,58,420,58,200,206,0,2,100,42,462,12,0,1,0,0,41,13,0,0,0,202,62,112,2,168
2021,Rajasthan,8,Kota,109,Kota City,27,336,36,295,270,1,0,248,8,379,6,1,5,1,307,64,13,1,7,4,805,21,14,0,53
2021,Rajasthan,8,Kota,109,Kota Rural,29,197,22,251,183,1,0,161,62,206,7,0,1,0,0,2,0,0,0,2,169,13,10,0,761
2021,Rajasthan,8,Nagaur,110,Nagaur,58,367,96,323,182,0,0,233,0,672,10,0,7,0,129,26,0,0,0,10,481,33,160,3,990
2021,Rajasthan,8,Pali,111,Pali,43,351,41,344,262,2,0,137,58,676,12,0,5,0,0,8,3,0,0,4,629,72,40,3,2100
2021,Rajasthan,8,Pratapgarh,629,Pratapgarh,35,434,61,241,274,2,0,188,10,239,8,0,6,0,79,12,0,0,0,0,103,20,15,0,247
2021,Rajasthan,8,Rajsamand,112,Rajsamand,28,203,42,191,293,0,0,227,2,281,8,0,1,1,53,17,4,1,0,0,257,55,30,0,22
2021,Rajasthan,8,Sawai Madhopur,113,Sawai Madhopur,39,239,56,273,84,4,0,127,51,282,6,0,2,0,132,63,10,0,0,2,162,27,235,2,1766
2021,Rajasthan,8,Sikar,114,Sikar,53,396,79,263,306,0,0,250,18,597,12,0,3,0,77,325,115,8,42,0,701,28,461,0,3272
2021,Rajasthan,8,Sirohi,115,Sirohi,41,235,59,187,107,2,0,139,17,235,6,0,5,0,68,45,6,0,4,2,224,26,0,0,364
2021,Rajasthan,8,Tonk,116,Tonk,26,180,45,146,173,0,0,116,25,257,8,0,7,0,89,23,4,0,0,0,316,13,15,0,639
2021,Rajasthan,8,Udaipur,117,Udaipur,93,667,122,468,768,3,0,678,0,542,8,0,12,0,421,9,0,1,0,0,677,139,25,1,508
2021,Sikkim,11,Gangtok,225,Cid,0,0,0,1,0,0,0,0,0,0,0,0,0,0,0,0,0,0,0,0,11,0,0,0,0
2021,Sikkim,11,Gangtok,225,East,9,34,0,11,28,0,0,63,33,3,0,0,2,0,1,0,0,0,0,0,19,6,5,0,10
2021,Sikkim,11,Gyalshing,228,West,3,19,0,1,4,0,0,24,17,0,0,0,0,0,0,0,0,0,0,0,6,0,0,0,0
2021,Sikkim,11,Mangan,226,North,1,10,0,0,2,0,0,16,14,0,0,0,0,0,0,0,0,0,0,0,0,0,0,0,0
2021,Sikkim,11,Namchi,227,South,2,29,0,4,4,0,0,46,36,0,0,0,0,1,0,0,0,0,0,0,3,0,1,0,1
2021,Tamil Nadu,33,Ariyalur,610,Ariyalur,19,99,0,8,5,0,0,121,100,4,2,0,6,3,36,18,0,1,1,8,23,19,0,0,2557
2021,Tamil Nadu,33,Chengalpattu,730,Chengalpattu,29,44,0,17,7,0,0,72,41,5,7,0,2,0,5,2,1,0,0,0,3,57,0,4,2351
2021,Tamil Nadu,33,Chennai,568,Chennai,165,380,1,156,31,19,0,546,435,95,17,2,19,33,532,76,0,4,0,62,565,629,173,66,28417
2021,Tamil Nadu,33,Chennai,568,Cyber Cell,0,0,0,0,0,0,0,0,0,0,0,0,0,0,0,20,4,2,1,3,0,0,0,0,9
2021,Tamil Nadu,33,Chennai,568,Other Units,0,0,0,0,0,0,0,0,0,0,0,0,0,0,0,0,0,0,0,0,0,0,0,0,0
2021,Tamil Nadu,33,Chennai,568,Railway Chennai,4,2,0,4,1,0,2,16,1,0,0,0,0,0,30,0,0,0,0,0,4,45,1,0,18
2021,Tamil Nadu,33,Coimbatore,569,Coimbatore,59,139,0,9,1,0,0,158,151,16,0,0,6,0,10,25,0,1,0,0,40,61,21,0,5848
2021,Tamil Nadu,33,Coimbatore,569,Coimbatore City,31,78,1,13,10,1,0,106,81,23,0,0,0,5,23,87,39,1,1,0,170,96,4,55,407
2021,Tamil Nadu,33,Coimbatore,569,Cyber Cell,0,0,0,0,0,0,0,0,0,0,0,0,0,0,0,0,0,0,0,0,0,0,0,0,0
2021,Tamil Nadu,33,Cuddalore,570,Cuddalore,46,190,0,23,81,1,0,420,177,36,5,0,11,0,17,49,1,0,0,0,78,37,0,5,7404
2021,Tamil Nadu,33,Dharmapuri,571,Dharmapuri,29,87,1,20,25,0,0,100,82,14,2,0,11,0,12,27,0,2,0,11,27,14,0,6,3210
2021,Tamil Nadu,33,Dindigul,572,Dindigul,49,109,1,40,5,0,0,186,132,34,2,0,5,3,99,51,0,1,12,6,68,40,0,13,7767
2021,Tamil Nadu,33,Erode,573,Erode,45,119,0,12,7,1,0,133,119,7,2,0,2,0,7,18,0,0,0,5,37,32,0,12,461
2021,Tamil Nadu,33,Kallakurichi,729,Kallakurichi,29,91,0,7,46,0,0,75,60,8,21,0,0,0,0,0,0,0,0,0,23,33,0,0,155
2021,Tamil Nadu,33,Kanchipuram,574,Kanchipuram,30,40,0,4,0,0,0,34,33,2,0,0,13,0,0,23,0,23,0,0,29,68,5,4,1625
2021,Tamil Nadu,33,Kanniyakumari,575,Kanyakumari,29,86,0,33,33,1,0,268,94,4,88,0,5,0,6,23,4,0,0,14,110,41,0,0,26
2021,Tamil Nadu,33,Karur,576,Karur,22,52,0,7,3,0,0,149,55,16,0,0,3,0,0,20,0,1,0,5,22,31,8,1,4505
2021,Tamil Nadu,33,Krishnagiri,577,Krishnagiri,70,101,0,11,13,8,0,104,88,5,0,0,5,0,20,48,13,0,10,0,37,37,0,3,1175
2021,Tamil Nadu,33,Madurai,578,Madurai,68,115,2,30,6,0,0,156,118,52,14,0,7,2,92,38,0,2,0,10,100,139,0,6,2316
2021,Tamil Nadu,33,Madurai,578,Madurai City,36,118,0,23,4,2,0,130,120,89,1,0,1,0,118,26,0,0,1,6,216,125,0,28,2883
2021,Tamil Nadu,33,Nagapattinam,579,Nagapattinam,48,122,0,54,16,0,0,119,107,7,0,0,1,0,50,28,14,0,0,0,26,29,0,0,6199
2021,Tamil Nadu,33,Namakkal,580,Namakkal,42,140,0,31,12,0,0,160,147,13,0,0,9,0,23,19,0,1,0,8,45,30,0,17,3247
2021,Tamil Nadu,33,Perambalur,581,Perambalur,22,40,1,19,2,1,0,81,54,7,3,0,1,0,20,2,0,0,0,0,5,34,0,0,1818
2021,Tamil Nadu,33,Pudukkottai,582,Pudukottai,30,68,2,59,7,0,0,74,70,21,7,0,10,0,54,37,0,3,0,1,19,40,0,0,5406
2021,Tamil Nadu,33,Ramanathapuram,583,Ramnathapuram,56,88,0,23,29,0,0,132,107,7,21,0,0,0,14,27,0,0,0,4,75,56,5,0,540
2021,Tamil Nadu,33,Ranipet,731,Ranipet,24,33,0,13,2,0,0,42,42,4,6,0,5,0,0,0,0,0,0,0,37,34,0,0,2397
2021,Tamil Nadu,33,Salem,584,Salem,53,161,0,71,39,0,0,171,159,13,5,0,9,0,65,38,0,0,0,0,40,42,0,0,1343
2021,Tamil Nadu,33,Salem,584,Salem City,25,115,0,17,76,3,0,155,113,10,6,0,2,0,38,45,0,0,2,2,38,65,0,55,789
2021,Tamil Nadu,33,Sivaganga,585,Sivagangai,42,99,1,21,3,0,0,114,89,25,3,0,4,4,78,29,0,0,0,6,76,63,10,0,2067
2021,Tamil Nadu,33,Tenkasi,733,Tenkasi,52,80,0,23,5,0,0,150,107,11,5,0,2,7,97,8,0,0,0,0,31,14,20,0,968
2021,Tamil Nadu,33,Thanjavur,586,Thanjavur,60,135,0,88,14,0,0,210,131,30,10,0,11,0,2,97,38,2,0,8,146,105,0,0,16801
2021,Tamil Nadu,33,The Nilgiris,587,Nilgiris,16,72,0,10,2,0,0,85,96,2,0,0,3,0,7,36,0,0,0,5,13,4,0,0,665
2021,Tamil Nadu,33,Theni,588,Theni,38,136,0,27,4,1,0,180,163,55,2,0,2,0,33,47,16,3,6,0,76,19,0,4,5718
2021,Tamil Nadu,33,Thiruvallur,589,Thiruvallur,39,104,0,13,2,0,0,115,104,33,2,0,10,6,84,36,0,1,0,8,120,60,3,0,82
2021,Tamil Nadu,33,Thiruvarur,590,Thiruvarur,29,66,3,24,20,0,0,71,60,12,0,0,3,0,74,16,0,1,0,7,13,33,1,0,708
2021,Tamil Nadu,33,Tiruchirappalli,591,Railway Trichy,0,0,0,0,0,0,2,3,2,0,0,0,0,0,4,0,0,0,0,0,0,7,0,0,1
2021,Tamil Nadu,33,Tiruchirappalli,591,Trichy,46,119,1,36,25,0,0,126,103,65,0,0,12,0,171,38,0,17,1,15,54,59,7,1,6030
2021,Tamil Nadu,33,Tiruchirappalli,591,Trichy City,17,45,1,12,6,1,0,78,43,24,3,0,0,0,59,20,0,3,0,2,43,40,9,14,697
2021,Tamil Nadu,33,Tirunelveli,592,Thirunelveli,56,75,0,25,6,0,3,135,89,8,5,0,1,5,103,80,30,1,4,8,58,26,2,3,2380
2021,Tamil Nadu,33,Tirunelveli,592,Thirunelveli City,9,19,0,14,1,0,0,28,28,7,7,0,0,0,6,12,0,0,2,0,32,25,6,10,796
2021,Tamil Nadu,33,Tirupathur,732,Tiruppattur,24,100,1,12,39,0,0,139,69,4,10,0,6,6,47,11,0,0,5,0,21,26,10,1,1699
2021,Tamil Nadu,33,Tiruppur,634,Tiruppur,43,71,0,8,1,0,0,79,76,6,1,0,7,0,10,10,0,0,0,20,24,61,7,16,8842
2021,Tamil Nadu,33,Tiruppur,634,Tiruppur City,20,42,0,3,0,2,0,64,59,5,0,0,0,0,22,52,20,1,5,0,41,43,0,26,6384
2021,Tamil Nadu,33,Tiruvannamalai,593,Thiruvannamalai,38,142,3,12,7,0,4,245,122,13,10,0,13,5,42,0,0,0,0,0,52,56,3,8,9774
2021,Tamil Nadu,33,Tuticorin,594,Thoothukudi,53,147,0,36,7,4,0,194,168,31,7,0,13,8,180,17,0,2,0,12,70,51,5,4,1604
2021,Tamil Nadu,33,Vellore,595,Vellore,27,53,0,9,6,1,0,73,51,19,2,0,8,1,0,3,0,0,0,6,5,39,5,0,70
2021,Tamil Nadu,33,Villupuram,596,Villupuram,26,134,0,17,41,0,0,137,124,19,9,0,21,0,3,42,0,1,0,0,124,61,14,17,14
2021,Tamil Nadu,33,Virudhunagar,597,Virudhunagar,52,130,1,15,3,1,0,130,120,15,23,1,3,0,89,15,0,0,0,9,53,43,25,2,773
2021,Telangana,36,Adilabad,501,Adilabad,14,41,3,59,40,0,2,56,30,121,5,0,17,0,45,26,9,0,0,0,96,5,0,1,42
2021,Telangana,36,Bhadradri Kothagudem,690,Bhadradri Kothagudem,18,132,0,159,149,0,0,250,128,371,3,0,10,0,40,113,46,0,4,0,181,8,20,1,377
2021,Telangana,36,Hyderabad,507,Cyberabad Commissionerate,149,572,3,682,874,5,207,1263,356,1237,21,1,69,34,255,0,0,0,0,5,2095,154,328,0,425
2021,Telangana,36,Hyderabad,507,Hyderabad Commissionerate,102,495,0,616,290,0,10,621,404,1678,15,0,13,3,220,6399,2793,64,135,43,3940,92,100,0,3415
2021,Telangana,36,Hyderabad,507,Railway Police Secunderabad,1,0,1,9,0,0,0,12,1,1,0,0,0,0,2,0,0,0,0,0,5,6,0,0,19
2021,Telangana,36,Jagitial,681,Jagitial,29,24,0,0,0,0,2,0,0,0,0,0,0,0,0,0,0,0,0,0,324,11,1,0,1834
2021,Telangana,36,Jagitial,681,Jagityal,0,61,0,175,63,0,2,96,49,317,6,0,4,1,12,0,0,0,0,3,0,0,0,0,0
2021,Telangana,36,Jagityal,681,Jagityal,0,0,0,0,0,0,0,0,0,0,0,0,0,0,0,30,0,0,3,8,0,0,0,0,3
2021,Telangana,36,Jayashankar Bhupalapally,687,Jayashankar Bhupalpalli,14,12,0,90,41,0,0,40,12,65,4,0,5,0,0,7,0,0,0,1,87,3,6,0,618
2021,Telangana,36,Jogulamba Gadwal,695,Jogulamba Gadwal,21,47,0,49,43,0,0,84,35,41,1,0,4,0,24,58,27,0,2,0,210,3,0,0,88
2021,Telangana,36,Kamareddy,685,Kamareddy,42,87,0,93,5,0,0,56,46,239,3,0,4,1,63,228,110,0,4,0,205,12,5,0,281
2021,Telangana,36,Karimnagar,508,Karimnagar Commissionerate,12,91,1,170,35,0,0,79,20,253,5,0,4,0,12,66,14,1,17,4,375,5,0,0,740
2021,Telangana,36,Khammam,509,Khammam Commissionerate,21,131,2,169,236,0,0,423,123,310,5,0,33,0,36,191,79,2,2,0,214,11,27,8,806
2021,Telangana,36,Kumuram Bheem Asifabad,699,Kumaram Bheem Asifabad,19,27,0,50,72,0,3,59,12,78,2,0,11,3,21,58,20,1,2,0,284,0,1,0,106
2021,Telangana,36,Mahabubabad,688,Mahabubabad,25,38,2,201,112,0,0,163,35,125,8,0,11,0,19,22,7,0,4,0,174,1,8,0,40
2021,Telangana,36,Mahabubnagar,512,Mahabubnagar,29,191,0,105,93,0,2,228,97,115,5,0,24,0,19,79,27,0,8,9,175,0,0,0,394
2021,Telangana,36,Medak,513,Medak,40,55,0,86,56,0,0,95,64,139,4,0,8,0,19,50,21,0,4,0,152,3,4,1,411
2021,Telangana,36,Mulugu,720,Mulug,6,48,1,19,59,0,0,57,29,70,0,0,4,0,2,22,8,0,0,0,59,1,5,0,188
2021,Telangana,36,Nagarkurnool,694,Nagarkurnool,27,60,3,105,64,0,0,102,55,59,1,0,8,0,45,41,18,0,2,0,121,2,8,0,499
2021,Telangana,36,Nalgonda,514,Nalgonda,57,121,0,231,65,0,8,124,102,282,11,0,22,0,58,68,30,0,3,0,419,9,86,0,3420
2021,Telangana,36,Narayanpet,721,Narayanpet,15,108,0,19,36,0,0,91,52,35,1,0,2,0,10,12,2,0,1,0,98,1,1,0,281
2021,Telangana,36,Nirmal,680,Nirmal,15,24,0,51,36,0,0,24,21,67,2,0,15,0,29,26,12,0,1,0,83,1,0,0,164
2021,Telangana,36,Nizamabad,516,Nizamabad Commissionerate,53,49,3,104,38,1,0,80,52,263,4,0,13,0,19,26,7,0,4,0,269,4,1,0,158
2021,Telangana,36,Peddapalli,682,Ramagundam Commissionerate,33,147,4,269,119,1,3,203,103,567,10,1,29,5,125,207,78,1,20,0,680,7,3,2,194
2021,Telangana,36,Rajanna Sircilla,683,Rajanna Siricilla,16,43,2,99,16,0,2,47,23,185,4,0,2,0,31,38,13,0,3,0,186,12,1,0,1533
2021,Telangana,36,Ranga Reddy,518,Cyberabad Commissionerate,0,0,0,0,0,0,0,0,0,0,0,0,0,0,0,8791,4278,41,58,16,2346,0,5,0,4379
2021,Telangana,36,Sangareddy,691,Sangareddy,75,77,0,67,6,0,0,66,56,129,7,0,13,0,74,70,33,0,1,0,131,8,11,0,612
2021,Telangana,36,Siddipet,692,Siddipet Commissionerate,19,98,0,161,22,0,0,109,83,337,7,0,10,0,0,90,0,46,1,5,231,6,0,0,486
2021,Telangana,36,Suryapet,696,Suryapet,33,121,3,226,42,1,0,106,86,263,10,0,12,0,52,40,0,0,2,0,348,5,6,0,1204
2021,Telangana,36,Vikarabad,698,Vikarabad,35,103,0,113,48,0,0,225,82,95,4,0,22,0,32,36,0,0,0,0,102,10,0,0,885
2021,Telangana,36,Wanaparthy,693,Wanaparthy,9,56,0,27,17,0,0,69,47,41,0,0,0,0,21,46,23,0,0,0,82,0,8,0,195
2021,Telangana,36,Warangal,522,Warangal Commissionerate,55,139,1,253,331,0,2,274,92,516,11,0,37,0,44,294,0,3,0,1,741,30,0,0,2586
2021,Telangana,36,Yadadri Bhuvanagiri,697,Rachakonda Commissionerate,90,565,2,790,259,0,0,565,404,1469,21,0,21,0,47,2813,1176,0,0,0,3167,96,0,0,4164
2021,The Dadra And Nagar Haveli And Daman And Diu,38,Dadra And Nagar Haveli,465,Dadra And Nagar Haveli,15,43,0,4,19,0,0,63,42,3,0,0,0,0,10,0,0,0,0,0,8,6,4,0,11
2021,The Dadra And Nagar Haveli And Daman And Diu,38,Daman,463,Daman,3,10,0,2,48,0,0,38,10,2,0,0,0,0,3,5,0,0,0,8,13,7,1,0,11
2021,The Dadra And Nagar Haveli And Daman And Diu,38,Diu,464,Diu,0,0,0,1,2,0,0,3,1,1,0,0,0,0,2,0,0,0,0,0,0,1,0,0,1
2021,Tripura,16,Dhalai,269,Dhalai,18,18,0,7,14,2,2,23,13,17,3,0,1,0,0,1,0,0,0,0,11,1,1,0,0
2021,Tripura,16,Gomati,654,Gomati,14,39,0,13,13,0,0,28,18,65,1,0,1,0,0,1,0,0,0,2,7,5,2,0,94
2021,Tripura,16,Khowai,652,Kowai,13,36,0,3,19,0,0,26,10,11,1,0,3,0,0,6,0,3,0,0,14,0,1,0,26
2021,Tripura,16,North Tripura,270,North,15,23,6,9,15,0,0,31,19,30,2,0,1,0,0,0,0,0,0,0,16,3,0,0,71
2021,Tripura,16,Sepahijala,653,Sipahijala,0,0,0,0,10,0,0,16,5,0,0,0,0,0,0,0,0,0,0,0,0,0,0,0,0
2021,Tripura,16,South Tripura,271,South,10,14,1,9,13,0,0,19,12,29,5,0,1,0,2,5,0,0,0,2,7,3,5,0,5
2021,Tripura,16,Unakoti,655,Sipahijala,16,10,1,4,7,2,0,0,0,57,6,0,3,0,5,4,0,1,0,1,13,3,3,0,28
2021,Tripura,16,Unakoti,655,Unakoti,15,39,5,14,12,0,0,34,17,64,0,0,1,0,4,4,0,2,0,0,20,4,3,0,36
2021,Tripura,16,West Tripura,272,Grp,1,0,0,1,0,0,0,0,0,0,0,0,0,0,0,0,0,0,0,0,0,0,0,0,0
2021,Tripura,16,West Tripura,272,West,25,68,1,35,35,1,0,59,31,82,4,0,6,0,0,3,0,3,0,0,71,5,17,0,66
2021,Uttar Pradesh,9,Agra,118,Agra,104,262,0,323,239,2,0,79,64,624,68,1,10,0,0,156,29,18,0,39,402,79,146,0,243
2021,Uttar Pradesh,9,Aligarh,119,Aligarh,121,169,0,406,732,2,0,642,221,775,59,0,14,0,0,196,0,0,0,30,0,192,0,0,1414
2021,Uttar Pradesh,9,Ambedkar Nagar,121,Ambedkar Nagar,33,33,0,129,73,0,0,173,37,137,152,0,0,0,0,34,0,0,0,0,50,6,40,0,760
2021,Uttar Pradesh,9,Amethi,640,Amethi,32,85,2,46,36,1,0,87,71,144,12,0,0,0,0,92,39,0,0,0,116,18,0,0,39
2021,Uttar Pradesh,9,Amroha,154,Amroha,40,113,5,66,50,0,0,66,63,241,22,1,0,0,0,53,22,0,0,18,58,24,0,0,415
2021,Uttar Pradesh,9,Auraiya,122,Auraiya,34,118,0,96,113,1,0,122,72,219,28,0,7,0,45,34,0,0,0,8,113,2,0,0,0
2021,Uttar Pradesh,9,Ayodhya,140,Ayodhya,59,351,8,177,272,1,0,326,24,13,213,0,1,0,6,31,0,3,0,18,7,18,190,3,63
2021,Uttar Pradesh,9,Azamgarh,123,Azamgarh,49,123,0,188,227,1,0,288,88,220,50,0,7,0,0,95,6,0,0,41,71,21,62,0,1894
2021,Uttar Pradesh,9,Baghpat,124,Baghpat,57,162,32,100,222,1,0,242,80,71,10,1,0,1,0,92,0,4,0,42,0,27,0,0,904
2021,Uttar Pradesh,9,Bahraich,125,Bahraich,43,116,2,165,445,0,0,271,124,30,717,0,11,0,0,80,23,0,1,0,50,21,173,0,24
2021,Uttar Pradesh,9,Ballia,126,Ballia,42,83,4,73,189,0,0,131,83,108,24,0,4,0,0,50,0,1,0,44,147,8,0,0,24
2021,Uttar Pradesh,9,Balrampur,127,Balrampur,19,112,1,57,140,1,0,132,40,1,97,0,3,0,7,14,0,2,1,4,11,3,83,0,18
2021,Uttar Pradesh,9,Banda,128,Banda,59,99,2,110,131,0,0,239,110,156,46,1,12,0,15,33,0,4,0,3,45,26,1,0,201
2021,Uttar Pradesh,9,Bara Banki,129,Barabanki,67,249,0,106,19,0,2,0,1,13,304,0,14,0,157,31,0,4,0,8,75,12,38,0,0
2021,Uttar Pradesh,9,Barabanki,129,Barabanki,7,0,0,10,141,0,0,262,103,0,0,0,1,0,0,0,0,0,0,0,0,0,0,0,0
2021,Uttar Pradesh,9,Bareilly,130,Bareilly,78,86,0,238,242,0,0,171,164,891,956,0,0,0,0,147,0,0,0,0,336,33,0,0,3451
2021,Uttar Pradesh,9,Basti,131,Basti,30,148,26,121,52,1,0,162,62,0,182,0,5,0,2,48,0,3,0,23,91,22,0,0,0
2021,Uttar Pradesh,9,Bhadohi,179,Bhadohi,17,99,0,52,105,2,0,134,42,3,85,0,6,0,0,40,0,1,1,26,66,17,0,0,83
2021,Uttar Pradesh,9,Bijnor,132,Bijnor,38,98,4,79,12,0,0,103,98,176,433,0,14,0,0,86,0,8,0,46,0,14,0,0,280
2021,Uttar Pradesh,9,Budaun,133,Badaun,71,114,3,105,147,2,0,193,138,310,42,2,0,0,20,36,0,0,0,0,53,11,0,1,838
2021,Uttar Pradesh,9,Bulandshahr,134,Bulandshahar,71,186,12,303,92,1,0,391,240,858,53,0,13,0,83,677,185,0,3,52,491,15,25,0,398
2021,Uttar Pradesh,9,Chandauli,135,Chandoli,25,64,0,49,36,1,0,60,59,115,7,0,1,0,33,28,0,3,0,11,16,10,11,0,204
2021,Uttar Pradesh,9,Chitrakoot,136,Chitrakoot,10,72,12,88,25,0,0,81,40,34,15,0,6,0,0,34,0,0,0,0,21,4,0,0,128
2021,Uttar Pradesh,9,Deoria,137,Deoria,20,33,0,20,0,0,0,35,25,19,18,0,0,0,0,54,0,0,0,0,0,1,50,0,0
2021,Uttar Pradesh,9,Etah,138,Etah,30,42,0,106,72,0,0,71,54,88,31,0,0,0,0,130,0,19,0,43,155,14,0,0,12
2021,Uttar Pradesh,9,Etawah,139,Etawah,61,125,0,66,106,2,0,145,75,95,37,1,7,0,136,29,2,0,0,4,146,9,0,0,19
2021,Uttar Pradesh,9,Farrukhabad,141,Fatehgarh,59,105,9,32,135,1,0,145,63,157,26,0,0,0,0,0,0,0,0,0,115,35,0,0,1378
2021,Uttar Pradesh,9,Fatehpur,142,Fatehpur,41,120,0,151,136,0,0,370,130,165,44,0,0,11,57,60,0,0,0,33,18,14,22,0,426
2021,Uttar Pradesh,9,Firozabad,143,Firozabad,102,422,43,329,443,8,0,525,130,358,60,0,12,0,82,64,0,8,9,9,0,53,0,0,676
2021,Uttar Pradesh,9,Gautam Buddha Nagar,144,Gautambudh Nagar,91,157,3,112,362,0,0,93,58,257,45,0,0,0,4,1228,459,40,30,2,557,55,227,0,3943
2021,Uttar Pradesh,9,Ghaziabad,145,Ghaziabad,80,288,14,162,108,1,1,271,166,542,36,2,0,0,0,558,0,15,0,92,23,84,219,3,246
2021,Uttar Pradesh,9,Ghazipur,146,Ghazipur,50,190,0,331,124,2,0,337,125,229,28,1,19,0,116,73,0,0,0,28,119,19,0,0,608
2021,Uttar Pradesh,9,Gonda,147,Gonda,19,55,11,88,131,2,0,120,69,18,166,0,0,0,0,53,2,3,0,20,88,3,0,0,876
2021,Uttar Pradesh,9,Gorakhpur,148,Gorakhpur,148,285,0,372,663,0,2,501,184,374,423,1,0,0,0,169,0,0,0,0,0,69,346,0,2784
2021,Uttar Pradesh,9,Hamirpur,149,Hamirpur,24,101,0,73,47,0,0,166,89,85,19,0,7,10,19,32,9,2,0,7,46,8,0,0,227
2021,Uttar Pradesh,9,Hapur,661,Hapur,59,105,0,229,337,0,0,196,97,231,26,2,0,0,48,67,0,8,0,14,164,22,0,0,17
2021,Uttar Pradesh,9,Hardoi,150,Hardoi,70,166,36,252,135,0,0,276,85,173,51,0,0,0,0,65,0,0,0,13,57,67,114,0,0
2021,Uttar Pradesh,9,Hathras,163,Hathras,33,153,17,213,162,2,0,261,74,132,26,0,0,0,0,29,0,3,1,9,23,23,17,0,356
2021,Uttar Pradesh,9,Jalaun,151,Jalaun,31,45,0,61,136,0,0,136,44,110,22,1,11,0,11,41,0,0,0,20,69,11,7,0,240
2021,Uttar Pradesh,9,Jaunpur,152,Jaunpur,60,243,0,85,133,0,0,277,140,176,35,0,14,0,17,86,9,5,0,47,93,21,0,1,446
2021,Uttar Pradesh,9,Jhansi,153,Jhansi,37,170,0,93,92,0,0,140,54,253,22,0,12,0,0,64,0,0,0,20,41,7,34,0,516
2021,Uttar Pradesh,9,Kannauj,155,Kannauj,49,135,0,160,206,1,0,193,98,424,32,0,7,0,0,0,0,0,0,0,26,15,50,0,1150
2021,Uttar Pradesh,9,Kanpur Dehat,156,Kanpur Dehat,41,51,0,88,0,0,0,82,82,460,16,1,0,0,14,81,0,0,0,0,102,5,24,0,369
2021,Uttar Pradesh,9,Kanpur Dehat,156,Kanpur Outer,40,106,2,135,132,0,0,169,104,173,22,0,0,0,3,34,0,8,0,5,38,2,0,0,748
2021,Uttar Pradesh,9,Kanpur Nagar,157,Kanpur Commissionarate,48,149,0,134,145,1,0,196,119,467,32,1,0,0,16,449,0,119,0,71,296,12,0,2,2977
2021,Uttar Pradesh,9,Kasganj,633,Kasganj,55,95,18,255,418,1,0,343,67,130,147,0,0,0,0,33,4,4,3,18,4,7,62,0,1243
2021,Uttar Pradesh,9,Kaushambi,158,Kaushambi,35,165,0,58,130,0,0,182,51,97,14,0,0,0,0,39,0,0,0,0,43,8,0,0,1375
2021,Uttar Pradesh,9,Kheri,159,Khiri,63,114,0,106,161,0,0,146,107,273,61,0,0,0,0,66,0,0,0,28,66,9,79,0,2750
2021,Uttar Pradesh,9,Kushi Nagar,160,Kushi Nagar,8,0,0,17,164,0,0,264,72,0,0,0,0,0,0,0,0,0,0,0,0,0,0,0,0
2021,Uttar Pradesh,9,Kushinagar,160,Kushi Nagar,34,118,0,120,230,1,0,0,0,86,22,0,2,0,125,104,17,0,0,22,40,20,33,0,17
2021,Uttar Pradesh,9,Lalitpur,161,Lalitpur,21,37,1,47,21,0,0,51,48,28,12,0,10,0,0,20,0,0,0,10,0,5,0,0,263
2021,Uttar Pradesh,9,Lucknow,162,Grp,14,14,3,43,21,0,2,18,4,0,0,1,2,0,8,0,0,0,0,0,7,67,1,0,344
2021,Uttar Pradesh,9,Lucknow,162,Lucknow Commissionarate,104,358,5,332,600,5,1,633,246,1101,62,0,44,0,81,1067,0,49,0,150,1572,126,342,0,287
2021,Uttar Pradesh,9,Lucknow,162,Lucknow Grameen,23,38,1,45,53,0,0,39,0,70,4,0,0,0,0,19,2,3,0,5,31,4,0,0,2
2021,Uttar Pradesh,9,Maharajganj,164,Maharajganj,5,0,0,0,39,0,2,132,80,0,0,0,0,0,0,0,0,0,0,0,0,0,0,0,0
2021,Uttar Pradesh,9,Mahoba,165,Mahoba,23,81,0,64,51,0,0,110,59,26,13,0,8,0,15,12,0,1,0,6,32,11,0,0,8
2021,Uttar Pradesh,9,Mahrajganj,164,Maharajganj,23,96,0,17,4,0,5,0,0,169,14,0,4,0,11,49,0,1,0,43,43,5,0,1,285
2021,Uttar Pradesh,9,Mainpuri,166,Mainpuri,61,260,32,96,244,2,0,270,72,134,22,0,2,0,0,24,0,0,0,0,5,22,50,0,33
2021,Uttar Pradesh,9,Mathura,167,Mathura,95,183,0,386,244,2,0,307,307,611,33,0,0,0,0,151,0,0,0,0,0,123,0,0,3113
2021,Uttar Pradesh,9,Mau,168,Mau,23,142,0,64,80,1,2,141,126,33,261,0,0,0,0,110,8,8,0,50,109,23,21,0,20
2021,Uttar Pradesh,9,Meerut,169,Meerut,126,235,105,157,364,0,0,399,83,580,39,1,0,0,0,153,0,0,0,153,0,73,277,0,108
2021,Uttar Pradesh,9,Mirzapur,170,Mirzapur,28,87,0,31,56,0,0,110,57,100,23,0,7,0,18,31,0,1,0,2,13,1,27,0,311
2021,Uttar Pradesh,9,Moradabad,171,Moradabad,64,269,0,274,266,0,0,428,186,711,28,0,0,0,40,109,3,10,3,58,2,23,0,0,7
2021,Uttar Pradesh,9,Muzaffarnagar,172,Muzaffarnagar,68,135,20,34,39,0,0,140,71,319,28,1,0,0,60,85,14,0,7,26,24,32,21,0,792
2021,Uttar Pradesh,9,Pilibhit,173,Pilibhit,41,308,35,102,325,0,0,331,108,220,50,0,2,0,0,40,0,4,0,15,195,40,1,0,161
2021,Uttar Pradesh,9,Pratapgarh,174,Pratapgarh,80,255,2,242,283,2,0,580,74,342,44,0,2,180,0,122,41,0,0,0,52,38,136,0,70
2021,Uttar Pradesh,9,Prayagraj,120,Prayagraj,129,334,0,437,257,4,2,272,68,763,56,0,23,0,60,1073,0,0,0,11,334,50,0,2,95
2021,Uttar Pradesh,9,Rae Bareli,175,Raibareilly,43,264,0,91,260,0,0,366,102,149,29,3,0,0,0,91,0,0,0,0,101,16,0,0,0
2021,Uttar Pradesh,9,Rampur,176,Rampur,32,193,5,53,160,0,0,84,59,3,337,0,1,4,26,13,0,0,0,5,0,14,104,0,80
2021,Uttar Pradesh,9,Saharanpur,177,Saharanpur,40,125,0,131,108,0,0,127,125,380,36,0,0,0,15,59,0,3,0,45,174,15,204,0,484
2021,Uttar Pradesh,9,Sambhal,659,Sambhal,51,150,5,90,138,0,2,164,72,210,43,0,3,3,0,61,17,0,3,21,101,25,0,0,93
2021,Uttar Pradesh,9,Sant Kabeer Nagar,178,Sant Kabirnagar,0,22,0,33,75,0,0,182,52,0,0,0,0,0,0,0,0,0,0,0,0,0,0,0,0
2021,Uttar Pradesh,9,Sant Kabir Nagar,178,Sant Kabirnagar,14,149,22,90,19,0,0,0,4,62,6,0,5,0,0,41,0,0,0,26,35,4,0,0,455
2021,Uttar Pradesh,9,Shahjahanpur,180,Shahjahanpur,62,160,0,176,141,0,0,257,124,292,53,0,32,0,0,42,0,0,0,0,193,0,66,0,873
2021,Uttar Pradesh,9,Shamli,660,Shamli,37,64,0,116,60,0,0,62,57,200,9,0,0,0,16,77,0,2,0,27,0,18,99,0,238
2021,Uttar Pradesh,9,Shravasti,181,Shrawasti,0,0,0,0,85,0,0,125,30,0,0,0,0,0,0,0,0,0,0,0,0,0,0,0,0
2021,Uttar Pradesh,9,Shrawasti,181,Shrawasti,22,93,0,73,36,0,0,0,0,9,114,0,6,0,4,15,0,2,0,4,28,5,73,0,14
2021,Uttar Pradesh,9,Siddharth Nagar,182,Sidharthnagar,1,13,0,0,98,0,0,160,48,0,0,0,0,0,0,0,0,0,0,0,0,0,0,0,0
2021,Uttar Pradesh,9,Siddharthnagar,182,Sidharthnagar,15,143,13,63,12,0,0,0,1,3,67,0,2,0,0,23,0,0,0,0,61,2,0,0,523
2021,Uttar Pradesh,9,Sitapur,183,Sitapur,71,260,0,60,214,0,0,340,126,257,52,0,0,0,0,27,0,0,0,0,155,9,0,0,0
2021,Uttar Pradesh,9,Sonbhadra,184,Sonbhadra,31,112,0,28,0,0,1,81,84,67,83,0,0,0,0,28,0,0,0,0,67,11,0,0,78
2021,Uttar Pradesh,9,Sultanpur,185,Sultanpur,60,211,2,138,348,0,0,288,84,60,208,0,8,0,28,95,0,2,2,21,113,47,67,0,4
2021,Uttar Pradesh,9,Unnao,186,Unnao,46,187,0,112,288,1,0,270,147,204,32,0,5,0,82,67,0,2,0,32,34,35,0,0,0
2021,Uttar Pradesh,9,Varanasi,187,Varanasi Commissionarate,28,165,0,127,84,1,2,235,68,377,10,1,24,15,69,600,0,52,5,82,335,6,208,0,637
2021,Uttar Pradesh,9,Varanasi,187,Vasanasi Dehat,35,129,0,64,88,2,0,141,37,185,12,0,3,0,51,59,0,0,0,0,0,11,158,0,286
2021,Uttarakhand,5,Almora,45,Almora,7,45,0,14,4,0,0,30,19,9,1,0,0,0,0,15,0,0,0,0,0,3,0,0,181
2021,Uttarakhand,5,Bageshwar,46,Bageshwar,6,15,0,15,1,0,0,11,11,6,1,0,0,0,0,0,0,0,0,0,0,3,0,0,0
2021,Uttarakhand,5,Chamoli,47,Chamoli,5,9,0,3,0,0,0,10,10,5,0,0,0,0,1,6,0,0,0,3,20,0,1,0,15
2021,Uttarakhand,5,Champawat,48,Champawat,3,19,0,2,15,0,0,27,13,3,6,0,3,0,0,12,0,1,0,2,13,1,0,0,6
2021,Uttarakhand,5,Cyber Cell,9999,Cyber Cell,0,0,0,0,0,0,0,0,0,0,0,0,0,0,0,0,0,0,0,0,0,0,0,0,0
2021,Uttarakhand,5,Dehradun,49,Cyber Cell,0,0,0,0,0,0,0,0,0,0,0,0,0,0,0,33,0,2,0,0,0,0,0,0,0
2021,Uttarakhand,5,Dehradun,49,Dehradun,33,215,0,81,112,3,3,225,162,132,212,1,0,0,45,300,0,40,0,39,315,43,119,0,2
2021,Uttarakhand,5,Dehradun,49,Grp,1,0,0,1,1,0,0,0,0,0,0,0,0,0,0,0,0,0,0,0,2,2,0,0,0
2021,Uttarakhand,5,Haridwar,50,Haridwar,78,346,26,235,216,2,6,330,127,71,143,0,0,6,0,75,0,10,9,19,0,51,0,0,1312
2021,Uttarakhand,5,Nainital,51,Nainital,18,210,0,115,40,0,1,124,83,32,75,1,0,0,0,31,0,0,0,4,126,35,0,6,1110
2021,Uttarakhand,5,Pauri Garhwal,52,Pauri Garhwal,6,35,0,16,27,0,0,18,7,33,3,0,0,0,0,16,0,1,0,5,34,0,0,0,96
2021,Uttarakhand,5,Pithoragarh,53,Pithoragarh,5,34,2,24,1,2,2,27,22,5,2,0,1,0,12,20,8,2,0,2,8,5,0,0,12
2021,Uttarakhand,5,Rudra Prayag,54,Rudra Prayag,1,3,0,1,11,0,0,4,3,0,1,0,0,0,0,3,0,1,0,0,0,0,0,0,16
2021,Uttarakhand,5,Tehri Garhwal,55,Tehri Garhwal,9,27,0,20,25,0,0,21,15,1,1,0,0,0,5,16,0,0,0,3,20,3,0,0,43
2021,Uttarakhand,5,Udam Singh Nagar,56,Udham Singh Nagar,0,0,0,0,0,0,0,0,0,0,0,0,0,0,0,201,0,0,0,9,0,0,0,0,0
2021,Uttarakhand,5,Udam Singh Nagar,56,Udhamsingh Nagar,38,661,0,179,163,0,9,388,225,212,41,1,8,0,0,0,0,0,0,6,271,42,0,11,1292
2021,Uttarakhand,5,Uttar Kashi,57,Uttarkashi,3,47,0,16,19,0,0,30,17,10,0,0,0,0,0,7,0,0,0,1,0,0,0,0,77
2021,West Bengal,19,24 Paraganas North,303,Bangaon,0,0,0,0,97,0,0,218,43,0,0,0,2,2,0,0,0,0,0,0,0,0,0,0,0
2021,West Bengal,19,24 Paraganas North,303,Barasat,0,0,0,0,149,0,0,243,73,0,0,0,14,0,0,0,0,0,0,0,0,0,0,0,0
2021,West Bengal,19,24 Paraganas North,303,Barrackpur Pc,0,0,0,0,174,1,0,260,71,0,0,0,1,0,0,0,0,0,0,0,0,0,0,1,0
2021,West Bengal,19,24 Paraganas North,303,Basirhat,0,0,0,0,344,1,0,452,38,0,0,0,0,0,0,0,0,0,0,0,0,0,0,0,0
2021,West Bengal,19,24 Paraganas North,303,Bidhannagar Pc,0,0,0,0,54,0,1,100,41,0,0,0,0,0,0,0,0,0,0,0,0,0,0,0,0
2021,West Bengal,19,24 Paraganas South,304,Baruipur Police,0,0,0,0,248,0,2,424,166,0,0,0,0,0,0,0,0,0,0,0,0,0,0,0,0
2021,West Bengal,19,24 Paraganas South,304,Diamond Harbour Police,0,0,0,0,115,0,0,171,55,0,0,0,0,0,0,0,0,0,0,0,0,0,0,0,0
2021,West Bengal,19,24 Paraganas South,304,Sundarban Police,0,0,0,0,185,0,0,283,92,0,0,0,0,0,0,0,0,0,0,0,0,0,0,0,0
2021,West Bengal,19,Alipurduar,664,Alipurduar,38,141,23,40,230,0,0,196,84,317,10,0,13,0,18,4,0,0,0,0,55,3,13,1,209
2021,West Bengal,19,Bankura,305,Bankura,61,75,7,74,163,0,3,133,45,287,19,1,20,0,36,17,0,0,3,6,53,13,32,1,157
2021,West Bengal,19,Birbhum,307,Birbhum,82,91,22,37,168,1,0,184,69,357,14,1,33,6,19,22,0,0,10,0,145,19,0,0,89
2021,West Bengal,19,Cooch Behar,308,Coochbehar,70,219,50,48,390,4,0,0,0,582,29,0,22,0,0,10,0,0,0,0,76,23,0,2,1593
2021,West Bengal,19,Coochbehar,308,Coochbehar,0,0,0,0,324,0,0,438,113,0,0,0,0,0,0,0,0,0,0,0,0,0,0,1,0
2021,West Bengal,19,Dakshin Dinajpur,310,Dakshin Dinajpur,40,70,17,22,284,3,0,0,1,164,7,0,17,0,0,2,0,0,0,4,59,0,1,1,73
2021,West Bengal,19,Darjeeling,309,Darjeeling,20,52,4,69,119,0,6,114,48,147,1,0,5,0,0,18,0,0,0,0,22,3,10,0,343
2021,West Bengal,19,Darjeeling,309,Siliguri Grp,5,3,0,3,2,0,0,6,3,0,0,0,0,0,0,0,0,0,0,0,0,0,0,0,17
2021,West Bengal,19,Darjeeling,309,Siliguri Pc,34,68,15,88,489,2,2,346,67,503,3,1,20,0,0,107,40,0,0,0,441,20,87,5,920
2021,West Bengal,19,Dinajpur Dakshin,310,Dakshin Dinajpur,2,0,0,0,279,1,0,364,38,0,0,0,1,2,0,0,0,0,0,0,0,0,0,0,0
2021,West Bengal,19,Dinajpur Uttar,311,Islampur,2,0,0,0,64,0,0,100,27,0,0,0,0,0,0,0,0,0,0,0,0,0,0,0,0
2021,West Bengal,19,Dinajpur Uttar,311,Raiganj,0,0,0,0,110,0,1,163,50,0,0,0,1,0,0,0,0,0,0,0,0,0,0,0,0
2021,West Bengal,19,Hooghly,312,Chandannagar Pc,16,46,3,19,86,1,0,97,48,504,11,1,12,0,7,2,0,0,1,0,215,7,4,3,764
2021,West Bengal,19,Hooghly,312,Hooghly Rural Police,59,109,8,20,252,2,0,206,78,588,17,0,22,3,0,12,2,0,1,0,224,5,7,0,1823
2021,West Bengal,19,Howrah,313,Howrah Grp,6,1,0,3,3,0,3,4,1,0,0,0,2,0,0,0,0,0,0,0,0,0,2,0,12
2021,West Bengal,19,Howrah,313,Howrah Pc,46,68,10,43,352,7,0,252,74,544,10,2,14,0,0,29,0,3,2,0,216,10,27,0,2684
2021,West Bengal,19,Howrah,313,Howrah Rural,60,73,9,25,332,1,0,253,80,464,10,0,9,0,3,6,0,0,0,0,103,7,24,0,419
2021,West Bengal,19,Jalpaiguri,314,Jalpaiguri,52,126,33,23,301,0,6,261,108,291,11,0,6,0,18,51,0,0,15,1,119,8,19,0,1230
2021,West Bengal,19,Jhargram,703,Jhargram,29,40,4,25,154,0,0,107,22,94,3,0,2,0,7,12,3,0,0,0,32,4,2,0,343
2021,West Bengal,19,Kalimpong,702,Kalimpong,12,24,0,8,41,0,0,51,25,22,0,0,0,0,0,10,0,0,0,0,13,1,3,0,98
2021,West Bengal,19,Kolkata,315,Kolkata,47,125,0,472,531,11,4,497,172,841,5,3,21,0,29,420,96,11,28,0,1935,23,40,7,1622
2021,West Bengal,19,Kolkata,315,Sealdah Grp,17,0,0,2,5,0,0,4,0,0,0,0,5,0,0,0,0,0,0,0,3,4,0,0,4
2021,West Bengal,19,Malda,316,Malda,106,381,99,81,443,5,2,0,2,518,15,1,27,0,0,10,2,1,2,0,181,25,16,0,358
2021,West Bengal,19,Maldah,316,Malda,9,0,0,0,355,0,0,570,200,0,0,0,1,0,0,0,0,0,0,0,0,0,0,0,0
2021,West Bengal,19,Medinipur East,317,Purab Medinipur,4,0,0,0,479,0,1,576,73,0,0,0,2,2,0,0,0,0,0,0,0,0,0,1,0
2021,West Bengal,19,Medinipur West,318,Kharagpur Grp,0,0,0,0,1,0,1,2,0,0,0,0,0,0,0,0,0,0,0,0,0,0,0,0,0
2021,West Bengal,19,Medinipur West,318,Paschim Medinipur,1,0,0,0,534,0,0,624,83,0,0,0,1,1,0,0,0,0,0,0,0,0,0,0,0
2021,West Bengal,19,Murshidabad,319,Jangipur Police District,46,46,13,27,236,1,2,165,40,526,11,0,0,0,20,0,0,0,0,0,41,7,16,1,158
2021,West Bengal,19,Murshidabad,319,Murshidabad Police District,122,385,104,92,751,0,2,586,191,1401,19,5,22,0,181,13,0,0,4,0,138,5,71,4,301
2021,West Bengal,19,Nadia,320,Krishnagar,78,197,82,45,597,0,2,316,42,679,22,2,20,0,0,1,0,0,0,0,231,11,7,4,1916
2021,West Bengal,19,Nadia,320,Ranaghat,41,117,46,39,351,0,2,244,73,716,26,1,11,0,0,0,0,0,0,0,120,5,0,3,1547
2021,West Bengal,19,North 24 Parganas,303,Bangaon,20,101,36,90,122,2,2,0,0,630,14,1,9,0,0,0,0,0,0,0,167,3,43,0,655
2021,West Bengal,19,North 24 Parganas,303,Barasat,52,85,23,92,114,0,2,0,0,752,3,5,10,0,0,26,0,1,8,7,181,7,56,1,1478
2021,West Bengal,19,North 24 Parganas,303,Barrackpur Pc,77,71,23,656,184,2,2,0,0,1501,13,4,17,0,15,15,0,0,0,1,1015,18,70,6,1563
2021,West Bengal,19,North 24 Parganas,303,Basirhat,39,75,20,29,398,1,2,0,0,690,19,1,24,0,0,8,0,0,0,0,81,6,0,0,683
2021,West Bengal,19,North 24 Parganas,303,Bidhannagar Pc,17,38,7,77,46,2,7,0,0,327,3,1,8,0,22,8,0,0,0,0,645,3,16,0,1487
2021,West Bengal,19,Paschim Bardhaman,704,Asansol-Durgapur Pc,57,83,22,28,135,2,2,122,59,540,17,1,18,0,0,40,3,0,5,0,289,19,113,0,178
2021,West Bengal,19,Paschim Medinipur,318,Kharagpur Grp,1,0,0,2,1,0,2,0,0,0,0,0,0,0,0,0,0,0,0,0,3,0,0,0,5
2021,West Bengal,19,Paschim Medinipur,318,Paschim Medinipur,110,134,24,294,681,3,2,0,0,892,13,0,0,0,0,3,0,0,0,0,45,34,33,4,1271
2021,West Bengal,19,Purba Bardhaman,306,Purba Bardhaman,98,147,33,113,455,2,0,309,89,1005,21,4,27,0,2,25,1,3,0,0,323,19,0,1,2660
2021,West Bengal,19,Purba Medinipur,317,Purab Medinipur,72,400,37,52,415,3,2,0,0,833,23,2,20,0,27,24,1,0,1,0,65,15,28,4,2854
2021,West Bengal,19,Purulia,321,Purulia,52,47,7,34,84,0,0,82,42,220,8,0,10,0,7,13,0,0,1,0,26,7,8,0,896
2021,West Bengal,19,South 24 Parganas,304,Baruipur Police,83,244,45,30,331,4,6,0,1,1269,28,1,11,0,92,4,0,0,0,0,527,8,2,1,3712
2021,West Bengal,19,South 24 Parganas,304,Diamond Harbour Police,44,76,9,43,133,1,0,0,0,634,16,3,9,0,0,6,0,0,2,0,56,6,7,0,1188
2021,West Bengal,19,South 24 Parganas,304,Sundarban Police,41,138,11,42,170,2,2,0,0,745,9,0,7,0,0,14,0,0,0,0,128,1,19,1,535
2021,West Bengal,19,Uttar Dinajpur,311,Islampur,39,67,5,4,80,0,0,0,1,177,6,0,0,0,6,4,0,1,0,2,16,11,5,2,34
2021,West Bengal,19,Uttar Dinajpur,311,Raiganj,35,77,24,18,135,3,2,0,4,192,18,0,11,0,56,27,3,4,6,0,101,9,0,0,606
2022,Andaman And Nicobar Islands,35,Nicobars,603,Nicobar,1,30,0,3,0,0,0,27,27,0,0,0,0,0,0,2,1,0,0,0,2,0,0,0,1
2022,Andaman And Nicobar Islands,35,North And Middle Andaman,632,North & Middle Andaman,2,0,0,0,0,0,0,0,0,0,0,0,0,0,0,0,0,0,0,0,2,0,0,0,0
2022,Andaman And Nicobar Islands,35,North And Middle Andaman,632,North And Middle Andaman,0,0,0,0,2,0,0,22,19,0,0,0,1,0,0,3,0,0,0,0,0,0,0,0,3
2022,Andaman And Nicobar Islands,35,North And Middle Andaman,632,North Andmiddle Andaman,0,12,1,4,1,0,0,0,0,0,0,0,3,0,0,0,0,0,0,0,0,0,0,0,0
2022,Andaman And Nicobar Islands,35,South Andamans,602,South Andaman,6,63,0,30,19,0,0,97,63,5,0,0,1,0,10,42,14,4,1,6,40,4,1,0,24
2022,Andhra Pradesh,28,Alluri Sitharama Raju,745,Alluri Sitharama Raju,30,81,0,27,3,0,0,17,13,58,2,0,2,0,15,1,0,0,0,2,23,1,2,0,196
2022,Andhra Pradesh,28,Anakapalli,744,Anakapalli,16,106,6,296,29,1,2,65,58,276,5,0,4,0,23,97,40,4,2,5,131,8,7,1,570
2022,Andhra Pradesh,28,Anantapur,502,Anantapuramu,4,50,12,224,8,1,2,168,65,343,2,0,19,19,0,0,0,0,0,7,0,0,0,1,0
2022,Andhra Pradesh,28,Anantapur,502,Guntakal Railway,0,0,0,0,0,0,0,2,1,0,0,0,1,0,0,0,0,0,0,0,0,0,0,0,0
2022,Andhra Pradesh,28,Ananthapuramu,502,Anantapuramu,51,12,0,0,0,3,2,0,0,0,0,0,0,0,160,68,26,0,4,7,202,8,0,0,465
2022,Andhra Pradesh,28,Ananthapuramu,502,Guntakal Railway,1,0,0,2,0,0,0,0,0,1,0,0,2,0,0,0,0,0,0,0,5,5,0,0,10
2022,Andhra Pradesh,28,Annamayya,753,Annamayya,38,49,1,176,5,0,3,49,37,362,15,0,6,2,24,5,0,1,0,2,157,6,7,0,469
2022,Andhra Pradesh,28,Bapatla,750,Bapatla,42,78,1,317,10,0,1,68,56,447,4,0,10,1,8,31,11,0,3,0,216,11,1,2,933
2022,Andhra Pradesh,28,Chittoor,503,Chittoor,30,51,3,271,6,5,3,85,49,357,2,0,17,2,10,107,33,1,10,10,183,8,4,0,626
2022,Andhra Pradesh,28,Dr. B.R. Ambedkar Konaseema,747,Dr Br Ambedkar Konaseema,17,23,0,0,0,2,0,0,0,0,0,0,0,0,51,56,22,0,4,1,190,16,4,0,283
2022,Andhra Pradesh,28,East Godavari,505,East Godavari,27,128,0,367,44,1,1,194,118,672,0,1,13,23,55,139,37,1,12,16,231,32,18,0,470
2022,Andhra Pradesh,28,Eluru,748,Eluru,33,109,14,561,58,1,6,192,163,653,8,0,17,1,23,134,48,1,3,22,467,8,4,0,1537
2022,Andhra Pradesh,28,Guntur,506,Guntur,39,122,7,909,49,3,21,192,139,1054,6,0,31,3,93,672,252,9,21,16,852,31,48,27,542
2022,Andhra Pradesh,28,Kakinada,746,Kakinada,35,76,3,315,26,0,0,120,48,416,3,0,10,7,78,96,14,0,2,20,179,5,7,0,167
2022,Andhra Pradesh,28,Konaseema,747,Dr Br Ambedkar Konaseema,0,62,4,379,39,0,0,117,85,386,3,1,4,5,0,0,0,0,0,1,0,0,0,0,0
2022,Andhra Pradesh,28,Krishna,510,Krishna,29,112,13,560,187,0,2,239,106,766,12,0,16,12,20,140,42,0,12,24,187,5,9,0,606
2022,Andhra Pradesh,28,Kurnool,511,Kurnool,44,48,8,363,42,0,0,51,23,347,4,0,12,0,8,19,0,0,1,15,454,17,0,3,451
2022,Andhra Pradesh,28,Nandyal,755,Nandyal,45,50,5,363,26,0,0,78,63,151,284,1,27,0,15,45,0,3,2,9,617,20,24,1,452
2022,Andhra Pradesh,28,Ntr,749,Ntr,49,254,5,578,75,0,0,554,413,1204,3,0,22,13,91,300,105,5,25,8,492,28,40,33,179
2022,Andhra Pradesh,28,Ntr,749,Viiayawada Railway,5,2,0,4,4,0,2,7,0,0,0,0,0,0,5,1,0,1,0,0,3,1,1,0,3
2022,Andhra Pradesh,28,Palnadu,751,Palnadu,43,43,6,337,59,2,0,108,54,398,4,1,17,4,41,59,19,0,4,2,189,5,1,2,264
2022,Andhra Pradesh,28,Parvathipuram Manyam,743,Parvathipuram Manyam,6,81,0,107,23,0,0,46,22,98,2,0,4,0,4,30,9,2,1,0,25,3,1,0,313
2022,Andhra Pradesh,28,Prakasam,517,Prakasam,50,82,11,465,8,1,3,83,70,539,0,0,17,0,31,170,46,1,22,14,277,6,42,3,743
2022,Andhra Pradesh,28,Spsr Nellore,515,Sri Potti Sriramulu Nellore,2,62,14,461,9,1,1,111,84,582,2,0,23,4,0,0,0,0,0,0,0,0,0,0,0
2022,Andhra Pradesh,28,Sri Potti Sriramulu Nellore,515,Sri Potti Sriramulu Nellore,54,17,0,0,0,1,0,0,0,0,0,0,0,0,63,10,0,0,0,0,357,27,13,0,1082
2022,Andhra Pradesh,28,Sri Sathya Sai,754,Sri Sathya Sai,55,41,13,261,2,2,2,76,41,260,7,0,18,4,25,129,53,1,9,8,91,13,7,0,315
2022,Andhra Pradesh,28,Srikakulam,519,Srikakulam,23,83,2,195,15,0,3,76,35,362,2,0,12,4,21,171,65,20,5,0,164,4,1,0,278
2022,Andhra Pradesh,28,Tirupati,752,Tirupati,65,59,9,238,13,0,0,88,50,394,4,2,11,0,73,338,146,5,5,11,338,24,0,0,2204
2022,Andhra Pradesh,28,Visakhapatanam,520,Visakhapatnam,2,0,0,0,19,0,0,178,116,0,0,0,2,8,0,0,0,0,0,0,0,0,0,0,0
2022,Andhra Pradesh,28,Visakhapatnam,520,Visakhapatnam,38,197,0,376,20,1,2,0,0,714,6,0,16,0,85,1204,280,33,48,13,485,29,8,2,1185
2022,Andhra Pradesh,28,Vizianagaram,521,Vizianagaram,22,81,3,281,70,0,0,126,45,319,3,0,9,1,34,164,39,25,0,4,106,7,4,0,78
2022,Andhra Pradesh,28,West Godavari,523,West Godavari,14,126,4,310,18,1,5,115,109,459,8,0,19,1,26,38,10,2,2,7,218,10,11,1,678
2022,Andhra Pradesh,28,Y.S.R.,504,Ysr,54,66,5,317,12,0,2,103,76,346,7,0,15,0,27,39,4,3,0,6,214,4,10,0,973
2022,Arunachal Pradesh,12,Anjaw,628,Anjaw,1,2,0,2,0,0,0,2,2,0,0,0,0,0,0,0,0,0,0,0,2,0,2,0,0
2022,Arunachal Pradesh,12,Changlang,229,Changlang,9,10,3,10,10,0,0,16,0,0,0,0,0,0,0,4,0,0,0,0,4,0,1,0,18
2022,Arunachal Pradesh,12,Dibang Valley,230,Dibang Valley,0,0,0,0,0,0,0,0,0,0,0,0,0,0,0,0,0,0,0,0,1,0,0,0,2
2022,Arunachal Pradesh,12,East Kameng,231,Kameng East,4,12,3,4,1,0,0,5,0,5,0,0,0,0,0,2,0,0,1,0,8,0,3,0,21
2022,Arunachal Pradesh,12,East Kameng,231,Kameng West,0,1,0,0,3,0,0,5,1,0,0,0,0,0,0,0,0,0,0,0,0,0,0,0,0
2022,Arunachal Pradesh,12,East Siang,232,Siang East,4,12,5,9,5,0,0,10,4,0,0,0,0,1,4,0,0,0,0,0,11,6,1,0,13
2022,Arunachal Pradesh,12,Kamle,718,Kamle,1,2,1,0,0,0,0,1,0,0,0,0,0,0,0,0,0,0,0,0,0,0,0,0,9
2022,Arunachal Pradesh,12,Kra Daadi,677,Kra Dadi,1,2,1,0,0,0,0,2,0,0,0,0,0,0,0,0,0,0,0,0,0,0,1,0,5
2022,Arunachal Pradesh,12,Kurung Kumey,233,Kurung Kumey,3,0,0,0,0,0,0,1,0,0,0,0,0,0,2,0,0,0,0,0,2,0,2,0,8
2022,Arunachal Pradesh,12,Leparada,724,Leparada,0,3,0,3,2,0,0,3,2,0,0,0,0,0,0,1,0,0,0,2,6,1,0,0,1
2022,Arunachal Pradesh,12,Lohit,234,Lohit,3,4,1,8,7,0,0,8,0,1,0,0,0,0,7,0,0,0,0,0,1,3,2,0,7
2022,Arunachal Pradesh,12,Longding,666,Longding,2,4,0,1,0,0,0,2,2,0,0,0,0,0,0,0,0,0,0,0,3,2,0,0,2
2022,Arunachal Pradesh,12,Lower Dibang Valley,235,Lower Dibang Valley,0,14,7,4,2,0,0,9,0,0,0,0,0,0,0,0,0,0,0,0,1,0,1,0,2
2022,Arunachal Pradesh,12,Lower Siang,719,Lower Siang,2,6,2,1,0,0,0,3,0,2,0,0,0,0,0,0,0,0,0,0,2,0,1,0,2
2022,Arunachal Pradesh,12,Lower Subansiri,236,Subansiri Lower,1,6,2,2,0,0,0,2,0,2,0,0,0,0,0,0,0,0,0,0,5,2,0,0,4
2022,Arunachal Pradesh,12,Namsai,678,Namsai,9,3,0,2,5,0,0,4,2,0,0,0,0,0,0,0,0,0,0,0,0,1,0,0,2
2022,Arunachal Pradesh,12,Pakke Kessang,723,Pakkessang,0,1,0,3,0,0,0,1,1,0,0,0,0,0,0,0,0,0,0,0,0,0,1,0,2
2022,Arunachal Pradesh,12,Papum Pare,237,Crime Branch,0,0,0,0,0,0,0,0,0,0,0,0,0,0,0,0,0,0,0,0,0,0,0,0,0
2022,Arunachal Pradesh,12,Papum Pare,237,Papum Pare City,2,55,0,30,36,1,2,46,24,57,0,0,0,1,0,6,0,3,0,0,20,28,12,0,19
2022,Arunachal Pradesh,12,Papum Pare,237,Papum Pare Rural,9,0,0,2,5,0,0,3,0,0,0,0,0,0,0,2,0,0,0,0,5,2,2,0,19
2022,Arunachal Pradesh,12,Shi Yomi,725,Shiyomi,0,2,0,0,0,0,0,1,1,0,0,0,0,0,0,0,0,0,0,0,1,0,0,0,1
2022,Arunachal Pradesh,12,Siang,679,Siang,1,6,1,0,0,0,0,3,0,0,0,0,0,0,0,0,0,0,0,0,1,0,0,0,7
2022,Arunachal Pradesh,12,Tawang,238,Tawang,0,5,0,0,0,0,0,1,1,0,0,0,0,0,0,0,0,0,0,0,11,0,0,0,3
2022,Arunachal Pradesh,12,Tirap,239,Tirap,1,2,0,0,0,0,0,0,0,0,0,0,0,0,0,0,0,0,0,0,2,4,1,0,3
2022,Arunachal Pradesh,12,Upper Siang,240,Siang Upper,1,2,0,2,0,0,0,4,4,1,0,0,0,0,0,0,0,0,0,0,3,1,1,0,14
2022,Arunachal Pradesh,12,Upper Subansiri,241,Subansiri Upper,3,2,0,4,1,0,0,4,3,3,0,0,0,0,0,0,0,0,0,0,2,1,2,0,12
2022,Arunachal Pradesh,12,West Kameng,242,Kameng West,1,5,1,1,3,1,0,0,0,0,0,0,0,0,4,0,0,0,0,0,9,1,1,0,14
2022,Arunachal Pradesh,12,West Siang,243,Siang West,2,16,3,10,4,0,3,7,0,4,0,0,0,0,0,2,0,0,0,1,4,1,3,0,1
2022,Assam,18,Bajali,739,Bajali,3,10,1,19,51,0,2,31,3,29,1,0,2,0,0,15,0,5,0,0,25,5,0,0,9
2022,Assam,18,Baksa,616,Baksa,16,35,0,22,44,0,12,74,28,28,5,0,0,0,13,21,0,2,0,11,17,8,6,0,6
2022,Assam,18,Barpeta,280,Barpeta,31,98,4,105,97,0,4,129,68,231,18,0,0,0,0,39,0,0,0,0,96,11,16,1,383
2022,Assam,18,Biswanath,705,Biswanath,38,105,4,23,68,0,22,123,46,36,2,0,2,0,0,9,1,0,2,4,30,2,5,0,48
2022,Assam,18,Bongaigaon,281,Bongaigaon,34,91,0,34,64,0,3,133,61,76,2,0,0,0,0,41,0,3,0,20,68,38,0,1,126
2022,Assam,18,Cachar,282,Cachar,63,147,0,158,247,0,0,146,57,453,15,0,0,4,0,87,0,0,0,0,129,41,86,4,783
2022,Assam,18,Charaideo,708,Charaideo,33,37,6,23,70,0,2,64,34,29,2,0,5,0,0,9,0,0,0,6,15,2,3,1,14
2022,Assam,18,Chirang,612,Chirang,14,78,0,21,60,0,0,86,36,39,1,0,0,0,0,0,0,0,0,0,56,8,5,1,7
2022,Assam,18,Darrang,283,Darrang,32,186,28,90,202,0,11,82,64,229,32,1,0,0,49,36,0,0,0,72,132,16,10,1,328
2022,Assam,18,Dhemaji,284,Dhemaji,18,113,6,34,49,0,3,89,40,42,6,0,0,0,0,3,0,2,0,0,24,9,1,0,18
2022,Assam,18,Dhubri,285,Dhubri,35,150,13,98,156,1,0,267,88,290,17,0,0,7,0,36,3,1,8,2,6,20,2,0,239
2022,Assam,18,Dibrugarh,286,Dibrugarh,56,106,1,44,150,0,4,146,65,117,34,0,6,0,8,47,0,9,0,11,93,12,21,0,93
2022,Assam,18,Dima Hasao,299,Dima Hasao,5,11,0,7,13,0,0,13,5,8,0,0,0,0,0,6,0,2,0,5,29,7,5,0,13
2022,Assam,18,Goalpara,287,Goalpara,23,122,76,202,139,0,0,55,32,198,4,0,0,0,0,39,0,0,0,0,116,13,0,0,0
2022,Assam,18,Golaghat,288,Golaghat,23,82,5,4,85,1,2,63,39,37,9,0,1,0,0,16,0,6,0,8,33,1,4,1,161
2022,Assam,18,Hailakandi,289,Hailakandi,14,116,6,49,79,2,1,95,55,92,6,0,0,0,0,15,0,2,0,8,26,8,18,0,48
2022,Assam,18,Hojai,709,Hojai,32,201,2,52,180,0,9,196,69,224,32,0,1,0,11,77,15,2,0,19,15,15,18,0,49
2022,Assam,18,Jorhat,290,Jorhat,37,71,5,75,113,0,1,65,38,103,1,0,0,0,0,43,0,0,0,0,156,26,9,0,101
2022,Assam,18,Kamrup,291,Kamrup,51,282,20,332,215,2,20,204,99,405,43,1,20,0,24,111,0,24,1,29,158,67,25,0,518
2022,Assam,18,Kamrup Metro,618,Bieo,0,0,0,0,0,0,0,0,0,0,0,0,0,0,0,0,0,0,0,0,0,0,4,0,0
2022,Assam,18,Kamrup Metro,618,Cid,0,0,0,0,0,0,0,0,0,0,0,0,0,0,0,4,0,4,0,0,18,0,0,0,0
2022,Assam,18,Kamrup Metro,618,Grp,16,5,0,3,5,1,4,6,0,0,1,0,0,0,0,0,0,0,0,0,30,12,24,0,24
2022,Assam,18,Kamrup Metro,618,Guwahati City,77,261,7,141,435,3,5,422,109,319,37,0,18,0,0,373,0,68,0,83,600,228,149,5,783
2022,Assam,18,Kamrup Metro,618,Rpo,0,0,0,0,0,0,0,0,0,0,0,0,0,0,0,0,0,0,0,0,0,0,0,0,0
2022,Assam,18,Kamrup Metro,618,Sou,0,0,0,0,0,0,0,0,0,0,0,0,0,0,0,0,0,0,0,0,0,0,0,0,0
2022,Assam,18,Kamrup Metro,618,Stf,0,0,0,0,0,0,0,0,0,0,0,0,0,0,0,0,0,0,0,0,0,0,0,0,0
2022,Assam,18,Karbi Anglong,292,Karbi Anglong,25,36,1,4,51,1,6,70,21,8,1,0,1,0,0,5,0,1,0,5,13,6,3,0,35
2022,Assam,18,Karimganj,293,Karimganj,32,149,4,16,98,7,0,73,44,240,7,1,0,0,41,22,0,7,0,16,74,7,20,2,714
2022,Assam,18,Kokrajhar,294,Kokrajhar,38,119,5,72,83,0,12,91,47,99,17,0,0,0,0,25,0,0,0,0,40,8,0,1,151
2022,Assam,18,Lakhimpur,295,Lakhimpur,35,87,6,58,128,0,6,120,48,147,4,0,1,0,0,18,0,0,0,18,57,14,13,0,64
2022,Assam,18,Majuli,706,Majuli,4,18,1,8,12,0,0,18,13,24,0,0,1,0,0,8,0,3,0,4,16,0,0,0,23
2022,Assam,18,Marigaon,296,Morigaon,30,204,4,70,205,0,7,247,117,174,11,0,0,0,70,9,0,0,3,6,144,15,3,0,18
2022,Assam,18,Nagaon,297,Nagaon,58,217,10,69,165,4,12,164,108,292,27,1,8,0,0,17,0,0,0,16,140,44,48,4,599
2022,Assam,18,Nalbari,298,Nalbari,19,77,3,79,90,0,0,86,26,127,29,0,5,2,0,8,0,3,0,5,89,25,10,1,140
2022,Assam,18,Sivasagar,300,Sibsagar,28,90,6,24,58,0,4,87,32,86,6,0,0,0,24,12,0,0,0,5,37,5,3,0,114
2022,Assam,18,Sonitpur,301,Sonitpur,62,270,4,113,356,30,28,205,49,178,38,0,0,0,0,782,216,0,62,0,432,37,0,0,340
2022,Assam,18,South Salmara Mancachar,707,South Salmara,17,91,10,20,42,0,4,82,32,99,33,1,3,0,0,4,0,0,0,3,32,4,0,1,21
2022,Assam,18,Tamulpur,756,Tamulpur,15,26,0,13,24,0,8,61,14,19,0,0,0,0,0,4,0,0,0,4,11,4,0,0,40
2022,Assam,18,Tinsukia,302,Sadia,2,15,0,1,30,0,4,26,7,12,0,0,0,0,0,6,0,0,0,12,9,2,0,0,15
2022,Assam,18,Tinsukia,302,Tinsukia,60,183,13,60,154,0,3,183,61,153,1,0,7,0,0,85,0,2,0,16,172,58,6,0,274
2022,Assam,18,Udalguri,617,Udalguri,25,89,2,25,89,0,8,55,47,58,5,0,1,0,0,9,0,0,0,0,21,5,2,0,0
2022,Assam,18,West Karbi Anglong,710,Hamren,7,21,0,4,30,0,0,27,12,3,0,0,0,0,0,8,0,2,0,2,6,1,0,0,64
2022,Bihar,10,Araria,188,Araria,82,186,0,5,258,1,8,232,35,48,103,0,0,37,0,60,30,0,0,0,69,61,78,0,30
2022,Bihar,10,Arwal,611,Arwal,17,45,1,7,49,0,3,76,21,12,35,0,1,2,35,72,36,0,0,0,37,17,33,0,36
2022,Bihar,10,Aurangabad,189,Aurangabad,79,164,0,11,165,1,6,150,55,39,126,0,0,0,0,98,49,0,0,0,201,40,36,1,53
2022,Bihar,10,Banka,190,Banka,53,90,0,8,118,0,6,97,28,18,78,0,0,0,10,34,13,0,4,0,43,29,120,1,18
2022,Bihar,10,Begusarai,191,Begusarai,110,142,0,5,293,4,0,142,29,27,60,0,0,0,0,60,29,0,0,2,147,86,0,3,29
2022,Bihar,10,Bhagalpur,192,Bhagalpur,108,227,2,6,345,2,0,297,131,39,120,0,0,0,0,94,47,0,0,0,225,67,22,2,47
2022,Bihar,10,Bhagalpur,192,Naugachia,43,21,0,2,122,2,0,24,12,8,26,0,0,0,0,53,15,1,6,0,20,60,30,0,30
2022,Bihar,10,Bhojpur,193,Bhojpur,108,206,1,46,299,0,0,261,58,59,152,0,0,0,0,54,24,2,1,0,103,69,271,0,27
2022,Bihar,10,Buxar,194,Buxar,37,91,0,6,153,2,0,110,44,31,76,0,0,0,0,48,24,0,0,0,129,16,71,0,24
2022,Bihar,10,Darbhanga,195,Darbhanga,64,161,0,7,217,0,0,152,35,26,106,0,0,0,0,102,46,5,0,0,202,49,49,0,640
2022,Bihar,10,Gaya,196,Gaya,144,433,0,8,528,0,9,413,105,102,261,0,0,0,39,176,88,0,0,0,550,152,309,0,88
2022,Bihar,10,Gopalganj,197,Gopalganj,61,214,0,4,330,0,0,230,37,38,104,0,0,0,0,12,6,0,0,0,195,71,24,0,6
2022,Bihar,10,Jamui,198,Jamui,41,96,0,5,113,0,0,114,26,17,74,0,0,0,0,110,55,0,0,0,88,30,55,0,55
2022,Bihar,10,Jehanabad,199,Jehanabad,29,18,0,4,95,0,0,33,21,20,54,0,0,0,59,34,17,0,0,0,102,13,28,0,17
2022,Bihar,10,Kaimur (Bhabua),200,Kaimur(Bhabhua),23,101,0,16,119,2,0,112,24,14,63,0,0,0,0,32,6,0,0,0,95,10,37,4,42
2022,Bihar,10,Katihar,201,Katihar,65,269,0,3,228,0,10,227,49,51,129,0,0,0,68,20,10,0,0,0,55,38,34,0,10
2022,Bihar,10,Katihar,201,Katihar Railway,2,1,0,1,0,0,12,7,1,0,0,0,0,0,0,4,2,0,0,0,2,5,2,0,3
2022,Bihar,10,Khagaria,202,Khagaria,63,66,0,6,234,1,0,91,31,22,85,0,0,0,0,66,33,0,0,0,33,45,175,0,33
2022,Bihar,10,Kishanganj,203,Kishanganj,44,143,1,0,142,0,0,108,26,17,77,0,1,0,25,36,10,0,4,0,36,22,12,16,23
2022,Bihar,10,Lakhisarai,204,Lakhisarai,39,100,0,6,156,0,0,116,18,22,39,0,0,0,211,27,8,0,4,0,20,11,0,0,16
2022,Bihar,10,Madhepura,205,Madhepura,76,125,0,0,158,0,0,145,34,23,51,0,0,0,0,23,9,0,0,9,100,65,4,0,9
2022,Bihar,10,Madhubani,206,Madhubani,68,125,0,7,121,0,0,210,141,33,86,0,0,0,16,34,17,0,0,0,42,60,7,0,17
2022,Bihar,10,Munger,207,Jamalpur Railway,1,0,0,1,2,0,0,0,0,0,0,0,0,0,3,0,0,0,0,0,1,1,0,0,1
2022,Bihar,10,Munger,207,Munger,60,125,2,25,226,5,0,195,27,21,72,0,0,5,163,28,4,0,10,0,104,26,9,0,14
2022,Bihar,10,Muzaffarpur,208,Muzaffarpur,144,504,0,19,762,2,3,546,78,106,250,1,0,19,85,110,55,0,0,0,55,100,89,0,55
2022,Bihar,10,Muzaffarpur,208,Muzaffarpur Railway,4,3,0,1,11,0,46,28,1,0,1,0,0,0,0,2,1,0,0,0,3,3,2,0,52
2022,Bihar,10,Nalanda,209,Nalanda,75,127,0,13,444,3,0,164,73,89,193,0,0,0,26,178,89,0,0,0,565,100,0,4,90
2022,Bihar,10,Nawada,210,Nawadah,66,183,0,8,295,1,0,231,56,25,51,0,0,0,30,74,37,0,0,0,125,42,20,0,37
2022,Bihar,10,Pashchim Champaran,211,Bagaha,40,118,0,37,125,2,0,137,54,25,54,0,0,0,0,19,3,0,0,6,113,16,0,0,3
2022,Bihar,10,Pashchim Champaran,211,Bettiah,37,101,0,0,225,1,3,241,164,65,183,0,0,0,0,112,56,0,0,0,132,24,110,14,128
2022,Bihar,10,Patna,212,Anti Terrorist Squad,0,0,0,0,0,0,0,0,0,0,0,0,0,0,0,0,0,0,0,0,0,0,0,0,0
2022,Bihar,10,Patna,212,Economic Offences Unit,0,0,0,0,0,0,0,0,0,0,0,0,0,0,0,34,12,1,2,0,18,0,6,0,18
2022,Bihar,10,Patna,212,Patna,309,342,0,82,1131,5,6,393,140,228,413,0,0,0,21,690,345,0,0,0,2398,235,0,11,345
2022,Bihar,10,Patna,212,Patna Railway,4,0,0,6,8,0,31,19,1,0,0,0,0,0,18,0,0,0,0,0,8,8,0,0,11
2022,Bihar,10,Purbi Champaran,213,Motihari,154,185,0,4,433,4,12,773,192,122,246,2,2,236,172,94,47,0,0,0,69,155,244,14,47
2022,Bihar,10,Purnia,214,Purnea,84,323,0,12,404,1,6,257,57,45,119,0,0,0,0,14,0,0,0,0,140,123,113,6,0
2022,Bihar,10,Rohtas,215,Rohtas,62,131,0,3,256,1,0,164,38,41,119,0,0,0,25,28,14,0,0,0,189,63,114,0,14
2022,Bihar,10,Saharsa,216,Saharsa,37,57,0,2,90,0,1,43,21,19,69,0,0,0,0,24,0,0,0,0,28,20,15,0,0
2022,Bihar,10,Samastipur,217,Samastipur,101,289,0,3,326,0,0,240,48,48,105,0,0,0,0,162,81,0,0,0,53,147,0,2,428
2022,Bihar,10,Saran,218,Saran,113,146,0,4,513,0,0,191,41,96,253,0,0,4,89,74,37,0,0,0,376,132,8,2,39
2022,Bihar,10,Sheikhpura,219,Sheikhpura,14,9,0,8,82,1,1,49,8,19,42,0,0,21,10,10,5,0,0,0,78,12,12,0,5
2022,Bihar,10,Sheohar,220,Sheohar,12,43,0,4,63,0,0,46,7,14,37,0,0,0,162,12,0,0,0,0,10,6,12,0,12
2022,Bihar,10,Sitamarhi,221,Sitamarhi,64,197,0,6,502,1,2,302,68,112,203,0,0,72,0,88,44,0,0,0,287,73,0,4,46
2022,Bihar,10,Siwan,222,Siwan,101,230,0,3,329,0,0,281,25,34,89,0,0,0,0,25,0,2,0,0,156,74,30,0,21
2022,Bihar,10,Supaul,223,Supaul,42,86,0,0,189,0,6,116,24,15,95,0,0,0,0,16,8,0,0,0,29,60,54,0,8
2022,Bihar,10,Vaishali,224,Vaishali,117,358,8,8,445,2,0,359,56,60,138,0,0,0,0,132,46,20,0,0,46,106,204,0,66
2022,Chandigarh,4,Chandigarh,44,Chandigarh,19,172,49,54,235,1,0,224,1,83,1,0,4,3,97,37,4,5,2,7,225,21,0,0,346
2022,Chhattisgarh,22,Balod,646,Balod,19,99,0,32,82,0,0,137,71,19,2,0,2,1,53,26,2,0,1,4,28,2,3,0,745
2022,Chhattisgarh,22,Baloda Bazar,644,Balodbazar,2,120,2,75,223,0,0,277,142,27,4,0,2,18,0,0,0,0,0,0,0,0,0,0,0
2022,Chhattisgarh,22,Balodabazar-Bhatapara,644,Balodbazar,28,21,0,0,0,0,0,0,0,0,0,0,0,0,275,12,0,2,0,9,44,31,7,0,10
2022,Chhattisgarh,22,Balrampur,649,Balrampur,2,0,0,1,52,0,4,198,129,0,0,0,2,0,0,0,0,0,0,0,0,0,0,0,0
2022,Chhattisgarh,22,Balrampur Ramanujganj,649,Balrampur,57,236,0,55,41,0,8,0,0,23,0,0,10,0,112,0,0,0,0,0,0,18,0,0,611
2022,Chhattisgarh,22,Bastar,374,Jagdalpur,28,164,0,19,65,0,2,134,74,6,0,0,1,3,43,64,26,0,0,0,53,15,0,0,392
2022,Chhattisgarh,22,Bemetara,650,Bemetra,38,72,0,17,103,0,0,153,44,15,1,0,4,1,56,14,1,0,0,14,26,2,2,0,713
2022,Chhattisgarh,22,Bijapur,636,Bizapur,36,33,0,7,30,0,2,29,13,4,1,0,1,0,0,2,0,0,0,2,0,9,0,0,84
2022,Chhattisgarh,22,Bilaspur,375,Bilaspur,54,515,0,155,314,0,0,376,134,82,3,0,8,51,350,23,0,0,0,18,198,40,0,0,0
2022,Chhattisgarh,22,Dakshin Bastar Dantewada,376,Dantewara,43,34,0,21,21,0,0,0,0,1,0,0,4,0,24,34,10,0,1,2,43,6,0,0,25
2022,Chhattisgarh,22,Dantewada,376,Dantewara,1,0,0,0,28,0,0,56,21,0,0,0,3,0,0,0,0,0,0,0,0,0,0,0,0
2022,Chhattisgarh,22,Dhamtari,377,Dhamtari,27,68,0,50,79,2,0,128,46,11,6,0,6,0,57,25,4,1,0,4,30,11,0,0,951
2022,Chhattisgarh,22,Durg,378,Durg,42,251,1,141,462,2,3,515,138,134,5,0,6,107,308,31,0,0,0,37,89,62,0,0,0
2022,Chhattisgarh,22,Gariyaband,645,Gariyaband,20,88,0,33,49,1,0,103,44,9,0,0,2,22,50,19,6,0,0,0,35,8,0,0,24
2022,Chhattisgarh,22,Gaurela Pendra Marwahi,734,Gaurela-Pendra-Marwari,13,52,0,20,28,0,0,0,0,10,0,0,6,0,50,8,0,1,0,10,16,3,3,0,13
2022,Chhattisgarh,22,Gaurella Pendra Marwahi,734,Gaurela-Pendra-Marwari,0,0,0,0,43,0,0,105,48,0,0,0,0,9,0,0,0,0,0,0,0,0,0,0,0
2022,Chhattisgarh,22,Janjgir-Champa,379,Janjgir,28,161,0,89,272,1,0,376,113,58,8,0,14,38,293,17,0,0,0,33,41,17,0,0,7
2022,Chhattisgarh,22,Jashpur,380,Jashpur,64,238,0,40,103,0,15,206,119,12,0,0,4,0,62,10,2,0,2,2,30,14,0,0,67
2022,Chhattisgarh,22,Kabeerdham,382,Kabirdham,22,77,0,66,70,0,0,0,0,36,1,0,3,0,114,4,0,0,0,8,28,14,7,0,116
2022,Chhattisgarh,22,Kabirdham,382,Kabirdham,1,0,0,1,86,0,0,144,41,0,0,0,0,9,0,0,0,0,0,0,0,0,0,0,0
2022,Chhattisgarh,22,Kanker,381,Kanker,4,0,0,0,40,0,0,153,68,0,0,0,0,3,0,0,0,0,0,0,0,0,0,0,0
2022,Chhattisgarh,22,Khairagarh-Chhuikhadan-Gandai,759,Khairagarh - Chhuikhadan-Gandai,4,9,0,0,0,0,0,0,0,0,0,0,0,0,60,6,0,0,0,6,0,8,0,0,7
2022,Chhattisgarh,22,Khairgarh Chhuikhadan Gandai,759,Khairagarh - Chhuikhadan-Gandai,0,30,0,19,93,0,0,77,22,7,3,0,1,0,0,0,0,0,0,4,0,0,0,0,0
2022,Chhattisgarh,22,Kondagaon,643,Kondagaon,18,61,0,25,124,0,0,139,64,9,0,0,3,0,0,19,0,0,6,12,45,2,0,0,280
2022,Chhattisgarh,22,Korba,383,Korba,49,134,0,67,225,0,3,256,77,46,1,0,2,20,64,11,0,0,0,19,57,19,0,1,139
2022,Chhattisgarh,22,Korea,384,Koriya,13,55,0,22,40,0,6,64,27,15,2,0,3,11,32,2,0,0,0,4,10,5,0,0,33
2022,Chhattisgarh,22,Mahasamund,385,Mahasamund,22,132,0,40,143,0,0,190,104,1,1,0,0,7,64,2,0,0,0,0,20,18,0,0,86
2022,Chhattisgarh,22,Manendragarh Chirimiri Bharatpur,760,Manendragarh-Chirmiri-Bharatpur,0,123,0,42,74,0,0,162,107,14,1,0,4,13,0,0,0,0,0,0,0,0,0,0,0
2022,Chhattisgarh,22,Manendragarh-Chirmiri-Bharatpur(M C B),760,Manendragarh-Chirmiri-Bharatpur,12,35,0,0,0,0,0,0,0,0,0,0,0,0,0,7,0,1,0,2,20,12,0,0,38
2022,Chhattisgarh,22,Mohla Manpur Ambagarh Chouki,761,Mohla-Manpur-Ambagarh Chouki,3,21,0,6,68,0,0,57,13,3,1,0,2,3,0,0,0,0,0,2,0,0,0,0,0
2022,Chhattisgarh,22,Mohla-Manpur-Ambagarh Chouki,761,Mohla-Manpur-Ambagarh Chouki,12,9,0,0,0,0,0,0,0,0,0,0,0,0,0,8,0,2,0,4,4,2,0,0,0
2022,Chhattisgarh,22,Mungeli,647,Mungali,22,72,0,24,77,0,0,122,65,18,2,0,0,4,66,14,0,0,0,0,30,4,0,0,26
2022,Chhattisgarh,22,Narayanpur,637,Narayanpur,10,33,0,3,22,0,0,36,21,2,0,0,0,0,16,5,2,0,0,2,8,4,0,0,3
2022,Chhattisgarh,22,Raigarh,386,Raigarh,72,201,0,84,222,0,4,267,84,23,2,0,5,29,327,2,0,0,0,0,97,35,0,0,81
2022,Chhattisgarh,22,Raipur,387,Grp Raipur,0,2,0,6,7,0,0,9,2,0,0,0,0,0,5,0,0,0,0,0,1,4,0,0,3
2022,Chhattisgarh,22,Raipur,387,Raipur,81,380,0,154,754,0,4,783,211,180,9,0,14,32,379,103,0,0,0,206,0,117,0,0,828
2022,Chhattisgarh,22,Rajnandgaon,388,Rajnandgaon,32,87,0,48,163,0,0,156,22,21,5,0,9,19,36,10,0,0,0,0,37,13,7,0,144
2022,Chhattisgarh,22,Sakti,762,Sakti,23,101,0,44,149,0,0,200,69,38,2,0,13,14,152,11,0,0,0,18,25,4,0,0,8
2022,Chhattisgarh,22,Sarangarh Bilaigarh,763,Sarangarh-Bilaigarh,0,62,0,47,119,0,0,121,49,29,0,0,7,7,0,0,0,0,0,0,0,0,0,0,0
2022,Chhattisgarh,22,Sarangarh-Bilaigarh,763,Sarangarh-Bilaigarh,19,26,0,0,0,0,0,0,0,0,0,0,0,0,68,0,0,0,0,0,12,7,0,0,20
2022,Chhattisgarh,22,Sukma,642,Sukma,19,26,0,4,33,0,0,28,9,2,0,0,1,0,5,2,0,0,0,3,10,4,1,0,4
2022,Chhattisgarh,22,Surajpur,648,Surajpur,56,176,2,48,86,0,2,204,81,38,4,0,18,22,185,38,4,0,0,16,32,13,6,0,36
2022,Chhattisgarh,22,Surguja,389,Sarguja,54,234,0,52,161,0,2,216,101,44,1,0,3,14,69,17,0,0,0,34,102,28,0,0,17
2022,Chhattisgarh,22,Uttar Bastar Kanker,381,Kanker,27,135,0,25,1,0,0,0,0,5,1,0,0,0,40,8,2,0,0,8,29,10,0,0,396
2022,Delhi,7,Central,77,Central,24,245,0,186,348,1,9,282,38,156,4,0,2,2,131,10,0,0,4,0,121,95,0,1,224
2022,Delhi,7,East,78,East,40,194,0,112,482,1,7,429,64,352,9,2,3,19,104,27,3,2,1,9,135,122,1,10,63
2022,Delhi,7,New Delhi,79,Economic Offences Wing,0,0,0,0,0,0,0,0,0,0,0,0,0,0,0,1,0,0,0,0,111,0,57,0,0
2022,Delhi,7,New Delhi,79,Eow,0,0,0,0,0,0,0,0,0,0,0,0,0,0,0,0,0,0,0,0,0,0,0,0,0
2022,Delhi,7,New Delhi,79,Igi Airport,0,10,0,8,3,0,0,4,2,0,0,0,0,0,2,1,0,0,0,0,59,2,137,1,12
2022,Delhi,7,New Delhi,79,New Delhi,7,27,0,42,49,0,2,37,6,20,0,0,0,0,42,13,1,6,1,2,129,9,47,0,95
2022,Delhi,7,New Delhi,79,Outer North,57,244,0,147,1230,0,20,886,143,277,11,0,4,0,267,9,0,0,0,10,110,186,2,0,80
2022,Delhi,7,New Delhi,79,Railway,7,6,0,7,25,0,3,21,4,0,1,0,1,0,14,0,0,0,0,0,6,11,0,0,6
2022,Delhi,7,New Delhi,79,Spuwac,0,0,0,0,0,0,0,0,0,48,0,0,0,0,0,0,0,0,0,0,0,0,0,0,0
2022,Delhi,7,New Delhi,79,Vigilance,0,0,0,0,0,0,0,0,0,0,0,0,0,0,0,0,0,0,0,0,0,0,0,0,0
2022,Delhi,7,North,80,North,37,138,0,112,474,0,14,365,75,282,7,1,1,0,251,0,0,0,0,0,229,151,3,0,361
2022,Delhi,7,North East,81,North-East,44,220,1,136,904,2,8,675,119,438,17,0,5,0,226,7,0,1,0,4,133,195,5,0,130
2022,Delhi,7,North West,82,Crime Branch,0,0,0,0,0,0,2,1,0,0,0,0,0,0,1,24,7,2,0,0,25,1,34,0,17
2022,Delhi,7,North West,82,Metro,1,2,0,20,8,0,0,5,1,1,0,0,0,0,11,0,0,0,0,0,11,0,0,0,4
2022,Delhi,7,North West,82,North-West,45,215,0,126,514,0,23,451,116,243,9,0,0,0,289,19,0,1,0,16,163,116,5,0,851
2022,Delhi,7,North West,82,Outer,36,206,0,141,799,0,14,616,115,360,20,1,6,1,213,33,5,3,2,28,247,152,5,0,116
2022,Delhi,7,North West,82,Rohini,47,243,0,161,668,0,5,559,126,440,15,0,5,2,209,28,0,0,1,18,124,115,15,0,142
2022,Delhi,7,North West,82,Spl Cell,0,0,0,11,0,0,0,3,1,0,0,0,0,0,6,16,0,10,0,3,0,0,7,0,8
2022,Delhi,7,Shahdara,671,Shahdara,17,167,0,166,436,0,11,381,76,357,4,0,1,11,204,79,17,5,10,15,27,90,7,0,54
2022,Delhi,7,South,83,South,40,262,0,168,658,0,16,551,141,539,9,1,0,0,202,227,97,1,3,28,286,118,9,6,460
2022,Delhi,7,South East,670,South-East,46,336,0,261,813,2,20,672,146,354,17,1,3,0,187,53,0,6,0,72,342,112,9,3,263
2022,Delhi,7,South West,84,Dwarka,32,383,2,315,765,0,4,638,167,419,13,1,5,0,230,273,117,3,2,51,392,172,6,2,182
2022,Delhi,7,South West,84,South-West,18,220,0,152,557,1,8,445,93,226,7,1,5,0,105,16,0,2,0,13,10,58,8,0,102
2022,Delhi,7,West,85,West,33,202,0,134,553,2,15,447,86,392,6,0,3,4,210,274,124,3,6,20,371,121,6,4,325
2022,Goa,30,North Goa,551,Cid,1,6,1,7,2,0,7,9,4,3,0,0,0,0,0,84,31,9,1,11,77,0,0,0,34
2022,Goa,30,North Goa,551,North Goa,21,72,24,79,72,2,10,93,0,1,0,0,3,5,19,21,6,0,1,0,84,17,4,0,22
2022,Goa,30,South Goa,552,South Goa,26,68,30,42,49,0,1,82,0,2,0,0,0,1,15,54,25,0,0,0,55,1,6,0,32
2022,Gujarat,24,Ahmadabad,438,Ahmedabad City,109,541,0,166,365,6,5,829,352,616,2,7,39,15,483,436,138,24,9,52,528,154,138,12,2131
2022,Gujarat,24,Ahmadabad,438,Ahmedabad Rural,22,104,0,14,26,2,0,103,71,14,1,0,5,0,17,32,8,0,2,0,46,19,63,0,216
2022,Gujarat,24,Ahmadabad,438,Cyber Ahmedabad Range,0,0,0,5,0,0,0,3,2,0,0,0,0,0,0,60,16,3,1,9,30,0,0,0,35
2022,Gujarat,24,Ahmadabad,438,W.Rly Ahmedabad,0,2,0,2,0,0,0,5,2,0,0,0,0,0,0,0,0,0,0,0,0,0,0,0,0
2022,Gujarat,24,Ahmadabad,438,Western Railway Ahmedabad,3,0,0,0,0,0,0,0,0,0,0,0,0,0,11,0,0,0,0,0,3,1,1,0,3
2022,Gujarat,24,Amreli,439,Amreli,19,110,0,18,38,0,0,134,78,62,0,0,9,0,35,24,1,1,1,8,22,13,3,0,223
2022,Gujarat,24,Anand,440,Anand,18,139,0,21,47,0,0,144,95,37,0,1,8,0,52,51,13,1,1,9,44,4,24,2,95
2022,Gujarat,24,Arvalli,672,Arvalli,12,50,0,11,76,0,0,77,29,15,0,0,4,0,0,13,2,1,3,0,27,14,8,0,41
2022,Gujarat,24,Banas Kantha,441,Banaskantha,32,148,0,18,62,3,2,135,80,49,0,0,0,0,18,48,13,4,0,5,62,26,28,2,376
2022,Gujarat,24,Bharuch,442,Bharuch,20,87,0,17,52,0,0,140,102,35,0,0,2,0,27,53,21,1,2,1,83,23,12,0,263
2022,Gujarat,24,Bhavnagar,443,Bhavnagar,47,124,0,24,50,1,0,120,71,82,0,0,14,1,51,38,11,0,1,5,58,13,16,1,228
2022,Gujarat,24,Bhavnagar,443,Cyber Bhavnagar Range,0,0,0,0,0,0,0,0,0,0,0,0,0,0,0,20,6,4,1,0,12,0,0,0,7
2022,Gujarat,24,Botad,676,Botad,12,47,0,6,14,1,0,53,39,11,0,0,5,0,24,12,3,0,1,5,17,3,2,0,28
2022,Gujarat,24,Chhotaudepur,668,Chhotaudepur,22,92,0,14,29,0,0,109,54,9,0,0,11,1,24,9,1,0,0,2,6,4,1,0,35
2022,Gujarat,24,Dang,444,Dang,9,5,0,2,6,0,0,10,6,3,0,0,1,0,2,0,0,0,0,0,5,1,0,0,4
2022,Gujarat,24,Devbhumi Dwarka,674,Devbhumi Dwarka,8,34,0,2,10,0,0,29,17,40,0,0,4,0,21,12,2,0,0,4,8,5,15,0,19
2022,Gujarat,24,Dohad,445,Dahod,36,209,0,20,95,1,0,199,104,4,0,0,12,0,32,15,2,0,4,1,11,6,6,0,34
2022,Gujarat,24,Gandhinagar,446,Cid Crime,1,0,0,0,0,0,0,0,0,0,0,0,0,0,0,14,2,0,0,0,9,0,23,0,12
2022,Gujarat,24,Gandhinagar,446,Cyber Gandhinagar Range,0,0,0,1,0,0,0,2,0,0,0,0,0,0,0,20,4,2,0,2,8,0,1,0,11
2022,Gujarat,24,Gandhinagar,446,Gandhinagar,27,101,0,20,56,2,0,119,72,42,1,0,11,0,40,45,14,0,0,6,87,38,49,0,130
2022,Gujarat,24,Gir Somnath,675,Gir Somnath,17,66,0,9,20,0,0,73,27,15,0,0,4,0,0,5,1,1,0,0,8,5,1,3,107
2022,Gujarat,24,Jamnagar,447,Jamnagar,22,65,0,21,34,0,0,118,40,44,0,0,7,0,33,31,5,0,3,3,30,14,8,0,961
2022,Gujarat,24,Junagadh,448,Cyber Junagadh Range,0,0,0,0,0,0,0,0,0,0,0,0,0,0,0,99,42,4,2,6,77,0,0,0,45
2022,Gujarat,24,Junagadh,448,Junagadh,17,104,0,17,33,3,0,79,42,90,0,1,10,1,42,7,2,1,0,0,36,14,13,2,62
2022,Gujarat,24,Kachchh,449,Cyber Border Range,0,0,0,0,0,0,0,0,0,0,0,0,0,0,0,0,0,0,0,0,0,0,0,0,0
2022,Gujarat,24,Kachchh,449,Kachchh East(G),23,91,0,20,83,0,0,114,23,49,2,0,7,0,5,36,11,1,3,0,67,35,15,0,116
2022,Gujarat,24,Kachchh,449,Kachchh West(B),21,90,0,21,54,1,0,86,39,42,0,0,11,0,46,67,19,3,0,7,90,16,9,1,172
2022,Gujarat,24,Kheda,450,Kheda,22,134,0,19,57,0,0,126,66,54,0,0,16,0,14,69,27,0,0,7,63,8,24,0,118
2022,Gujarat,24,Mahesana,451,Mehsana,26,111,0,16,86,2,0,134,80,61,0,0,4,0,80,31,8,1,1,0,44,28,4,0,176
2022,Gujarat,24,Mahisagar,669,Mahisagar,20,48,0,8,23,0,0,85,44,9,0,0,15,0,9,5,1,1,0,0,9,2,1,0,43
2022,Gujarat,24,Morbi,673,Morbi,24,71,0,4,26,2,0,70,41,8,0,0,5,0,21,19,2,2,0,8,13,5,15,0,58
2022,Gujarat,24,Narmada,452,Narmada,7,41,0,9,5,0,0,46,36,4,0,0,5,0,47,8,2,0,1,3,11,5,3,0,64
2022,Gujarat,24,Navsari,453,Navsari,8,37,0,3,13,0,0,43,21,16,0,0,0,1,21,25,4,2,1,2,17,8,18,0,27
2022,Gujarat,24,Panch Mahals,454,Cyber Panchmahal Range,0,0,0,0,0,0,0,0,0,0,0,0,0,0,0,8,4,0,0,0,8,0,0,0,4
2022,Gujarat,24,Panch Mahals,454,Panchmahal,34,158,0,13,55,0,0,182,91,34,0,0,17,3,13,10,0,0,2,2,22,8,17,1,127
2022,Gujarat,24,Patan,455,Patan,26,78,0,20,26,1,0,78,56,24,0,0,8,0,25,29,7,0,2,0,41,21,23,3,133
2022,Gujarat,24,Porbandar,456,Porbandar,11,39,0,9,14,1,0,42,19,9,0,0,2,0,14,11,1,3,0,3,7,6,3,0,49
2022,Gujarat,24,Rajkot,457,Cyber Rajkot Range,0,0,0,0,0,0,0,1,0,0,0,0,0,0,0,5,1,1,0,2,0,0,0,0,2
2022,Gujarat,24,Rajkot,457,Rajkot City,35,133,0,21,51,2,0,127,82,151,1,0,20,3,30,60,15,3,2,10,125,30,31,9,841
2022,Gujarat,24,Rajkot,457,Rajkot Rural,33,96,0,17,28,2,0,99,57,85,0,0,11,1,37,24,7,1,0,1,28,13,6,0,888
2022,Gujarat,24,Sabar Kantha,458,Sabarkantha,29,86,0,39,42,1,0,104,59,42,0,0,6,0,17,111,40,2,1,10,109,26,16,0,95
2022,Gujarat,24,Surat,459,Cyber Surat Range,0,0,0,1,0,0,0,4,0,0,0,0,0,0,0,11,2,0,0,6,4,0,0,0,4
2022,Gujarat,24,Surat,459,Surat City,110,254,0,62,442,1,2,540,215,274,2,0,22,0,155,591,155,149,26,1,573,61,75,0,1728
2022,Gujarat,24,Surat,459,Surat Rural,42,122,0,10,48,0,0,120,68,25,0,0,5,1,19,31,8,1,3,5,35,24,24,0,154
2022,Gujarat,24,Surendranagar,460,Surendranagar,30,106,0,15,24,2,0,94,57,8,0,0,10,0,24,15,4,1,0,3,13,10,7,0,54
2022,Gujarat,24,Tapi,641,Tapi,11,14,0,1,5,0,0,21,7,3,0,0,0,0,7,2,1,0,0,0,4,0,4,0,109
2022,Gujarat,24,Vadodara,461,Cyber Vadodara Range,0,0,0,0,0,0,0,3,0,0,0,0,0,0,0,13,5,0,0,3,10,0,0,0,5
2022,Gujarat,24,Vadodara,461,Vadodara City,17,86,0,31,41,0,2,108,68,70,1,0,5,0,98,102,41,3,2,6,178,9,31,3,264
2022,Gujarat,24,Vadodara,461,Vadodara Rural,27,91,0,24,31,0,0,143,48,24,0,0,6,4,47,28,6,0,3,2,39,6,16,0,51
2022,Gujarat,24,Vadodara,461,W.Rly Vadodara,0,5,0,4,1,0,0,10,4,0,0,0,0,0,0,0,0,0,0,1,0,0,0,0,0
2022,Gujarat,24,Vadodara,461,Western Railway Vadodara,5,0,0,0,0,0,0,0,0,0,0,0,0,0,12,0,0,0,0,0,2,8,5,0,9
2022,Gujarat,24,Valsad,462,Valsad,31,59,0,5,38,0,0,103,37,7,1,0,4,0,33,20,5,2,0,7,21,5,74,0,338
2022,Haryana,6,Ambala,58,Ambala,29,225,0,129,146,1,4,244,117,327,9,0,9,0,48,31,0,15,3,7,75,18,35,2,500
2022,Haryana,6,Ambala,58,Grp,24,1,0,12,2,0,0,15,3,0,6,0,4,0,10,6,1,0,0,0,1,2,0,0,107
2022,Haryana,6,Bhiwani,59,Bhiwani,53,161,19,113,35,0,0,176,88,420,8,0,8,0,45,13,0,1,2,4,25,22,33,1,401
2022,Haryana,6,Charki Dadri,701,Charkhi Dadri,18,51,8,45,17,0,0,83,39,88,5,0,3,0,16,3,0,1,0,2,9,6,9,2,112
2022,Haryana,6,Faridabad,60,Faridabad,87,448,14,125,471,4,5,760,200,408,27,0,17,4,159,84,17,0,2,13,248,21,124,0,1408
2022,Haryana,6,Fatehabad,61,Fatehabad,15,148,4,78,43,0,0,181,70,125,3,0,6,0,62,18,3,0,2,1,68,9,4,1,314
2022,Haryana,6,Gurugram,62,Gurugram,98,535,4,275,269,4,3,604,167,458,18,0,9,3,93,168,0,7,0,36,410,81,5,4,2476
2022,Haryana,6,Gurugram,62,Irrigation And Power,0,0,0,0,0,0,0,0,0,0,0,0,0,0,0,0,0,0,0,0,0,0,0,0,1372
2022,Haryana,6,Gurugram,62,Irrigation Andpower,0,0,0,0,0,0,0,0,0,0,0,0,0,0,0,0,0,0,0,0,0,0,0,0,0
2022,Haryana,6,Hisar,63,Hansi,13,63,4,69,10,1,0,102,45,109,8,0,8,4,47,14,2,0,2,6,51,10,0,0,229
2022,Haryana,6,Hisar,63,Hissar,40,275,0,316,18,3,0,319,137,287,4,0,7,2,41,115,6,2,9,0,174,36,3,0,1609
2022,Haryana,6,Jhajjar,64,Jhajjar,64,152,14,95,170,1,0,206,73,294,17,0,6,0,31,26,0,12,0,17,139,83,21,3,257
2022,Haryana,6,Jind,65,Jind,39,142,12,89,66,1,0,191,93,207,11,0,10,2,44,8,0,5,0,0,66,37,23,0,328
2022,Haryana,6,Kaithal,66,Kaithal,39,118,3,74,135,1,2,147,56,132,6,1,8,5,43,24,2,0,2,10,100,39,13,1,73
2022,Haryana,6,Karnal,67,Karnal,73,355,42,209,80,3,1,378,146,342,21,2,18,7,48,25,0,3,0,16,545,14,119,3,983
2022,Haryana,6,Kurukshetra,68,Kurukshetra,33,291,18,185,218,1,0,235,96,297,5,0,11,0,49,53,1,0,8,0,75,38,29,3,379
2022,Haryana,6,Mahendragarh,69,Mahendergarh,34,99,1,80,25,0,0,69,46,95,7,0,3,0,25,16,0,4,0,15,39,6,27,5,526
2022,Haryana,6,Nuh,604,Nuh,26,228,9,73,65,3,2,241,83,93,11,0,1,0,18,42,17,3,2,0,75,20,19,0,567
2022,Haryana,6,Palwal,619,Palwal,60,188,18,185,54,0,0,278,112,218,24,2,26,0,33,86,27,0,0,14,74,6,26,0,571
2022,Haryana,6,Panchkula,70,Panchkula,13,126,7,71,156,4,0,168,52,130,1,0,3,0,49,32,8,0,7,2,221,18,78,4,837
2022,Haryana,6,Panipat,71,Panipat,78,378,12,206,706,3,0,697,131,384,8,0,8,23,53,40,2,0,6,7,121,16,34,0,2282
2022,Haryana,6,Rewari,72,Rewari,41,158,3,88,70,0,0,144,82,203,10,0,10,0,50,30,1,0,3,1,31,16,25,5,395
2022,Haryana,6,Rohtak,73,Rohtak,65,199,13,138,217,0,2,276,90,251,10,0,9,0,0,28,0,10,0,10,165,72,0,0,261
2022,Haryana,6,Sirsa,74,Sirsa,37,173,7,84,37,0,3,165,89,287,5,1,6,0,32,2,0,0,0,4,53,28,14,1,1501
2022,Haryana,6,Sonipat,75,Sonipat,77,313,25,230,176,0,1,160,96,383,16,0,8,0,174,30,7,1,1,2,139,121,1,0,684
2022,Haryana,6,Yamunanagar,76,Yamunanagar,31,313,17,93,287,0,4,299,118,346,11,0,16,0,53,26,0,6,0,25,171,15,0,0,451
2022,Himachal Pradesh,2,Bilaspur,15,Bilaspur,4,26,9,39,40,0,0,32,0,18,0,0,7,0,10,2,0,0,0,0,12,0,1,0,47
2022,Himachal Pradesh,2,Chamba,16,Chamba,3,71,16,39,23,0,0,43,0,16,0,0,1,0,8,1,0,0,0,1,15,0,0,0,9
2022,Himachal Pradesh,2,Hamirpur,17,Hamirpur,1,29,5,55,24,0,0,30,1,13,0,0,4,0,9,3,0,0,0,6,4,0,6,0,0
2022,Himachal Pradesh,2,Kangra,18,Kangra,15,109,24,132,106,0,0,108,3,38,1,0,16,0,3,6,0,0,0,6,58,2,18,0,22
2022,Himachal Pradesh,2,Kinnaur,19,Kinnaur,3,22,8,9,14,0,0,23,0,4,0,0,0,0,4,2,0,0,0,4,6,0,1,0,21
2022,Himachal Pradesh,2,Kullu,20,Kullu,11,60,18,47,66,0,0,71,2,5,0,0,0,0,24,44,9,0,12,4,35,1,2,0,36
2022,Himachal Pradesh,2,Lahul And Spiti,21,Lahaul And Spiti,2,1,0,0,0,0,0,0,0,0,0,0,0,0,1,0,0,0,0,0,1,0,2,0,0
2022,Himachal Pradesh,2,Lahul And Spiti,21,Lahaul Andspiti,0,1,0,2,0,0,0,0,0,0,0,0,0,0,0,0,0,0,0,0,0,0,0,0,0
2022,Himachal Pradesh,2,Mandi,22,Mandi,9,146,34,100,48,0,0,99,2,29,0,0,10,0,22,7,0,0,0,13,0,1,0,0,24
2022,Himachal Pradesh,2,Shimla,23,Cid,0,0,0,0,0,0,0,0,0,0,0,0,0,0,0,0,0,0,0,0,1,0,2,0,3
2022,Himachal Pradesh,2,Shimla,23,Cyber,0,0,0,0,0,0,0,0,0,0,0,0,0,0,0,7,0,0,0,0,0,0,0,0,4
2022,Himachal Pradesh,2,Shimla,23,Grp,0,0,0,0,0,0,0,0,0,0,0,0,0,0,0,0,0,0,0,0,0,0,0,0,0
2022,Himachal Pradesh,2,Shimla,23,Shimla,15,113,24,62,53,0,0,85,0,14,0,0,1,0,35,17,0,9,0,2,57,2,0,1,57
2022,Himachal Pradesh,2,Sirmaur,24,Sirmaur,10,97,27,69,55,0,0,76,0,21,0,0,4,0,21,1,0,0,0,2,44,0,0,0,2
2022,Himachal Pradesh,2,Solan,25,Baddi,8,72,24,30,32,0,0,51,0,11,0,0,3,0,19,3,0,0,0,3,12,0,7,1,4
2022,Himachal Pradesh,2,Solan,25,Solan,4,34,11,32,80,0,0,70,1,5,0,0,2,0,36,3,0,1,0,2,35,1,11,1,14
2022,Himachal Pradesh,2,Una,26,Una,7,52,18,44,41,0,0,52,0,24,1,0,8,0,30,2,0,0,0,4,22,1,0,0,0
2022,Jammu And Kashmir,1,Anantnag,1,Anantnag,5,48,0,123,92,0,2,56,12,7,15,0,1,0,0,3,0,1,0,0,43,5,0,0,21
2022,Jammu And Kashmir,1,Bandipora,623,Bandipora,2,16,0,31,25,0,0,9,9,11,0,0,0,0,0,2,0,0,0,2,16,0,0,0,0
2022,Jammu And Kashmir,1,Baramulla,3,Baramulla,9,28,0,87,79,0,0,39,8,24,0,0,1,0,45,1,0,0,0,0,35,3,0,0,6
2022,Jammu And Kashmir,1,Baramulla,3,Sopore,0,15,1,85,28,0,0,21,12,8,0,0,0,0,34,0,0,0,0,0,3,4,6,0,8
2022,Jammu And Kashmir,1,Budgam,2,Budgam,4,50,0,161,63,0,1,22,22,17,0,0,2,0,72,0,0,0,0,0,25,17,20,0,0
2022,Jammu And Kashmir,1,Doda,4,Doda,1,30,0,20,21,0,0,6,6,49,0,0,0,0,0,0,0,0,0,0,13,0,0,0,28
2022,Jammu And Kashmir,1,Ganderbal,626,Ganderbal,1,36,0,92,38,0,2,44,14,23,2,1,1,0,33,0,0,0,0,0,19,3,9,0,3
2022,Jammu And Kashmir,1,Jammu,5,Anti Narcotic Task Force Jammu,0,0,0,0,0,0,0,0,0,0,0,0,0,0,0,0,0,0,0,0,0,0,0,0,0
2022,Jammu And Kashmir,1,Jammu,5,Cice Jammu,0,0,0,0,0,0,0,0,0,0,0,0,0,0,0,6,0,0,0,0,0,0,0,0,0
2022,Jammu And Kashmir,1,Jammu,5,Cice Kashmir,0,0,0,0,0,0,0,0,0,0,0,0,0,0,0,6,0,0,0,0,0,0,0,0,0
2022,Jammu And Kashmir,1,Jammu,5,Cyber Crime Investigation Center For Excellence Kashmir,0,0,0,0,0,0,0,0,0,0,0,0,0,0,0,0,0,0,0,0,0,0,0,0,0
2022,Jammu And Kashmir,1,Jammu,5,Cyber Crime Jammu,0,0,0,0,0,0,0,1,0,0,0,0,0,0,0,60,0,3,0,16,0,0,0,0,0
2022,Jammu And Kashmir,1,Jammu,5,Cyber Crime Kashmir,0,0,0,0,0,0,0,0,0,0,0,0,0,0,0,56,0,17,0,28,0,0,0,0,0
2022,Jammu And Kashmir,1,Jammu,5,Economic Offences Wing (Eow) Jammu,0,0,0,0,0,0,0,0,0,0,0,0,0,0,0,0,0,0,0,0,56,0,0,0,0
2022,Jammu And Kashmir,1,Jammu,5,Economic Offences Wing Jammu,0,0,0,0,0,0,0,0,0,0,0,0,0,0,0,0,0,0,0,0,0,0,0,0,0
2022,Jammu And Kashmir,1,Jammu,5,Eow Jammu,0,1,0,0,0,0,0,1,1,0,0,0,0,0,0,14,7,0,0,0,7,0,0,0,7
2022,Jammu And Kashmir,1,Jammu,5,Jammu,10,142,0,126,247,0,6,182,48,60,4,0,17,0,43,9,0,0,0,0,0,4,161,0,553
2022,Jammu And Kashmir,1,Jammu,5,Railways Jammu,0,0,0,0,0,0,0,0,0,0,0,0,0,0,0,0,0,0,0,0,0,0,0,0,1
2022,Jammu And Kashmir,1,Jammu,5,Railways Kashmir,0,1,0,0,0,0,0,1,1,0,0,0,0,0,0,0,0,0,0,0,0,0,0,0,0
2022,Jammu And Kashmir,1,Jammu,5,Special Crime Wing Jammu,0,0,0,0,0,0,0,0,0,0,0,0,0,0,0,0,0,0,0,0,12,0,0,0,0
2022,Jammu And Kashmir,1,Jammu,5,Special Crime Wing Kashmir,0,0,0,0,0,0,0,0,0,0,0,0,0,0,0,0,0,0,0,0,0,0,0,0,0
2022,Jammu And Kashmir,1,Kathua,7,Kathua,8,38,1,12,70,1,0,46,9,13,1,0,3,0,28,2,0,0,1,0,0,2,2,0,146
2022,Jammu And Kashmir,1,Kishtwar,620,Kishtwar,0,11,0,7,30,0,2,18,6,6,0,0,0,0,14,0,0,0,0,0,8,0,1,0,28
2022,Jammu And Kashmir,1,Kulgam,622,Kulgam,0,26,0,135,41,0,0,11,11,4,0,0,0,0,0,0,0,0,0,0,20,5,0,0,156
2022,Jammu And Kashmir,1,Kupwara,8,Handwara,0,3,2,36,46,0,0,20,3,11,0,0,2,0,0,0,0,0,0,0,6,3,0,0,139
2022,Jammu And Kashmir,1,Kupwara,8,Kupwara,2,41,0,47,46,0,0,30,11,38,0,0,0,0,0,0,0,0,0,0,19,1,0,0,34
2022,Jammu And Kashmir,1,Poonch,10,Poonch,4,55,0,30,59,0,0,48,15,25,0,0,0,0,33,1,0,0,0,2,11,0,19,0,4
2022,Jammu And Kashmir,1,Pulwama,11,Awantipora,0,13,0,60,26,0,0,9,3,7,0,0,0,0,9,0,0,0,0,0,11,3,0,0,93
2022,Jammu And Kashmir,1,Pulwama,11,Pulwama,6,18,0,67,24,0,0,13,13,4,0,0,4,0,0,0,0,0,0,0,13,2,2,0,0
2022,Jammu And Kashmir,1,Rajouri,12,Rajouri,11,80,3,138,82,0,0,60,16,58,0,0,4,1,38,4,0,1,0,2,26,2,13,0,4
2022,Jammu And Kashmir,1,Ramban,621,Ramban,2,13,0,24,17,0,0,22,9,11,0,0,1,4,17,6,0,0,0,0,8,0,0,0,99
2022,Jammu And Kashmir,1,Reasi,627,Railways Katra,1,2,0,0,0,0,0,0,0,0,0,0,0,0,0,0,0,0,0,0,0,0,0,0,0
2022,Jammu And Kashmir,1,Reasi,627,Reasi,7,51,0,29,37,0,0,56,20,5,0,0,2,0,7,2,0,0,1,0,27,0,0,0,40
2022,Jammu And Kashmir,1,Samba,624,Samba,0,38,0,6,24,0,0,36,14,8,2,0,1,0,27,1,0,0,0,1,0,0,0,0,62
2022,Jammu And Kashmir,1,Shopian,625,Shopian,4,11,0,39,26,0,0,9,9,7,0,0,0,0,0,0,0,0,0,0,10,8,0,0,91
2022,Jammu And Kashmir,1,Srinagar,13,Anti Narcotic Task Force Kashmir,0,0,0,0,0,0,0,0,0,0,0,0,0,0,0,0,0,0,0,0,0,0,0,0,0
2022,Jammu And Kashmir,1,Srinagar,13,Economic Offences Wing (Eow) Kashmir,0,0,0,0,0,0,0,0,0,0,0,0,0,0,0,0,0,0,0,0,0,0,0,0,0
2022,Jammu And Kashmir,1,Srinagar,13,Economic Offences Wing Kashmir,0,0,0,0,0,0,0,0,0,0,0,0,0,0,0,0,0,0,0,0,0,0,0,0,0
2022,Jammu And Kashmir,1,Srinagar,13,Eow Kashmir,0,0,0,0,0,0,0,0,0,0,0,0,0,0,0,5,0,0,0,0,0,0,0,0,0
2022,Jammu And Kashmir,1,Srinagar,13,Special Crime Wing Kashmir,0,0,0,0,0,0,0,0,0,0,0,0,0,0,0,1,0,0,0,0,15,0,0,0,0
2022,Jammu And Kashmir,1,Srinagar,13,Srinagar,13,41,2,227,179,0,4,108,26,70,2,2,1,1,40,2,0,0,0,0,5,26,78,0,85
2022,Jammu And Kashmir,1,Udhampur,14,Udhampur,13,32,2,43,66,0,0,52,26,34,0,0,2,0,33,5,0,2,0,0,33,0,0,0,13
2022,Jharkhand,20,Bokaro,322,Bokaro,52,246,0,79,81,0,0,127,45,64,119,0,1,0,0,20,0,7,0,0,0,25,0,0,94
2022,Jharkhand,20,Chatra,323,Chatra,53,87,4,13,43,1,3,39,18,11,55,1,0,1,0,15,0,0,0,0,50,34,18,0,151
2022,Jharkhand,20,Deoghar,324,Deoghar,86,121,17,121,48,4,0,52,4,40,179,0,0,0,0,97,0,0,0,0,34,48,22,0,279
2022,Jharkhand,20,Dhanbad,325,Dhanbad,80,158,20,116,35,4,3,146,134,62,182,0,0,0,0,47,0,47,0,0,5,46,187,0,884
2022,Jharkhand,20,Dhanbad,325,Dhanbad Railway,2,0,0,2,0,0,6,3,0,0,0,0,0,0,0,0,0,0,0,0,0,0,1,0,1
2022,Jharkhand,20,Dumka,326,Dumka,70,113,4,36,37,4,9,67,42,7,43,1,4,0,0,24,0,17,0,8,38,29,3,0,56
2022,Jharkhand,20,East Singhbum,327,Jamshedpur,80,179,7,48,122,0,1,25,25,74,139,0,2,0,0,115,0,73,0,0,399,180,109,3,49
2022,Jharkhand,20,East Singhbum,327,Jamshedpur Railway,5,0,0,2,2,0,0,3,2,0,0,0,0,0,2,1,0,1,0,0,0,1,0,0,0
2022,Jharkhand,20,Garhwa,328,Garhwa,91,131,0,70,33,3,5,137,75,59,83,0,0,0,0,18,0,6,0,0,82,15,15,0,105
2022,Jharkhand,20,Giridih,329,Giridih,69,248,36,88,120,1,11,216,10,74,150,0,0,0,0,57,0,19,0,0,138,28,16,0,174
2022,Jharkhand,20,Godda,330,Godda,47,120,2,162,43,1,16,82,24,38,132,1,1,0,0,26,0,15,1,0,82,14,0,0,478
2022,Jharkhand,20,Gumla,331,Gumla,89,264,52,19,81,1,39,177,52,11,31,0,7,5,95,31,14,0,0,2,12,14,61,0,41
2022,Jharkhand,20,Hazaribagh,332,Hazaribagh,90,169,27,40,49,0,2,101,62,61,142,0,8,0,86,87,26,2,12,0,212,38,98,0,86
2022,Jharkhand,20,Jamtara,333,Jamtara,27,52,2,21,9,3,1,43,28,21,42,0,0,0,0,159,75,9,0,0,100,13,0,0,109
2022,Jharkhand,20,Khunti,606,Khunti,67,75,0,6,0,0,13,33,28,16,10,0,0,0,0,10,0,10,0,0,0,14,0,0,47
2022,Jharkhand,20,Koderma,334,Koderma,22,104,0,60,24,2,1,62,31,30,20,0,0,0,0,26,0,5,0,2,2,8,3,0,82
2022,Jharkhand,20,Latehar,335,Latehar,50,92,1,35,31,2,10,28,27,17,27,0,5,0,0,32,0,1,0,2,47,10,1,0,4
2022,Jharkhand,20,Lohardaga,336,Lohardagga,28,83,0,22,31,0,2,19,13,8,42,0,4,0,0,10,0,5,0,0,43,9,0,0,0
2022,Jharkhand,20,Pakur,337,Pakur,28,113,5,19,10,2,1,46,13,38,112,0,0,0,0,14,0,0,0,0,34,5,5,0,45
2022,Jharkhand,20,Palamu,338,Palamu,87,150,9,100,51,16,0,129,46,90,132,0,8,0,0,38,0,1,0,20,76,43,53,0,25
2022,Jharkhand,20,Ramgarh,607,Ramgarh,27,57,3,16,37,0,0,38,38,12,57,0,0,0,0,48,13,0,0,0,78,12,11,0,59
2022,Jharkhand,20,Ranchi,339,Ranchi,156,446,50,71,26,2,26,129,50,114,154,0,0,0,0,177,0,130,0,0,221,160,193,0,1004
2022,Jharkhand,20,Sahebganj,340,Sahebganj,47,94,0,21,70,1,11,84,46,29,94,0,0,0,0,20,0,0,0,0,83,23,0,0,11
2022,Jharkhand,20,Saraikela Kharsawan,341,Saraikela,61,46,6,19,3,0,0,37,20,20,45,0,0,0,0,17,0,15,0,0,88,14,2,0,2
2022,Jharkhand,20,Simdega,342,Simdega,50,118,24,0,25,0,15,54,24,10,0,0,0,1,0,16,0,16,0,0,22,9,0,0,0
2022,Jharkhand,20,West Singhbhum,343,Chaibasa,110,115,3,20,13,0,5,40,35,11,14,0,1,0,0,16,0,16,0,0,11,26,0,0,43
2022,Karnataka,29,Bagalkote,524,Bagalkot,42,58,0,159,60,0,0,123,51,34,31,0,9,0,0,21,0,7,0,10,76,15,9,0,39
2022,Karnataka,29,Ballari,528,Ballari,28,44,0,81,65,0,0,102,43,65,46,0,0,0,0,44,0,8,0,7,82,22,10,1,26
2022,Karnataka,29,Belagavi,527,Belagavi City,40,35,0,44,51,0,1,114,28,88,4,0,8,4,4,109,0,1,0,19,121,22,4,3,17
2022,Karnataka,29,Belagavi,527,Belagavi District,76,139,0,276,157,0,0,264,128,127,20,0,11,0,4,30,0,16,0,28,139,44,39,1,82
2022,Karnataka,29,Belagavi,527,K.G.F.,13,36,0,39,25,0,0,56,30,13,18,0,3,0,20,55,0,0,0,8,28,11,4,0,5
2022,Karnataka,29,Bengaluru Urban,525,Bengaluru City,182,673,0,786,1489,25,14,1578,470,584,993,7,90,8,224,9940,0,2920,0,487,2462,626,151,155,647
2022,Karnataka,29,Bengaluru Urban,525,Bengaluru District,74,95,0,158,435,3,0,376,103,149,48,0,15,0,0,239,0,5,0,43,375,109,36,5,29
2022,Karnataka,29,Bengaluru Urban,525,K.Railways,11,2,0,4,7,0,1,12,2,3,0,0,0,0,0,0,0,0,0,0,4,55,1,0,5
2022,Karnataka,29,Bidar,529,Bidar,60,62,1,54,47,1,0,144,51,110,30,0,8,3,14,19,0,3,0,10,43,57,15,4,42
2022,Karnataka,29,Chamarajanagara,531,Chamarajnagar,19,47,0,157,24,0,0,116,48,19,30,0,3,0,17,20,0,1,0,0,21,10,3,0,33
2022,Karnataka,29,Chikkaballapura,630,Chikkaballapura,30,135,0,147,53,1,2,248,138,51,47,0,14,2,10,96,0,0,0,0,93,33,6,0,23
2022,Karnataka,29,Chikkamagaluru,532,Chikkamagaluru,16,86,0,223,77,0,0,219,125,43,44,0,6,5,4,69,0,66,0,1,68,20,9,2,11
2022,Karnataka,29,Chitradurga,533,Chitradurga,32,77,0,387,86,0,0,210,103,72,54,0,13,0,0,50,0,6,0,4,101,36,8,1,65
2022,Karnataka,29,Dakshina Kannada,534,Dakshina Kannada,23,61,0,59,29,0,0,162,69,31,4,0,3,0,4,30,0,17,1,13,33,17,4,0,16
2022,Karnataka,29,Dakshina Kannada,534,Mangaluru City,12,65,0,87,31,2,6,148,67,32,20,0,4,0,2,68,0,33,0,20,77,29,4,2,14
2022,Karnataka,29,Davangere,535,Davanagere,32,97,1,219,186,2,6,239,94,59,100,0,9,0,4,91,0,86,0,6,7,65,15,1,54
2022,Karnataka,29,Dharwad,536,Dharwad,26,26,1,47,18,0,0,79,33,42,5,0,1,0,0,12,0,11,0,2,39,13,0,0,9
2022,Karnataka,29,Dharwad,536,Hubballi Dharwad City,17,43,0,55,31,0,0,86,39,87,2,0,4,0,23,343,0,30,0,43,111,42,12,6,16
2022,Karnataka,29,Gadag,537,Gadag,24,45,0,57,22,0,0,72,35,23,7,0,4,0,7,16,0,2,0,7,39,10,2,0,6
2022,Karnataka,29,Hassan,539,Hassan,63,135,0,273,132,1,2,257,152,50,83,0,9,0,13,43,0,3,0,8,118,48,10,0,56
2022,Karnataka,29,Haveri,540,Haveri,16,89,0,112,121,0,0,146,78,36,35,0,6,0,16,118,0,0,0,0,72,37,4,0,26
2022,Karnataka,29,Kalaburagi,538,Kalaburgi,61,71,0,118,58,0,0,134,55,101,6,0,12,0,17,20,0,1,0,9,26,17,1,1,41
2022,Karnataka,29,Kalaburagi,538,Kalaburgi City,30,29,1,41,45,1,0,87,18,53,53,0,4,0,7,18,0,0,0,4,89,35,7,3,31
2022,Karnataka,29,Kodagu,541,Kodagu,19,73,0,54,60,0,0,129,66,24,2,0,3,6,8,28,0,20,0,8,27,13,4,0,13
2022,Karnataka,29,Kolar,542,Kolar,31,84,0,130,114,0,0,152,69,23,43,0,1,0,9,55,0,0,0,6,96,28,16,0,45
2022,Karnataka,29,Koppal,543,Koppal,19,81,0,111,71,0,2,152,71,96,5,0,2,0,0,22,0,11,0,8,47,13,1,0,30
2022,Karnataka,29,Mandya,544,Mandya,63,87,0,344,119,1,0,275,100,92,44,0,11,0,44,56,0,47,0,0,67,61,14,3,59
2022,Karnataka,29,Mysuru,545,Mysuru City,27,65,0,84,106,1,0,136,55,43,122,0,7,1,2,274,0,165,0,19,133,106,25,0,9
2022,Karnataka,29,Mysuru,545,Mysuru District,66,123,0,288,81,0,0,306,135,97,31,0,6,0,32,54,0,38,0,20,106,37,4,7,54
2022,Karnataka,29,Raichur,546,Raichur,46,93,0,217,59,1,0,141,52,115,66,0,7,0,0,25,0,1,0,12,76,18,3,3,24
2022,Karnataka,29,Ramanagara,631,Ramanagara,46,97,0,292,197,1,2,239,92,46,72,0,0,0,0,239,0,204,0,32,164,60,12,2,21
2022,Karnataka,29,Shivamogga,547,Shimoga,33,192,0,328,192,2,0,355,185,92,100,0,15,0,29,25,0,16,0,13,212,56,10,2,16
2022,Karnataka,29,Tumakuru,548,Tumakuru,85,107,0,286,237,0,0,473,104,65,118,0,0,36,40,154,0,5,0,18,201,84,38,4,36
2022,Karnataka,29,Udupi,549,Udupi,17,66,0,76,32,1,0,110,68,30,21,0,4,2,8,60,6,22,0,28,94,18,15,2,29
2022,Karnataka,29,Uttara Kannada,550,Uttara Kannada,18,68,0,165,77,2,0,206,65,21,22,0,6,1,16,48,0,40,0,9,82,31,18,6,41
2022,Karnataka,29,Vijayanagar,738,Vijayanagara,15,64,0,82,41,2,0,101,62,57,31,0,3,0,6,5,0,0,0,1,68,13,12,0,36
2022,Karnataka,29,Vijayapura,530,Vijayapura,62,76,0,142,127,0,0,156,53,107,11,0,0,0,56,59,0,30,0,18,95,17,17,1,45
2022,Karnataka,29,Yadgir,635,Yadgiri,22,64,0,98,38,0,0,85,49,32,21,0,0,0,19,8,0,6,0,4,27,3,2,0,23
2022,Kerala,32,Alappuzha,554,Alapuzha,17,156,0,285,17,1,0,258,212,223,0,1,6,9,11,76,12,16,7,5,837,55,25,0,273
2022,Kerala,32,Ernakulam,555,Ernakulam Commissionerate,16,266,2,387,15,0,1,0,1,161,1,0,1,0,25,164,16,7,10,26,406,77,37,0,360
2022,Kerala,32,Ernakulam,555,Ernakulam Commr.,3,0,0,62,11,0,0,206,89,0,0,0,0,16,0,0,0,0,0,0,0,0,0,0,0
2022,Kerala,32,Ernakulam,555,Ernakulam Rural,22,208,4,612,47,1,3,306,150,378,0,1,0,7,29,40,15,2,0,3,403,68,38,0,763
2022,Kerala,32,Idukki,556,Idukki,36,209,7,272,14,0,0,266,174,116,1,0,3,5,4,51,1,1,0,3,243,19,29,0,243
2022,Kerala,32,Kannur,557,Kannur City,8,62,0,102,2,0,0,132,101,163,0,0,1,3,6,14,0,2,0,4,140,33,6,0,260
2022,Kerala,32,Kannur,557,Kannur Rural,3,47,0,90,8,0,37,141,109,127,0,0,2,6,12,1,0,0,0,2,112,16,12,0,150
2022,Kerala,32,Kasaragod,558,Kasargod,7,129,0,105,9,0,4,215,160,139,0,0,2,15,12,26,0,0,9,10,226,29,7,1,214
2022,Kerala,32,Kollam,559,Kollam Commissionerate,12,116,0,210,6,0,14,0,0,394,1,0,2,0,34,12,0,1,0,4,304,34,11,1,229
2022,Kerala,32,Kollam,559,Kollam Commr.,0,0,0,0,6,0,3,203,174,0,0,0,0,0,0,0,0,0,0,0,0,0,0,0,0
2022,Kerala,32,Kollam,559,Kollam Rural,20,151,3,263,11,0,0,249,213,243,0,1,11,5,13,61,16,3,0,14,1269,28,4,0,228
2022,Kerala,32,Kottayam,560,Kottayam,18,169,1,414,43,0,0,251,111,163,1,0,1,6,18,25,1,0,0,26,355,29,12,0,431
2022,Kerala,32,Kozhikode,561,Kozhikode Commissionerate,7,131,2,271,31,0,2,0,0,356,0,0,0,0,30,84,12,3,6,2,151,57,38,1,313
2022,Kerala,32,Kozhikode,561,Kozhikode Commr.,0,0,0,84,34,0,1,265,69,0,0,0,0,36,0,0,0,0,0,0,0,0,0,0,0
2022,Kerala,32,Kozhikode,561,Kozhikode Rural,14,157,1,481,51,4,0,301,87,418,0,0,2,10,40,48,12,2,1,6,164,28,21,0,121
2022,Kerala,32,Malappuram,562,Malappuram,27,312,2,672,65,0,2,621,256,644,1,0,12,46,68,87,4,1,13,21,229,48,57,0,228
2022,Kerala,32,Palakkad,563,Palakkad,39,194,0,415,48,0,0,345,158,329,0,0,2,0,16,122,44,5,0,56,328,74,22,0,192
2022,Kerala,32,Pathanamthitta,564,Pathanamthitta,11,182,2,207,25,0,0,261,192,124,29,1,5,12,31,47,7,0,0,5,1039,26,17,0,279
2022,Kerala,32,Thiruvananthapuram,565,Crime Branch,0,0,0,0,0,0,0,0,0,0,0,0,0,0,0,0,0,0,0,0,17,0,2,0,1
2022,Kerala,32,Thiruvananthapuram,565,Railways,0,5,0,60,3,0,18,17,8,0,0,0,0,0,3,2,0,0,0,0,2,19,0,0,6
2022,Kerala,32,Thiruvananthapuram,565,Trivandrum Commissionerate,23,138,2,222,8,0,0,0,0,137,1,0,0,0,9,93,0,13,0,72,316,62,53,3,143
2022,Kerala,32,Thiruvananthapuram,565,Trivandrum Commr.,1,0,0,2,10,0,0,223,158,0,0,0,0,4,0,0,0,0,0,0,0,0,0,0,0
2022,Kerala,32,Thiruvananthapuram,565,Trivandrum Rural,34,290,9,484,21,0,0,575,428,371,3,0,13,18,48,29,0,0,0,22,408,75,0,0,813
2022,Kerala,32,Thrissur,566,Thrissur Rural,20,121,2,310,24,0,0,296,174,280,1,0,1,19,23,52,16,1,0,6,376,35,9,0,115
2022,Kerala,32,Wayanad,567,Wayanadu,11,145,0,191,17,0,0,228,149,217,0,0,1,5,0,52,0,6,0,23,88,8,6,1,255
2022,Ladakh,37,Kargil,6,Kargil,2,4,0,0,5,0,0,5,2,1,0,0,0,0,0,3,0,0,0,0,7,1,0,0,25
2022,Ladakh,37,Leh Ladakh,9,Leh,3,8,1,2,2,0,0,3,0,1,0,0,0,0,0,0,0,0,0,0,5,3,0,0,14
2022,Lakshadweep,31,Lakshadweep District,553,Lakshadweep,0,13,0,1,0,0,0,11,11,3,0,0,0,0,0,1,0,1,0,0,0,0,0,0,8
2022,Madhya Pradesh,23,Agar Malwa,667,Agar,0,0,0,0,25,0,0,250,27,0,0,0,1,194,0,0,0,0,0,0,0,0,0,0,0
2022,Madhya Pradesh,23,Agar-Malwa,667,Agar,8,47,0,46,7,0,0,0,0,76,0,0,2,0,22,0,0,0,0,0,12,2,0,0,10
2022,Madhya Pradesh,23,Alirajpur,639,Alirajpur,60,126,0,22,55,0,0,108,67,7,0,0,14,12,91,0,0,0,0,0,10,6,2,0,75
2022,Madhya Pradesh,23,Anuppur,390,Anuppur,34,131,0,69,242,1,0,299,76,85,3,0,13,39,25,15,3,0,1,1,20,13,6,0,61
2022,Madhya Pradesh,23,Ashoknagar,391,Ashok Nagar,19,106,0,98,120,1,1,215,107,134,7,0,14,24,31,0,0,0,0,0,35,5,0,0,19
2022,Madhya Pradesh,23,Balaghat,392,Balaghat,42,180,0,97,369,0,3,347,107,136,2,0,4,30,27,8,4,0,0,0,31,6,1,0,10
2022,Madhya Pradesh,23,Barwani,393,Barwani,39,172,0,129,184,0,0,205,117,64,3,0,12,0,39,0,0,0,0,0,0,13,0,0,0
2022,Madhya Pradesh,23,Betul,394,Betul,69,289,0,53,186,0,2,267,75,40,12,0,10,0,22,4,0,0,1,0,28,7,2,0,3
2022,Madhya Pradesh,23,Bhind,395,Bhind,40,80,0,52,217,0,3,163,39,101,18,0,0,0,0,26,0,0,0,0,65,39,0,0,294
2022,Madhya Pradesh,23,Bhopal,396,Bhopal Commissionarate,58,652,3,381,949,0,0,996,236,684,23,1,20,77,552,209,85,6,8,2,299,70,64,0,764
2022,Madhya Pradesh,23,Bhopal,396,Bhopal Railway,1,4,0,19,16,0,0,14,4,0,1,0,1,0,0,0,0,0,0,0,14,90,2,0,0
2022,Madhya Pradesh,23,Bhopal,396,Bhopal Rural,15,76,0,36,116,0,0,138,60,56,7,0,5,4,34,3,1,1,0,0,15,4,4,0,98
2022,Madhya Pradesh,23,Bhopal,396,Cyber Crime Cell,0,0,0,0,0,0,0,0,0,0,0,0,0,0,0,0,0,0,0,0,0,0,0,0,0
2022,Madhya Pradesh,23,Burhanpur,397,Burhanpur,15,87,0,53,154,0,4,156,59,120,3,0,6,2,0,10,0,0,1,8,0,11,1,0,1
2022,Madhya Pradesh,23,Chhatarpur,398,Chhatarpur,42,194,2,128,469,0,2,500,124,168,24,0,19,13,275,2,0,1,0,1,13,22,0,0,5
2022,Madhya Pradesh,23,Chhindwara,399,Chhindwara,63,148,0,40,315,0,3,281,66,71,10,0,12,30,42,0,0,0,0,0,42,11,0,0,190
2022,Madhya Pradesh,23,Cyber Crime,9999,Cyber Crime Cell,0,0,0,0,0,0,0,0,0,0,0,0,0,0,0,0,0,0,0,0,0,0,0,0,0
2022,Madhya Pradesh,23,Cyber Crime Cell,9999,Cyber Crime Cell,0,0,0,0,0,0,0,132,0,0,0,0,0,0,0,275,0,3,0,150,0,0,0,0,0
2022,Madhya Pradesh,23,Damoh,400,Damoh,31,65,1,87,317,0,0,233,46,163,19,0,11,0,46,4,0,0,2,0,0,12,1,0,2
2022,Madhya Pradesh,23,Datia,401,Datia,26,81,0,40,134,0,0,131,29,69,15,0,5,19,0,17,5,0,1,8,36,11,0,0,26
2022,Madhya Pradesh,23,Dewas,402,Dewas,26,224,1,148,278,0,0,404,165,80,9,1,5,68,228,0,0,0,0,0,28,11,0,0,37
2022,Madhya Pradesh,23,Dhar,403,Dhar,74,484,0,215,738,3,5,749,238,201,12,0,40,102,451,16,1,0,5,0,66,36,17,2,40
2022,Madhya Pradesh,23,Dindori,404,Dindori,24,113,1,50,190,0,0,180,62,122,0,0,6,13,14,6,1,0,0,0,15,1,0,0,104
2022,Madhya Pradesh,23,Guna,406,Guna,52,159,1,109,81,1,2,231,83,83,4,0,15,53,158,5,0,0,0,0,33,18,1,0,36
2022,Madhya Pradesh,23,Gwalior,407,Gwalior,73,518,1,232,473,2,1,641,207,561,39,0,30,18,58,158,50,6,9,8,276,71,45,3,157
2022,Madhya Pradesh,23,Harda,408,Harda,15,110,0,83,196,0,2,229,94,92,2,0,10,9,68,14,0,7,0,7,4,2,0,0,90
2022,Madhya Pradesh,23,Indore,410,Cyber Crime Cell,0,0,0,0,0,0,0,0,0,0,0,0,0,0,0,0,0,0,0,65,0,0,0,0,0
2022,Madhya Pradesh,23,Indore,410,Indore Commissionarate,80,565,2,239,1141,2,13,1082,292,532,12,1,35,91,331,83,13,1,14,10,296,67,10,9,241
2022,Madhya Pradesh,23,Indore,410,Indore Railway,2,1,0,5,8,0,0,9,1,0,1,0,0,0,0,2,0,1,0,0,1,10,0,0,4
2022,Madhya Pradesh,23,Indore,410,Indore Rural,35,112,0,87,236,0,0,266,89,96,10,0,19,36,40,10,1,0,1,0,56,10,1,0,37
2022,Madhya Pradesh,23,Indore,410,Khandwa,0,0,0,1,145,0,0,257,105,0,0,0,0,0,0,0,0,0,0,0,0,0,0,0,0
2022,Madhya Pradesh,23,Jabalpur,411,Jabalpur,89,477,0,320,803,2,2,859,267,412,30,0,18,116,121,8,0,2,0,6,144,56,10,0,293
2022,Madhya Pradesh,23,Jabalpur,411,Jabalpur Railway,2,9,0,8,13,0,3,16,4,0,0,0,3,0,0,0,0,0,0,0,5,22,0,0,4
2022,Madhya Pradesh,23,Jhabua,412,Jhabua,38,116,0,53,382,0,0,271,52,22,0,0,19,0,129,0,0,0,0,0,13,17,0,0,14
2022,Madhya Pradesh,23,Katni,413,Katni,27,295,0,65,271,0,0,330,53,63,14,0,17,0,51,3,0,0,0,3,44,4,6,0,0
2022,Madhya Pradesh,23,Khandwa (East Nimar),405,Khandwa,30,186,0,138,129,0,0,0,0,91,3,0,4,0,0,0,0,0,0,0,0,12,0,0,2080
2022,Madhya Pradesh,23,Khargone,414,Khargone,2,0,0,0,145,0,0,483,266,0,0,0,2,24,0,0,0,0,0,0,0,0,0,0,0
2022,Madhya Pradesh,23,Khargone (West Nimar),414,Khargone,42,330,1,154,123,0,4,0,0,96,9,0,16,0,106,4,0,0,1,0,29,14,4,0,33
2022,Madhya Pradesh,23,Mandla,415,Mandla,30,89,0,39,332,0,3,328,46,70,4,0,11,2,12,2,1,0,0,0,16,9,0,0,19
2022,Madhya Pradesh,23,Mandsaur,416,Mandsaur,25,119,0,101,198,0,4,239,105,117,6,1,8,13,49,28,0,0,12,0,53,14,0,0,38
2022,Madhya Pradesh,23,Morena,417,Morena,45,240,0,120,239,1,5,365,113,279,25,0,19,0,72,0,0,0,0,0,45,43,18,0,57
2022,Madhya Pradesh,23,Narmadapuram,409,Narmadapuram,38,159,1,88,283,0,0,395,115,190,11,0,11,111,37,0,0,0,0,0,20,16,1,0,2
2022,Madhya Pradesh,23,Narsimhapur,418,Narsinghpur,30,191,1,135,113,0,0,0,0,106,9,0,12,0,174,15,0,0,5,9,28,10,0,0,20
2022,Madhya Pradesh,23,Narsinghpur,418,Narsinghpur,2,0,0,0,150,0,0,296,112,0,0,0,1,11,0,0,0,0,0,0,0,0,0,0,0
2022,Madhya Pradesh,23,Neemuch,419,Neemuch,11,85,0,63,124,0,6,158,77,165,4,0,5,1,44,23,0,0,9,10,22,15,10,0,1243
2022,Madhya Pradesh,23,Niwari,722,Niwari,9,40,0,36,66,0,0,84,23,36,3,0,2,15,5,2,1,0,0,0,9,9,0,0,57
2022,Madhya Pradesh,23,Panna,420,Panna,21,105,0,72,334,0,0,312,48,111,14,0,14,65,31,15,7,1,0,0,3,5,0,0,17
2022,Madhya Pradesh,23,Raisen,421,Raisen,45,138,0,102,517,0,4,541,95,160,8,1,13,34,0,0,0,0,0,0,0,18,0,0,715
2022,Madhya Pradesh,23,Rajgarh,422,Rajgarh,25,168,1,169,264,0,0,256,119,426,7,0,15,0,447,3,1,0,0,0,34,19,0,0,430
2022,Madhya Pradesh,23,Ratlam,423,Ratlam,34,264,0,116,433,1,0,585,176,180,4,0,21,11,163,37,17,0,0,0,63,26,1,0,78
2022,Madhya Pradesh,23,Rewa,424,Rewa,69,285,2,121,881,2,2,907,194,225,24,1,22,31,118,43,4,2,0,8,81,82,44,0,3930
2022,Madhya Pradesh,23,Sagar,425,Sagar,83,547,0,239,346,0,1,874,289,424,31,0,37,177,193,22,1,0,4,0,90,47,4,6,73
2022,Madhya Pradesh,23,Satna,426,Satna,65,425,0,85,429,0,5,599,87,108,23,0,22,16,50,6,0,0,3,0,53,17,0,0,3
2022,Madhya Pradesh,23,Sehore,427,Sehore,29,279,0,129,127,0,0,325,176,130,10,1,6,0,133,1,0,1,0,0,80,11,1,0,21
2022,Madhya Pradesh,23,Seoni,428,Seoni,31,359,0,85,223,0,8,330,85,137,8,0,0,0,163,10,4,0,1,0,39,7,10,0,942
2022,Madhya Pradesh,23,Shahdol,429,Shahdol,54,140,0,81,303,0,6,367,88,191,10,0,24,63,64,11,1,1,3,2,38,17,0,0,5
2022,Madhya Pradesh,23,Shajapur,430,Shajapur,22,138,0,96,67,0,0,241,118,130,6,0,5,70,275,6,0,0,3,0,16,15,0,0,23
2022,Madhya Pradesh,23,Sheopur,431,Sheopur,13,49,0,40,55,1,0,135,18,58,6,0,5,37,11,5,0,0,0,7,8,7,0,0,36
2022,Madhya Pradesh,23,Shivpuri,432,Shivpuri,68,222,0,159,340,3,3,555,136,152,18,0,21,27,21,22,8,0,3,0,89,36,1,0,2633
2022,Madhya Pradesh,23,Sidhi,433,Sidhi,22,113,0,74,262,0,0,452,54,109,11,0,14,25,0,38,3,0,16,0,8,10,0,0,19
2022,Madhya Pradesh,23,Singrauli,638,Singrauli,58,182,1,46,230,0,9,271,90,144,11,0,28,8,70,21,3,0,5,0,22,6,8,0,31
2022,Madhya Pradesh,23,Tikamgarh,434,Tikamgarh,28,126,0,42,185,0,0,256,83,74,16,0,16,25,6,16,2,0,3,0,16,0,1,0,86
2022,Madhya Pradesh,23,Ujjain,435,Ujjain,37,230,0,177,466,0,0,554,148,191,6,0,17,60,21,29,5,2,2,0,119,35,7,4,2741
2022,Madhya Pradesh,23,Umaria,436,Umaria,19,82,0,34,71,0,0,97,30,46,3,0,3,0,0,0,0,0,0,0,13,7,1,0,0
2022,Madhya Pradesh,23,Vidisha,437,Vidisha,42,203,0,126,352,0,5,451,165,112,11,0,19,63,79,0,0,0,0,0,18,15,5,0,78
2022,Maharashtra,27,Ahmednagar,466,Ahmednagar,94,375,0,737,985,0,6,892,303,451,21,0,73,2,194,154,48,21,5,36,264,378,9,10,763
2022,Maharashtra,27,Akola,467,Akola,40,131,0,222,215,0,0,299,151,246,8,0,19,20,115,54,9,4,7,0,87,42,0,0,135
2022,Maharashtra,27,Amravati,468,Amravati Commissionerate,32,170,0,268,88,0,0,0,1,121,2,0,15,0,61,126,47,0,2,8,142,70,35,0,279
2022,Maharashtra,27,Amravati,468,Amravati Commr.,2,0,0,0,109,0,0,283,158,0,0,0,1,0,0,0,0,0,0,0,0,0,0,0,0
2022,Maharashtra,27,Amravati,468,Amravati Rural,60,161,0,179,313,0,0,363,185,199,5,0,14,1,92,157,65,0,9,2,120,31,11,0,105
2022,Maharashtra,27,Aurangabad,469,Aurangabad Commr.,3,0,0,0,213,0,0,349,104,0,0,0,0,7,0,0,0,0,0,0,0,0,0,0,0
2022,Maharashtra,27,Aurangabad,469,Aurangabad Railway,0,0,0,0,3,0,0,12,5,0,0,0,0,0,0,0,0,0,0,0,0,0,0,0,0
2022,Maharashtra,27,Aurangabad,469,Aurangabad Rural,4,0,0,0,112,0,0,223,100,0,0,0,2,0,0,0,0,0,0,0,0,0,0,0,0
2022,Maharashtra,27,Beed,470,Beed,65,193,0,275,226,2,0,310,133,621,2,0,32,10,186,222,90,8,5,0,90,80,0,9,294
2022,Maharashtra,27,Bhandara,471,Bhandara,38,104,0,86,140,0,2,150,60,32,3,0,8,2,38,62,11,1,4,2,29,14,2,0,60
2022,Maharashtra,27,Buldhana,472,Buldhana,53,168,1,332,279,1,0,341,156,238,12,0,37,7,157,136,33,11,8,3,78,74,19,1,135
2022,Maharashtra,27,Chandrapur,473,Chandrapur,58,172,0,261,420,2,6,415,174,206,2,0,7,4,53,144,46,3,3,7,112,49,0,0,137
2022,Maharashtra,27,Chhatrapati Sambhajinagar,469,Aurangabad Commissionerate,43,148,0,250,157,4,0,0,0,253,4,0,8,0,216,186,62,1,18,3,265,138,0,3,148
2022,Maharashtra,27,Chhatrapati Sambhajinagar,469,Aurangabad Railway,4,4,0,12,2,0,0,0,0,0,0,0,0,0,6,0,0,0,0,0,2,45,0,0,6
2022,Maharashtra,27,Chhatrapati Sambhajinagar,469,Aurangabad Rural,42,114,0,218,117,0,0,0,0,310,5,0,24,0,79,92,26,18,9,8,71,94,0,0,228
2022,Maharashtra,27,Dharashiv,488,Osmanabad,37,129,0,164,67,1,0,0,0,129,7,1,8,0,133,74,30,1,3,3,85,53,3,9,212
2022,Maharashtra,27,Dhule,474,Dhule,41,65,0,96,277,0,0,203,56,382,2,0,7,0,52,26,5,0,5,4,26,79,77,0,173
2022,Maharashtra,27,Gadchiroli,475,Gadchiroli,39,77,0,39,97,0,0,110,54,13,1,0,3,2,15,25,7,1,3,0,32,7,0,0,34
2022,Maharashtra,27,Gondia,476,Gondia,20,124,0,99,202,0,0,234,90,27,14,0,11,0,51,6,0,6,0,0,11,20,19,0,8
2022,Maharashtra,27,Hingoli,477,Hingoli,26,60,0,96,64,0,0,94,53,187,4,0,11,0,16,14,3,0,3,0,19,23,6,0,23
2022,Maharashtra,27,Jalgaon,478,Jalgaon,78,204,0,286,411,0,0,438,187,574,3,0,34,0,197,190,56,4,11,3,223,154,35,6,331
2022,Maharashtra,27,Jalna,479,Jalna,55,149,0,367,188,2,0,208,86,503,6,1,16,0,199,135,11,37,0,18,92,140,22,1,354
2022,Maharashtra,27,Kolhapur,480,Kolhapur,53,249,0,294,461,3,27,518,235,244,2,1,19,0,181,106,27,0,18,2,284,116,31,0,142
2022,Maharashtra,27,Latur,481,Latur,41,99,0,165,220,0,2,223,68,393,4,1,20,0,34,83,24,0,9,12,55,99,42,1,90
2022,Maharashtra,27,Mumbai,482,Mumbai Commissionerate,135,1355,1,2506,1161,2,81,0,3,901,6,2,35,0,451,9413,3752,32,287,20,6571,1056,739,1,8565
2022,Maharashtra,27,Mumbai,482,Mumbai Commr.,4,0,0,0,1714,1,5,3178,1184,0,0,0,1,57,0,0,0,0,0,0,0,0,0,0,0
2022,Maharashtra,27,Mumbai,482,Mumbai Railway,7,5,0,87,27,0,0,302,15,0,0,0,4,1,118,55,10,1,0,0,52,580,4,0,65
2022,Maharashtra,27,Mumbai Suburban,483,Navi Mumbai,44,341,0,238,604,4,22,583,192,226,2,0,9,0,12,352,103,11,19,13,512,267,2,3,312
2022,Maharashtra,27,Nagpur,484,Nagpur Commissionerate,65,365,0,242,368,3,34,0,0,235,2,1,21,0,277,404,148,3,21,13,527,175,11,6,403
2022,Maharashtra,27,Nagpur,484,Nagpur Commr.,5,0,0,0,444,0,9,766,249,0,0,0,1,9,0,0,0,0,0,0,0,0,0,0,0
2022,Maharashtra,27,Nagpur,484,Nagpur Railway,3,0,0,6,6,0,0,6,1,0,0,0,0,0,13,0,0,0,0,0,3,15,0,0,3
2022,Maharashtra,27,Nagpur,484,Nagpur Rural,45,155,0,99,257,1,0,285,143,31,1,1,9,6,44,168,60,5,5,12,73,38,9,1,306
2022,Maharashtra,27,Nanded,485,Nanded,87,155,0,209,298,1,0,314,120,355,6,0,23,2,41,80,11,2,6,2,106,164,1,0,124
2022,Maharashtra,27,Nandurbar,486,Nandurbar,37,79,0,58,175,0,2,153,56,112,0,0,5,0,118,42,6,0,3,0,43,31,6,0,210
2022,Maharashtra,27,Nashik,487,Nasik Commissionerate,30,113,0,97,251,1,0,0,0,59,4,0,12,0,62,108,13,15,16,0,16,149,0,0,127
2022,Maharashtra,27,Nashik,487,Nasik Commr.,0,0,0,0,313,0,0,404,87,0,0,0,0,0,0,0,0,0,0,0,0,0,0,0,0
2022,Maharashtra,27,Nashik,487,Nasik Rural,91,170,0,245,772,0,0,600,164,646,6,0,40,0,128,50,14,3,6,1,105,109,30,0,69
2022,Maharashtra,27,Osmanabad,488,Osmanabad,0,0,0,0,82,0,0,162,62,0,0,0,1,9,0,0,0,0,0,0,0,0,0,0,0
2022,Maharashtra,27,Palghar,665,Palghar,34,129,0,86,273,4,0,251,79,26,3,0,11,0,79,39,13,2,3,8,62,38,15,0,75
2022,Maharashtra,27,Parbhani,489,Parbhani,51,83,0,109,144,0,0,164,67,278,3,0,10,6,149,61,9,0,9,2,61,56,1,0,61
2022,Maharashtra,27,Pune,490,Pimpri Chinchwad City,84,368,0,358,878,9,91,772,247,317,8,0,24,1,279,362,99,17,32,12,481,506,71,5,280
2022,Maharashtra,27,Pune,490,Pune Commissionerate,105,687,0,514,564,5,34,0,0,466,9,0,25,0,378,601,212,42,27,38,788,437,55,0,384
2022,Maharashtra,27,Pune,490,Pune Commr.,2,0,0,0,532,1,1,732,161,0,0,0,1,4,0,0,0,0,0,0,0,0,0,0,0
2022,Maharashtra,27,Pune,490,Pune Railway,5,2,0,4,7,0,0,7,0,0,0,0,0,0,8,0,0,0,0,0,3,20,0,0,1
2022,Maharashtra,27,Pune,490,Pune Rural,117,403,0,642,823,2,10,880,343,331,4,0,40,6,139,114,18,1,16,0,449,216,16,5,190
2022,Maharashtra,27,Raigad,491,Raigad,43,139,0,118,216,2,0,234,90,52,3,0,12,2,68,102,29,0,3,0,77,39,52,0,105
2022,Maharashtra,27,Ratnagiri,492,Ratnagiri,17,68,0,72,119,0,0,134,51,8,0,0,3,1,39,115,42,1,4,9,89,12,16,0,337
2022,Maharashtra,27,Sangli,493,Sangli,58,215,0,212,495,2,5,407,113,174,5,1,35,11,182,79,20,0,4,0,183,155,19,0,719
2022,Maharashtra,27,Satara,494,Satara,46,243,0,264,499,1,11,506,212,179,5,0,25,5,253,68,17,1,8,0,155,123,30,0,93
2022,Maharashtra,27,Sindhudurg,495,Sindhudurg,5,46,0,73,44,0,0,68,36,4,0,0,0,2,26,72,21,2,7,0,31,5,7,0,49
2022,Maharashtra,27,Solapur,496,Solapur Commissionerate,12,85,0,78,73,0,6,0,0,133,1,0,1,0,58,55,16,5,1,0,136,31,2,0,64
2022,Maharashtra,27,Solapur,496,Solapur Commr.,0,0,0,0,91,0,0,186,71,0,0,0,2,0,0,0,0,0,0,0,0,0,0,0,0
2022,Maharashtra,27,Solapur,496,Solapur Rural,63,307,0,400,471,5,3,530,240,180,4,0,48,0,188,116,32,1,16,4,154,87,10,2,90
2022,Maharashtra,27,Thane,497,Mira Bhayandar Vasai Virar Commissionerate,39,516,0,504,420,5,77,0,0,303,2,1,10,0,235,413,132,6,29,7,946,251,68,0,701
2022,Maharashtra,27,Thane,497,Mira Bhayandar Vasai Virar Commr.,6,0,0,0,582,0,2,986,325,0,0,0,0,19,0,0,0,0,0,0,0,0,0,0,0
2022,Maharashtra,27,Thane,497,Thane Commissionerate,95,603,0,492,682,8,48,0,0,480,4,1,32,0,376,681,198,24,45,11,845,593,27,0,693
2022,Maharashtra,27,Thane,497,Thane Commr.,5,0,0,0,980,0,0,1452,450,0,0,0,0,0,0,0,0,0,0,0,0,0,0,0,0
2022,Maharashtra,27,Thane,497,Thane Rural,27,123,0,101,208,1,0,184,56,51,2,0,8,0,56,25,4,1,1,0,67,35,0,0,56
2022,Maharashtra,27,Wardha,498,Wardha,46,124,0,161,226,0,0,269,139,63,2,1,11,0,30,87,19,2,8,0,29,37,14,0,605
2022,Maharashtra,27,Washim,499,Washim,20,77,0,139,117,0,0,149,70,234,13,0,3,0,1,23,4,4,1,1,51,38,0,2,13
2022,Maharashtra,27,Yavatmal,500,Yavatmal,80,225,0,269,410,0,0,433,200,395,6,1,21,0,6,54,21,1,0,0,132,72,0,0,100
2022,Manipur,14,Bishnupur,252,Bishnupur,3,18,0,1,6,0,0,9,8,0,0,0,0,0,0,0,0,0,0,0,5,0,0,0,11
2022,Manipur,14,Chandel,253,Chandel,3,0,0,0,2,0,0,2,0,0,0,0,0,0,0,0,0,0,0,0,0,0,1,0,6
2022,Manipur,14,Churachandpur,254,Churachandpur,10,2,0,1,2,1,0,11,7,1,0,0,0,0,1,0,0,0,0,0,3,2,3,0,11
2022,Manipur,14,Imphal East,255,Imphal East,8,31,0,12,3,0,0,20,13,0,0,0,0,0,0,0,0,0,0,0,18,2,4,0,21
2022,Manipur,14,Imphal West,256,Cid,0,0,0,12,0,0,0,0,0,0,0,0,0,0,0,30,6,0,4,0,16,0,0,0,23
2022,Manipur,14,Imphal West,256,Imphal West,5,48,0,26,18,1,0,33,6,7,0,0,0,0,8,5,0,0,2,0,25,0,16,0,17
2022,Manipur,14,Imphal West,256,Narcotic,0,0,0,0,0,0,0,0,0,0,0,0,0,0,0,0,0,0,0,0,0,0,0,0,0
2022,Manipur,14,Jiribam,713,Jiribam,1,3,0,0,0,0,0,2,1,0,0,0,0,0,0,0,0,0,0,0,0,1,0,0,2
2022,Manipur,14,Kakching,711,Kakching,3,11,0,6,6,0,0,10,4,0,0,0,1,0,0,0,0,0,0,0,3,1,0,0,5
2022,Manipur,14,Kamjong,717,Kamjong,0,0,0,0,0,0,0,0,0,0,0,0,0,0,0,0,0,0,0,0,0,0,0,0,2
2022,Manipur,14,Kangpokpi,712,Kangpokpi,4,1,0,0,0,1,0,3,1,0,0,0,1,0,0,0,0,0,0,0,1,1,1,0,4
2022,Manipur,14,Noney,714,Noney,1,0,0,0,1,0,0,1,0,0,0,0,0,0,0,0,0,0,0,0,0,0,1,0,2
2022,Manipur,14,Pherzawl,715,Pherzawl,0,0,0,2,0,0,0,0,0,0,0,0,0,0,0,0,0,0,0,0,0,0,0,0,1
2022,Manipur,14,Senapati,257,Senapati,1,2,0,0,0,0,0,2,2,0,0,0,0,0,0,0,0,0,0,0,0,1,0,0,8
2022,Manipur,14,Tamenglong,258,Tamenglong,0,0,0,1,0,0,0,0,0,0,0,0,0,0,0,0,0,0,0,0,1,0,0,0,2
2022,Manipur,14,Tengnoupal,716,Tengnoupal,1,2,0,2,3,0,0,5,3,0,0,0,0,0,0,0,0,0,0,0,0,0,1,0,2
2022,Manipur,14,Thoubal,259,Thoubal,8,14,0,17,7,4,0,17,8,1,0,0,3,1,0,0,0,0,0,0,4,0,7,0,16
2022,Manipur,14,Ukhrul,260,Ukhrul,2,5,0,0,0,0,0,5,3,1,0,0,0,0,0,0,0,0,0,0,0,0,0,0,6
2022,Meghalaya,17,East Garo Hills,273,East Garo Hills,0,23,1,3,3,1,0,0,0,2,0,0,0,0,0,10,0,1,0,3,12,4,4,0,2
2022,Meghalaya,17,East Garo Hills,273,Garo Hills East,0,0,0,0,2,0,0,21,17,0,0,0,0,0,0,0,0,0,0,0,0,0,0,0,0
2022,Meghalaya,17,East Jaintia Hills,657,East Jaintia Hills,9,25,0,2,11,1,0,0,0,3,0,0,0,0,0,0,0,0,0,0,10,7,0,0,8
2022,Meghalaya,17,East Jaintia Hills,657,Jaintia Hills East,0,0,0,2,0,0,0,26,24,0,0,0,0,0,0,0,0,0,0,0,0,0,0,0,0
2022,Meghalaya,17,East Khasi Hills,274,Cyber Cell,0,0,0,0,0,0,0,0,0,0,0,0,0,0,0,9,0,3,0,0,0,0,1,0,3
2022,Meghalaya,17,East Khasi Hills,274,East Khasi Hills,15,103,3,43,20,0,0,0,17,5,2,0,2,0,16,17,0,7,0,5,177,20,9,0,35
2022,Meghalaya,17,East Khasi Hills,274,Khasi Hills East,1,0,0,0,33,0,0,144,104,0,0,0,0,0,0,0,0,0,0,0,0,0,0,0,0
2022,Meghalaya,17,Eastern West Khasi Hills,740,Eastern West Khasi Hills,2,15,0,1,0,0,0,0,0,0,0,0,0,0,0,1,0,0,0,2,7,1,0,0,4
2022,Meghalaya,17,Eastern West Khasi Hills,740,Khasi Hills Eastern West,0,0,0,0,0,0,0,12,11,0,0,0,0,0,0,0,0,0,0,0,0,0,0,0,0
2022,Meghalaya,17,North Garo Hills,656,Garo Hills North,0,12,0,0,12,0,0,18,11,0,0,0,0,0,0,4,0,0,0,4,0,3,2,0,6
2022,Meghalaya,17,Ri Bhoi,276,Ri-Bhoi,10,43,0,4,13,1,0,55,43,3,0,0,0,0,0,8,0,3,0,1,20,8,4,0,7
2022,Meghalaya,17,South Garo Hills,277,Garo Hills South,2,0,0,0,1,0,0,18,13,0,0,0,0,0,0,0,0,0,0,0,0,0,0,0,0
2022,Meghalaya,17,South Garo Hills,277,South Garo Hills,7,13,0,2,4,0,0,0,0,1,0,0,0,0,0,10,2,0,1,2,4,2,0,0,5
2022,Meghalaya,17,South West Garo Hills,663,Garo Hills South West,0,0,0,0,0,0,0,8,8,0,0,0,0,0,0,0,0,0,0,0,0,0,0,0,0
2022,Meghalaya,17,South West Garo Hills,663,South West Garo Hills,3,8,0,0,1,0,0,0,0,1,0,0,0,0,0,3,0,0,0,1,10,2,0,0,2
2022,Meghalaya,17,South West Khasi Hills,658,Khasi Hills South West,0,0,0,0,1,0,0,13,11,0,0,0,0,1,0,0,0,0,0,0,0,0,0,0,0
2022,Meghalaya,17,South West Khasi Hills,658,South West Khasi Hills,2,14,1,0,1,0,0,0,0,0,0,0,0,0,0,5,0,2,0,3,1,0,0,0,1
2022,Meghalaya,17,West Garo Hills,278,Garo Hills West,0,3,0,0,15,0,0,83,44,0,0,0,0,2,0,0,0,0,0,0,0,0,0,1,0
2022,Meghalaya,17,West Garo Hills,278,West Garo Hills,7,54,13,25,21,3,4,0,2,13,2,0,3,0,4,7,0,4,0,2,21,11,5,1,16
2022,Meghalaya,17,West Jaintia Hills,275,Jaintia Hills West,0,0,0,0,4,0,0,50,44,0,0,0,0,1,0,0,0,0,0,0,0,0,0,0,0
2022,Meghalaya,17,West Jaintia Hills,275,West Jaintia Hills,13,53,1,3,1,0,0,0,0,0,0,0,0,0,4,4,0,0,0,3,8,4,5,0,8
2022,Meghalaya,17,West Khasi Hills,279,Khasi Hills West,0,0,0,0,5,0,0,48,41,0,0,0,0,0,0,0,0,0,0,0,0,0,0,0,0
2022,Meghalaya,17,West Khasi Hills,279,West Khasi Hills,5,56,3,3,5,0,0,0,0,0,0,0,0,0,0,2,0,2,0,0,2,4,0,0,28
2022,Mizoram,15,Aizawl,261,Aizawl,14,36,1,13,1,0,0,48,33,3,0,0,0,3,29,0,0,0,0,0,135,18,9,1,58
2022,Mizoram,15,Aizawl,261,Cyber,0,0,0,0,0,0,0,0,0,0,0,0,0,0,0,0,0,0,0,0,0,0,0,0,0
2022,Mizoram,15,Aizawl,261,Spl Narcotic,0,0,0,0,0,0,0,0,0,0,0,0,0,0,0,0,0,0,0,0,0,0,0,0,0
2022,Mizoram,15,Champhai,262,Champhai,3,7,0,2,0,0,0,10,8,0,0,0,0,0,4,0,0,0,0,0,6,0,1,0,6
2022,Mizoram,15,Hnahthial,726,Hnahthial,0,4,0,2,0,0,0,2,0,0,0,0,0,0,0,0,0,0,0,0,1,0,0,0,0
2022,Mizoram,15,Khawzawl,728,Khawzawl,3,7,1,2,0,0,0,11,8,0,0,0,0,0,0,0,0,0,0,0,0,1,0,0,1
2022,Mizoram,15,Kolasib,263,Kolasib,5,8,0,1,2,0,2,13,8,1,0,0,0,1,0,0,0,0,0,0,4,2,1,0,0
2022,Mizoram,15,Lawngtlai,264,Lawngtlai,3,4,0,3,0,4,0,7,5,0,0,0,0,0,0,1,0,0,0,0,1,0,1,0,3
2022,Mizoram,15,Lunglei,265,Lunglei,2,6,0,2,2,0,0,12,9,0,0,0,0,0,10,0,0,0,0,0,3,0,0,0,5
2022,Mizoram,15,Mamit,266,Mamit,2,6,0,1,0,0,0,13,11,0,0,0,0,1,0,0,0,0,0,0,2,0,1,0,0
2022,Mizoram,15,Saiha,267,Saiha,0,0,0,0,0,0,0,4,4,0,0,0,0,0,0,0,0,0,0,0,0,0,0,0,0
2022,Mizoram,15,Saitual,727,Saitual,1,3,0,0,0,0,0,4,4,0,0,0,0,0,0,0,0,0,0,0,0,0,0,0,2
2022,Mizoram,15,Serchhip,268,Serchhip,1,6,2,2,2,0,0,11,8,0,0,0,0,0,2,0,0,0,0,0,1,0,0,0,2
2022,Mizoram,15,Siaha,267,Saiha,0,3,0,2,0,0,0,0,0,0,0,0,0,0,0,0,0,0,0,0,0,0,0,0,3
2022,Nagaland,24,Ahmadabad,438,Western Railway Ahmedabad,0,0,0,0,0,0,0,0,0,0,0,0,0,0,0,2,0,0,1,0,0,0,0,0,1
2022,Nagaland,13,Dimapur,244,Dimapur,13,8,0,3,3,13,0,13,7,1,0,0,0,1,7,2,0,0,0,2,9,14,8,0,10
2022,Nagaland,13,Kiphire,614,Kiphire,0,2,1,0,0,0,0,1,0,0,0,0,0,0,0,0,0,0,0,0,0,0,1,0,0
2022,Nagaland,13,Kohima,245,Kohima,3,8,0,3,0,1,0,5,4,1,0,0,0,0,0,0,0,0,0,0,11,2,7,0,0
2022,Nagaland,13,Longleng,615,Longleng,1,2,0,0,0,0,0,0,0,1,0,0,0,0,0,0,0,0,0,0,0,0,0,0,0
2022,Nagaland,13,Mokokchung,246,Mokokchung,2,4,0,0,0,0,0,3,2,0,0,0,0,1,0,0,0,0,0,0,1,1,0,0,0
2022,Nagaland,13,Mon,247,Mon,0,3,0,2,1,1,0,3,3,0,0,0,0,0,0,2,0,2,0,0,5,0,0,0,1
2022,Nagaland,13,Peren,613,Peren,2,3,0,1,0,0,0,1,1,0,0,0,0,0,0,0,0,0,0,0,0,0,0,0,6
2022,Nagaland,13,Phek,248,Phek,1,3,0,0,0,0,0,3,3,0,0,0,0,0,0,0,0,0,0,0,3,0,0,0,3
2022,Nagaland,13,Tuensang,249,Tuensang,0,0,0,0,0,1,0,3,3,0,0,0,0,0,0,0,0,0,0,0,1,0,0,0,3
2022,Nagaland,24,Vadodara,461,Western Railway Vadodara,0,0,0,0,0,0,0,0,0,0,0,0,0,0,0,3,0,0,0,1,0,0,0,0,2
2022,Nagaland,13,Wokha,250,Wokha,0,0,0,0,0,0,0,1,1,0,0,0,0,0,0,0,0,0,0,0,0,2,0,0,6
2022,Nagaland,13,Zunheboto,251,Zunheboto,0,2,0,1,0,0,0,2,2,0,0,0,0,0,0,0,0,0,0,0,0,1,0,0,0
2022,Odisha,21,Anugul,344,Angul,38,137,11,423,346,0,4,274,93,575,6,0,0,0,19,156,67,0,0,15,233,142,0,1,67
2022,Odisha,21,Balangir,345,Bolangir,39,96,2,150,276,4,96,227,78,99,2,0,0,0,93,175,65,0,0,1,294,166,0,1,71
2022,Odisha,21,Baleshwar,346,Balasore,60,153,17,150,798,0,2,513,96,107,26,0,0,0,7,56,15,0,0,51,138,168,0,0,15
2022,Odisha,21,Baleshwar,346,Berhampur,25,167,3,7,273,0,0,241,80,274,2,0,4,0,50,102,37,5,0,35,191,61,0,2,37
2022,Odisha,21,Bargarh,347,Baragarh,43,87,1,339,298,2,2,186,36,112,10,0,0,0,68,126,55,0,0,20,227,121,0,0,55
2022,Odisha,21,Bhadrak,348,Bhadrak,56,122,0,143,668,0,0,406,72,76,25,2,0,0,12,86,26,0,0,56,188,70,0,0,26
2022,Odisha,21,Boudh,349,Boudh,13,29,3,34,79,0,2,67,16,35,4,0,0,0,14,17,5,0,0,2,29,29,0,0,9
2022,Odisha,21,Cuttack,350,Cid Cb,0,0,0,0,0,0,0,0,0,0,0,0,0,0,0,0,0,0,0,0,0,0,0,0,0
2022,Odisha,21,Cuttack,350,Cid Crime Branch,1,0,0,0,0,0,0,0,0,0,0,0,0,0,0,0,0,0,0,0,34,0,0,0,6
2022,Odisha,21,Cuttack,350,Cid Cyber Crime,0,0,0,0,0,0,0,0,0,0,0,0,0,0,0,24,12,0,0,0,12,0,0,0,12
2022,Odisha,21,Cuttack,350,Cuttack,67,107,2,293,334,0,0,209,47,65,23,1,0,0,16,46,10,0,0,23,146,86,0,0,16
2022,Odisha,21,Cuttack,350,Dcp Ctc,0,0,0,0,181,0,0,273,82,0,0,0,0,0,0,0,0,0,0,0,0,0,0,0,0
2022,Odisha,21,Cuttack,350,Dcp Cuttack,25,111,0,291,145,0,3,0,0,145,9,0,0,0,65,138,43,0,0,58,413,129,0,2,53
2022,Odisha,21,Cuttack,350,Srp(Cuttack),9,3,0,9,0,0,0,1,1,0,0,0,0,0,4,1,0,0,0,0,0,30,1,0,0
2022,Odisha,21,Deogarh,351,Deogarh,19,65,3,147,60,0,2,78,37,207,2,0,1,1,8,14,5,0,0,8,91,25,0,1,50
2022,Odisha,21,Dhenkanal,352,Dhenkanal,44,115,7,360,263,0,2,185,50,119,4,0,0,0,39,81,33,0,0,16,153,104,0,0,33
2022,Odisha,21,Gajapati,353,Gajapati,13,86,0,64,115,0,2,99,38,22,0,0,0,0,5,48,16,0,0,20,64,12,0,0,16
2022,Odisha,21,Ganjam,354,Ganjam,58,259,5,188,425,0,1,300,68,942,13,0,0,0,27,88,26,0,0,38,202,53,0,0,38
2022,Odisha,21,Jagatsinghapur,355,Jagatsinghpur,31,90,3,471,351,1,0,236,47,130,13,0,0,0,28,78,22,0,0,40,205,106,0,0,24
2022,Odisha,21,Jajapur,356,Jajpur,63,201,9,131,581,0,5,428,130,200,14,1,0,0,0,117,38,0,0,42,216,89,0,1,38
2022,Odisha,21,Jharsuguda,357,Jharsuguda,19,88,0,28,138,1,2,136,54,92,3,0,0,0,39,42,12,0,0,5,67,61,0,0,24
2022,Odisha,21,Kalahandi,358,Kalahandi,38,268,13,192,342,1,10,287,95,197,3,0,0,0,36,68,21,0,0,32,152,83,0,1,21
2022,Odisha,21,Kandhamal,359,Kandhamal,27,130,5,254,234,0,2,235,104,85,1,0,0,0,10,27,9,2,0,11,46,30,0,0,9
2022,Odisha,21,Kendrapara,360,Kendrapara,55,150,25,830,507,2,0,359,101,184,17,0,0,0,48,80,17,0,0,31,177,68,0,0,17
2022,Odisha,21,Kendujhar,361,Keonjhar,81,213,4,570,405,2,0,329,110,87,9,0,0,0,54,110,43,0,0,22,125,97,0,1,197
2022,Odisha,21,Khordha,362,Dcp Bbsr,0,0,0,0,336,0,0,432,79,0,0,0,0,0,0,0,0,0,0,0,0,0,0,0,0
2022,Odisha,21,Khordha,362,Dcp Bhubaneswar,47,165,3,31,330,0,2,0,0,25,14,0,0,0,51,159,52,0,0,57,932,643,0,2,76
2022,Odisha,21,Khordha,362,Khurda,27,69,0,650,246,0,0,178,50,102,9,0,0,0,23,24,7,0,0,10,96,80,0,2,9
2022,Odisha,21,Koraput,363,Koraput,46,275,1,258,284,2,1,258,110,72,1,1,0,0,28,104,42,0,0,19,149,90,0,0,42
2022,Odisha,21,Malkangiri,364,Malkangiri,36,142,3,203,233,0,1,183,58,133,5,0,0,0,10,183,80,0,0,16,221,16,0,1,86
2022,Odisha,21,Mayurbhanj,365,Mayurbhanj,101,389,26,663,814,0,6,625,193,336,6,0,0,0,83,148,46,0,0,57,236,94,0,0,52
2022,Odisha,21,Nabarangpur,366,Nabarangpur,23,104,2,244,106,0,6,104,83,157,1,0,0,1,20,74,32,0,0,12,39,24,0,0,50
2022,Odisha,21,Nayagarh,367,Nayagarh,44,102,0,93,189,0,1,137,33,58,15,0,0,0,43,17,6,0,0,7,56,42,0,0,6
2022,Odisha,21,Nuapada,368,Nuapada,14,18,0,46,177,2,13,106,14,34,34,0,0,0,9,29,11,0,0,7,52,11,0,0,11
2022,Odisha,21,Puri,369,Puri,55,142,4,100,501,0,0,339,74,123,14,0,0,0,15,99,26,14,0,40,220,171,0,0,28
2022,Odisha,21,Rayagada,370,Rayagada,27,108,5,99,168,0,2,156,60,73,3,0,0,0,33,86,39,0,0,13,103,16,0,2,39
2022,Odisha,21,Sambalpur,371,Sambalpur,50,94,2,115,224,0,16,194,71,190,5,0,0,0,132,317,47,0,0,26,225,213,0,0,217
2022,Odisha,21,Sonepur,372,Sonepur,15,47,0,128,90,0,0,85,25,27,3,0,0,0,7,24,12,0,0,0,43,39,0,0,12
2022,Odisha,21,Sundargarh,373,Rourkela,46,180,2,201,241,0,2,222,87,87,0,0,0,0,51,158,56,0,0,25,227,142,0,1,74
2022,Odisha,21,Sundargarh,373,Srp(Rourkela),7,2,1,3,8,0,3,6,0,0,0,0,1,0,0,2,0,0,0,0,0,14,0,0,16
2022,Odisha,21,Sundargarh,373,Sundargarh,39,138,0,110,144,0,2,146,51,152,1,0,0,6,23,98,35,0,0,0,70,79,0,0,86
2022,Puducherry,34,Karaikal,598,Karaikal,0,0,0,0,0,0,0,0,0,0,0,0,0,0,0,0,0,0,0,0,0,0,0,0,0
2022,Puducherry,34,Pondicherry,600,Puducherry,33,79,0,40,36,1,23,139,106,9,8,0,6,0,110,64,0,28,0,10,42,21,24,7,351
2022,Punjab,3,Amritsar,27,Amritsar Rural,53,140,1,44,92,0,0,119,27,32,4,1,5,0,26,10,0,0,1,6,75,12,0,0,139
2022,Punjab,3,Amritsar,27,Cp Amritsar,33,124,1,32,81,0,0,127,43,58,3,0,4,0,24,145,61,3,4,10,156,9,1,0,333
2022,Punjab,3,Amritsar,27,Special Task Force,0,0,0,0,0,0,0,0,0,0,0,0,0,0,0,0,0,0,0,0,0,0,0,0,0
2022,Punjab,3,Barnala,605,Barnala,12,51,1,10,32,1,0,45,14,17,6,0,7,0,3,14,0,2,0,6,55,7,0,1,39
2022,Punjab,3,Bathinda,28,Bathinda,41,158,2,34,71,0,0,148,49,86,7,0,9,0,0,10,0,0,0,6,140,4,3,0,167
2022,Punjab,3,Faridkot,29,Faridkot,16,48,0,22,22,2,0,44,20,9,3,0,7,0,15,8,0,2,1,2,44,3,0,0,81
2022,Punjab,3,Fatehgarh Sahib,30,Fatehgarh Sahib,15,83,1,34,63,0,0,67,26,44,0,1,4,0,0,20,7,0,2,0,47,5,1,4,121
2022,Punjab,3,Fazilka,651,Fazilka,22,166,2,14,50,0,3,109,59,45,2,0,6,0,35,22,4,0,0,0,99,8,1,0,59
2022,Punjab,3,Ferozepur,31,Ferozepur,23,82,1,22,52,1,0,58,19,25,1,0,4,0,0,16,5,0,0,0,67,4,0,0,83
2022,Punjab,3,Gurdaspur,32,Batala,24,99,1,17,65,2,0,91,30,42,0,0,7,1,23,33,13,0,1,4,100,1,1,0,156
2022,Punjab,3,Gurdaspur,32,Gurdaspur,11,46,2,10,24,0,0,35,22,67,3,0,3,0,7,29,3,0,2,7,121,2,3,2,57
2022,Punjab,3,Hoshiarpur,33,Hoshiarpur,34,119,0,33,82,0,0,112,33,109,4,0,16,0,15,198,87,1,4,1,252,4,1,0,214
2022,Punjab,3,Jalandhar,34,Cp Jalandhar,18,124,1,40,92,0,5,136,29,124,5,1,4,1,67,102,16,3,5,0,189,10,1,0,109
2022,Punjab,3,Jalandhar,34,Jalandhar Rural,35,102,0,46,47,0,4,108,26,61,5,0,8,2,51,59,20,1,3,1,139,9,1,0,132
2022,Punjab,3,Kapurthala,35,Kapurthala,16,89,4,25,41,1,2,66,28,37,3,1,14,0,30,19,0,0,3,0,42,8,0,0,238
2022,Punjab,3,Ludhiana,36,Cp Ludhiana,66,308,2,75,142,0,0,275,120,224,7,1,14,12,68,155,42,1,8,6,330,14,9,0,568
2022,Punjab,3,Ludhiana,36,Khanna,24,38,1,18,20,0,0,33,10,34,0,0,13,0,0,3,0,0,0,3,73,4,0,0,1
2022,Punjab,3,Ludhiana,36,Ludhiana Rural,17,88,0,15,40,0,0,70,26,30,1,0,5,0,0,18,0,2,0,10,67,4,0,0,54
2022,Punjab,3,Malerkotla,737,Malerkotla,5,36,0,10,22,0,0,31,8,39,0,0,1,0,0,3,0,0,0,0,41,2,0,0,57
2022,Punjab,3,Mansa,37,Mansa,29,79,0,14,30,0,0,61,22,26,4,0,5,0,22,3,1,0,0,0,39,9,0,1,112
2022,Punjab,3,Moga,38,Moga,28,83,0,26,38,0,0,57,27,23,2,0,2,0,35,40,9,1,0,34,130,3,1,0,69
2022,Punjab,3,Pathankot,662,Pathankot,7,35,0,12,17,0,0,30,12,38,2,0,7,0,8,23,0,0,0,7,0,1,0,0,46
2022,Punjab,3,Patiala,41,Grp,8,0,0,3,2,0,0,8,0,0,0,0,1,0,9,1,0,1,0,0,0,6,0,0,12
2022,Punjab,3,Patiala,41,Patiala,45,183,0,32,106,2,2,167,68,144,8,0,12,0,62,15,4,2,0,0,253,4,0,2,297
2022,Punjab,3,Rupnagar,42,Ropar,10,52,0,19,39,0,0,48,29,20,0,0,5,0,0,0,0,0,0,0,55,3,2,0,76
2022,Punjab,3,S.A.S Nagar,608,Bureau Of Investigation,0,2,0,5,0,0,0,0,0,0,0,0,0,0,0,0,0,0,0,0,16,0,3,0,1
2022,Punjab,3,S.A.S Nagar,608,Intelligence Wing,0,0,0,0,0,0,0,0,0,0,0,0,0,0,0,0,0,0,0,0,0,0,1,0,3
2022,Punjab,3,S.A.S Nagar,608,Nri Wing,0,0,0,0,0,0,0,0,0,47,1,0,0,0,0,0,0,0,0,0,53,0,0,0,10
2022,Punjab,3,S.A.S Nagar,608,S.A.S Nagar,22,52,0,0,0,0,4,0,0,0,0,0,0,0,0,0,0,0,0,0,267,13,0,0,478
2022,Punjab,3,S.A.S Nagar,608,Sas Nagar,2,212,7,26,131,0,0,172,43,130,0,0,22,0,0,0,0,0,0,0,0,0,0,0,0
2022,Punjab,3,Sangrur,43,Sangrur,20,96,1,24,42,1,0,79,25,41,1,0,10,0,40,22,0,0,0,0,102,4,0,0,147
2022,Punjab,3,Sas Nagar,608,Bureau Of Investigation,0,0,0,0,0,0,0,0,0,0,0,0,0,0,0,70,21,10,5,1,7,0,2,0,31
2022,Punjab,3,Sas Nagar,608,Sas Nagar,0,0,0,0,0,0,0,0,0,0,0,0,0,0,0,22,0,6,0,8,0,0,0,0,0
2022,Punjab,3,Shahid Bhagat Singh Nagar,40,Sbs Nagar,9,45,1,11,26,0,0,42,14,45,0,0,4,0,0,26,2,0,0,0,2,3,0,0,51
2022,Punjab,3,Sri Muktsar Sahib,39,Muktsar,35,104,1,27,47,0,0,74,26,16,1,0,3,0,11,23,5,0,2,2,0,7,3,0,133
2022,Punjab,3,Tarn Taran,609,Tarn Taran,34,73,1,15,41,0,0,82,29,27,2,0,6,0,0,13,3,3,0,1,83,9,0,0,110
2022,Rajasthan,8,Ajmer,86,Ajmer,64,472,33,708,654,3,0,515,156,1028,15,2,2,1,66,167,21,3,20,22,1385,129,458,1,150
2022,Rajasthan,8,Ajmer,86,Grp Ajmer,2,4,0,20,5,0,8,7,1,0,2,0,0,0,9,4,2,0,0,0,0,3,0,0,11
2022,Rajasthan,8,Alwar,87,Alwar,73,572,135,276,213,3,0,185,170,770,23,0,0,0,0,232,95,0,0,0,931,38,190,0,95
2022,Rajasthan,8,Banswara,88,Banswara,47,340,7,119,461,0,0,261,29,195,6,0,8,0,153,25,1,0,0,0,102,61,1,0,156
2022,Rajasthan,8,Baran,89,Baran,43,211,4,137,264,2,0,260,142,366,8,0,6,0,28,20,2,2,4,6,0,16,96,0,87
2022,Rajasthan,8,Barmer,90,Barmer,45,458,52,253,115,0,0,221,107,385,24,1,14,0,127,170,5,0,0,11,290,26,125,2,145
2022,Rajasthan,8,Bharatpur,91,Bharatpur,88,624,150,120,203,6,0,236,240,994,33,0,6,0,139,72,0,24,0,34,878,113,0,0,5518
2022,Rajasthan,8,Bhilwara,92,Bhilwara,40,681,29,579,550,6,0,323,122,877,10,0,12,0,210,171,21,0,21,14,937,80,13,5,118
2022,Rajasthan,8,Bikaner,93,Bikaner,60,312,30,253,162,0,0,186,119,554,22,0,5,0,0,32,0,0,0,0,370,13,277,0,1517
2022,Rajasthan,8,Bundi,94,Bundi,23,196,9,216,238,0,0,153,65,311,5,0,1,0,0,4,0,0,0,0,0,7,38,0,468
2022,Rajasthan,8,Chittorgarh,95,Chittorgarh,41,256,10,184,320,1,0,205,124,532,1,0,7,0,148,12,5,0,0,0,455,53,22,0,689
2022,Rajasthan,8,Churu,96,Churu,37,265,21,79,148,0,0,134,82,484,10,0,4,0,0,14,0,0,0,0,0,14,447,0,1385
2022,Rajasthan,8,Dausa,97,Dausa,46,308,14,85,164,0,0,78,42,339,10,0,1,0,73,95,26,0,5,6,650,25,0,0,1764
2022,Rajasthan,8,Dholpur,98,Dholpur,51,252,23,78,181,3,0,176,92,375,20,0,2,0,109,99,44,1,0,18,263,22,0,0,1254
2022,Rajasthan,8,Dungarpur,99,Dungarpur,44,404,0,102,258,0,0,318,73,154,2,0,9,0,201,1,0,0,0,0,140,35,0,0,104
2022,Rajasthan,8,Ganganagar,100,Ganganagar,72,399,28,257,349,0,0,329,125,877,6,0,6,0,144,49,6,2,6,3,546,47,400,0,790
2022,Rajasthan,8,Hanumangarh,101,Hanumangarh,58,332,11,208,237,1,0,265,135,755,16,0,11,0,122,50,3,1,4,0,3,19,291,0,923
2022,Rajasthan,8,Jaipur,102,Jaipur Crime,0,0,0,0,0,0,0,0,0,0,0,0,0,0,0,51,15,9,0,0,15,0,0,0,15
2022,Rajasthan,8,Jaipur,102,Jaipur East,47,310,11,210,311,6,0,284,80,300,11,0,9,0,86,134,33,6,6,12,723,56,7,0,119
2022,Rajasthan,8,Jaipur,102,Jaipur Metro,0,0,0,0,0,0,0,0,0,0,0,0,0,0,0,0,0,0,0,0,0,0,0,0,0
2022,Rajasthan,8,Jaipur,102,Jaipur North,12,217,2,90,116,0,1,204,61,320,4,0,0,0,0,60,13,6,5,15,13,33,0,0,783
2022,Rajasthan,8,Jaipur,102,Jaipur Rural,57,301,27,184,146,1,0,0,41,537,11,0,11,0,71,102,28,3,0,14,793,75,267,0,2108
2022,Rajasthan,8,Jaipur,102,Jaipur South,23,260,6,176,237,4,0,179,48,357,9,0,1,0,80,92,1,13,0,24,839,35,168,0,1003
2022,Rajasthan,8,Jaipur,102,Jaipur West,51,339,8,142,367,1,0,313,121,538,9,0,3,0,97,59,0,0,0,0,1811,51,0,1,992
2022,Rajasthan,8,Jaipur,102,Scrb,0,0,0,0,0,0,0,1,0,0,0,0,0,0,0,16,0,1,0,2,0,0,0,0,0
2022,Rajasthan,8,Jaipur,102,Sog,0,0,0,0,0,0,0,0,0,0,0,0,0,0,0,0,0,0,0,0,11,0,10,0,0
2022,Rajasthan,8,Jaipur,102,Ssb,0,0,0,0,0,0,0,0,0,0,0,0,0,0,0,0,0,0,0,0,0,0,0,0,0
2022,Rajasthan,8,Jaipur (Gramin),783,Jaipur Rural,1,0,0,0,88,0,0,224,122,0,0,0,0,0,0,0,0,0,0,0,0,0,0,0,0
2022,Rajasthan,8,Jaisalmer,103,Jaisalmer,21,73,11,130,29,1,0,51,19,63,4,0,1,0,77,31,1,0,3,0,80,7,62,0,137
2022,Rajasthan,8,Jalore,104,Jalore,44,207,13,218,103,1,0,119,100,223,13,0,5,0,77,11,0,0,0,11,0,26,267,2,0
2022,Rajasthan,8,Jhalawar,105,Jhalawar,33,292,8,243,355,5,0,324,114,539,5,1,7,0,250,56,15,0,10,6,145,25,0,0,65
2022,Rajasthan,8,Jhunjhunu,106,Jhunjhunu,37,235,19,70,128,0,0,102,42,540,9,0,8,0,131,34,4,6,0,10,640,12,133,3,741
2022,Rajasthan,8,Jodhpur,107,Grp Jodhpur,3,0,0,7,7,0,0,4,0,0,0,0,1,0,10,0,0,0,0,0,0,2,0,0,2
2022,Rajasthan,8,Jodhpur,107,Jodhpur East,12,183,0,186,89,0,0,115,69,237,5,0,4,0,167,108,30,6,15,12,26,28,201,1,506
2022,Rajasthan,8,Jodhpur,107,Jodhpur Rural,31,174,25,161,125,0,2,139,88,235,25,0,3,0,119,10,0,0,0,0,121,34,189,0,318
2022,Rajasthan,8,Jodhpur,107,Jodhpur West,20,174,4,233,203,0,0,222,78,247,2,0,2,0,113,124,25,0,6,8,433,46,125,1,443
2022,Rajasthan,8,Karauli,108,Karauli,43,250,74,173,252,2,0,170,55,334,20,0,5,0,95,53,0,6,0,61,367,33,1,0,2985
2022,Rajasthan,8,Khairthal-Tijara,770,Bhiwadi,59,359,35,175,244,0,0,122,81,449,14,0,3,7,0,64,27,0,0,0,195,44,104,3,277
2022,Rajasthan,8,Kota,109,Kota City,29,346,4,222,377,1,3,339,91,435,11,1,4,1,304,50,7,0,3,9,864,31,31,1,112
2022,Rajasthan,8,Kota,109,Kota Rural,24,161,7,161,175,0,0,142,71,215,4,0,2,0,0,35,0,0,0,5,188,9,11,0,770
2022,Rajasthan,8,Nagaur,110,Nagaur,62,385,46,310,208,0,3,262,126,595,19,0,4,0,170,110,5,11,13,20,630,31,205,6,1097
2022,Rajasthan,8,Pali,111,Pali,55,305,18,347,214,0,0,145,135,720,10,0,10,0,0,10,3,0,0,8,764,97,25,6,2166
2022,Rajasthan,8,Pratapgarh,629,Pratapgarh,40,395,23,234,306,0,0,200,64,249,8,0,8,0,105,42,18,0,0,6,189,21,28,0,371
2022,Rajasthan,8,Rajsamand,112,Rajsamand,37,165,7,148,302,0,0,275,44,311,6,0,4,0,76,23,5,2,1,5,317,29,33,4,14
2022,Rajasthan,8,Sawai Madhopur,113,Sawai Madhopur,36,268,41,155,123,4,1,172,159,326,8,0,2,0,124,83,22,0,0,4,332,37,229,0,2066
2022,Rajasthan,8,Sikar,114,Sikar,61,337,33,148,338,0,2,331,155,732,14,0,6,0,35,123,7,35,6,18,747,36,427,0,3292
2022,Rajasthan,8,Sirohi,115,Sirohi,45,215,24,226,170,0,0,209,78,255,4,0,2,0,114,70,16,0,8,10,266,35,0,6,412
2022,Rajasthan,8,Tonk,116,Tonk,38,232,16,110,143,1,0,122,101,327,12,0,2,0,117,19,3,3,0,9,388,24,40,1,805
2022,Rajasthan,8,Udaipur,117,Udaipur,118,680,35,458,985,0,1,748,176,770,9,0,15,0,461,21,0,0,0,30,877,168,38,2,626
2022,Sikkim,11,Gangtok,225,Gangtok (East),2,34,1,10,46,0,0,60,31,1,0,0,0,0,1,26,0,5,0,5,18,4,1,0,2
2022,Sikkim,11,Gyalshing,228,Gyalshing (West),3,13,0,2,5,0,0,17,14,0,0,0,0,0,0,0,0,0,0,0,1,0,2,0,1
2022,Sikkim,11,Mangan,226,Mangan (North),1,6,0,0,7,0,0,16,9,0,0,0,0,0,0,0,0,0,0,0,1,0,0,0,1
2022,Sikkim,11,Namchi,227,Namchi (South),1,25,0,6,13,0,0,37,24,1,0,0,0,2,2,0,0,0,0,0,1,0,0,0,1
2022,Sikkim,11,Pakyong,741,Pakyong (East),1,15,0,6,2,0,0,14,13,0,0,0,0,0,0,0,0,0,0,0,2,0,0,0,4
2022,Sikkim,11,Soreng,742,Soreng (West),1,6,0,1,4,0,0,15,12,0,0,0,0,0,0,0,0,0,0,0,1,1,0,0,0
2022,Tamil Nadu,33,Ariyalur,610,Ariyalur,20,90,3,4,2,0,0,112,100,9,1,0,3,2,52,21,10,0,0,2,51,10,0,0,89
2022,Tamil Nadu,33,Chengalpattu,730,Chengalpattu,33,46,0,5,2,0,0,71,46,2,2,1,1,0,0,36,0,0,0,2,39,49,0,0,0
2022,Tamil Nadu,33,Chengalpattu,730,Tambaram,63,80,0,8,0,1,0,80,71,22,1,0,7,0,39,16,0,1,0,0,186,141,18,0,255
2022,Tamil Nadu,33,Chennai,568,Chennai,103,269,0,153,3,6,1,514,310,106,10,1,11,36,591,443,140,12,21,63,767,406,225,58,2060
2022,Tamil Nadu,33,Chennai,568,Cyber Cell,0,0,0,0,0,0,0,1,0,0,0,0,0,0,0,3,0,0,0,2,0,0,0,0,0
2022,Tamil Nadu,33,Chennai,568,Other Units,0,0,0,0,0,0,0,0,0,0,0,0,0,0,0,9,3,0,1,2,6,0,0,0,4
2022,Tamil Nadu,33,Chennai,568,Railway Chennai,7,0,0,4,0,0,0,16,6,0,0,0,0,0,63,0,0,0,0,0,4,101,0,0,3
2022,Tamil Nadu,33,Coimbatore,569,Coimbatore,41,188,0,21,6,1,0,240,220,19,2,0,10,0,22,59,6,0,2,18,48,84,11,24,685
2022,Tamil Nadu,33,Coimbatore,569,Coimbatore City,33,59,0,10,5,0,0,83,75,35,0,0,0,0,54,129,60,0,1,0,318,183,0,8,118
2022,Tamil Nadu,33,Coimbatore,569,Cyber Cell,0,0,0,0,0,0,0,0,0,0,0,0,0,0,0,0,0,0,0,2,0,0,0,0,0
2022,Tamil Nadu,33,Cuddalore,570,Cuddalore,43,176,0,37,86,0,0,214,190,44,4,0,20,0,58,53,0,0,0,0,54,18,1,3,7755
2022,Tamil Nadu,33,Dharmapuri,571,Dharmapuri,33,112,0,28,22,0,0,135,118,11,0,0,6,0,48,44,0,0,0,7,20,19,0,1,829
2022,Tamil Nadu,33,Dindigul,572,Dindigul,77,108,0,41,15,3,0,272,116,58,1,0,3,2,159,94,15,4,9,6,114,65,9,6,883
2022,Tamil Nadu,33,Erode,573,Erode,26,161,0,28,3,0,0,181,171,8,2,0,3,0,0,29,0,0,0,2,52,62,0,13,918
2022,Tamil Nadu,33,Kallakurichi,729,Kallakurichi,26,76,0,38,20,2,0,83,77,18,8,0,0,0,24,9,0,0,0,8,46,13,10,2,14
2022,Tamil Nadu,33,Kanchipuram,574,Kanchipuram,19,44,0,2,2,0,0,108,40,0,1,0,1,0,2,21,0,8,1,6,19,55,0,0,148
2022,Tamil Nadu,33,Kanniyakumari,575,Kanyakumari,40,102,0,41,27,0,0,220,103,3,37,0,6,1,88,10,0,0,5,0,119,76,0,0,72
2022,Tamil Nadu,33,Karur,576,Karur,14,62,2,8,2,0,0,80,73,23,6,0,1,0,4,15,0,1,2,0,51,24,0,7,99
2022,Tamil Nadu,33,Krishnagiri,577,Krishnagiri,56,91,0,19,7,0,0,114,96,7,0,0,6,0,26,47,0,1,0,4,36,32,4,2,400
2022,Tamil Nadu,33,Madurai,578,Madurai,67,180,2,52,13,0,0,199,180,38,13,0,4,0,113,82,0,18,0,3,117,124,0,0,276
2022,Tamil Nadu,33,Madurai,578,Madurai City,37,123,0,38,5,2,0,148,135,85,1,0,1,0,147,113,0,1,0,4,152,152,0,8,60
2022,Tamil Nadu,33,Nagapattinam,579,Nagapattinam,42,93,1,59,9,0,0,123,110,19,4,0,0,1,30,17,0,3,0,4,1,24,0,0,10
2022,Tamil Nadu,33,Namakkal,580,Namakkal,31,114,0,37,3,0,0,132,120,5,4,0,3,0,19,34,0,0,0,4,27,34,0,5,383
2022,Tamil Nadu,33,Perambalur,581,Perambalur,15,58,1,16,1,0,0,71,69,9,3,0,3,0,16,10,0,1,0,0,17,23,8,0,8
2022,Tamil Nadu,33,Pudukkottai,582,Pudukottai,38,57,0,56,4,0,0,74,70,32,0,0,4,0,0,16,0,0,0,32,17,38,0,0,626
2022,Tamil Nadu,33,Ramanathapuram,583,Ramnathapuram,38,93,2,15,26,0,3,115,111,10,24,0,0,0,20,75,0,0,0,7,37,54,13,0,27
2022,Tamil Nadu,33,Ranipet,731,Ranipet,26,18,0,13,1,0,0,63,31,3,1,0,3,0,7,46,0,1,0,0,19,27,8,1,398
2022,Tamil Nadu,33,Salem,584,Salem,39,135,0,70,23,0,0,183,173,14,2,0,10,0,54,44,0,0,0,0,48,44,0,0,876
2022,Tamil Nadu,33,Salem,584,Salem City,18,77,0,29,46,5,0,137,76,11,8,0,0,0,11,66,1,0,1,0,32,45,7,0,546
2022,Tamil Nadu,33,Sivaganga,585,Sivagangai,39,104,1,30,21,2,0,129,113,36,12,0,0,6,52,40,0,0,0,8,73,38,12,0,74
2022,Tamil Nadu,33,Tenkasi,733,Tenkasi,42,109,2,60,10,0,0,147,133,14,7,0,5,9,56,100,38,0,5,14,87,32,0,4,730
2022,Tamil Nadu,33,Thanjavur,586,Thanjavur,73,117,0,144,8,0,0,359,146,48,15,1,14,0,106,58,0,0,0,11,141,105,0,0,125
2022,Tamil Nadu,33,The Nilgiris,587,Nilgiris,8,62,0,12,1,0,0,67,65,5,1,0,5,0,8,31,0,0,0,0,23,5,0,0,211
2022,Tamil Nadu,33,Theni,588,Theni,57,174,0,43,9,0,0,206,195,65,2,0,7,0,66,135,51,0,13,0,149,47,0,4,175
2022,Tamil Nadu,33,Thiruvallur,589,Avadi,64,105,0,12,7,5,0,198,137,18,18,0,14,7,145,54,13,2,2,28,111,50,12,6,436
2022,Tamil Nadu,33,Thiruvallur,589,Thiruvallur,21,65,2,14,0,0,0,61,57,22,0,0,9,0,12,88,0,3,0,3,85,39,8,0,603
2022,Tamil Nadu,33,Thiruvarur,590,Thiruvarur,23,75,0,16,7,0,0,81,79,13,2,0,2,0,12,19,0,3,0,0,15,20,2,1,614
2022,Tamil Nadu,33,Tiruchirappalli,591,Railway Trichy,1,0,0,1,0,0,0,1,0,0,0,0,0,0,5,0,0,0,0,0,0,33,0,0,4
2022,Tamil Nadu,33,Tiruchirappalli,591,Trichy,37,112,2,49,9,0,0,132,106,70,0,0,2,12,158,60,26,0,1,6,113,51,18,4,393
2022,Tamil Nadu,33,Tiruchirappalli,591,Trichy City,22,44,0,15,1,1,0,75,51,19,3,0,1,0,86,17,0,1,0,3,66,42,11,17,95
2022,Tamil Nadu,33,Tirunelveli,592,Thirunelveli,49,91,6,61,20,0,3,136,93,22,2,0,5,5,117,97,34,0,6,4,68,34,3,3,661
2022,Tamil Nadu,33,Tirunelveli,592,Thirunelveli City,18,26,0,18,2,0,0,46,38,9,3,0,0,7,24,25,0,0,2,2,39,27,0,8,215
2022,Tamil Nadu,33,Tirupathur,732,Tiruppattur,23,66,0,19,9,0,0,138,62,4,6,0,3,0,43,50,25,0,0,0,91,27,8,2,119
2022,Tamil Nadu,33,Tiruppur,634,Tiruppur,38,103,0,18,1,0,0,128,122,13,0,0,3,0,6,33,0,1,0,4,58,108,4,5,34
2022,Tamil Nadu,33,Tiruppur,634,Tiruppur City,23,64,0,3,21,1,0,92,74,1,2,0,0,1,8,71,30,0,2,0,44,54,0,2,125
2022,Tamil Nadu,33,Tiruvannamalai,593,Thiruvannamalai,48,131,1,22,5,2,0,224,147,10,9,0,9,3,39,43,0,0,0,2,82,40,0,0,723
2022,Tamil Nadu,33,Tuticorin,594,Thoothukudi,85,137,1,46,28,2,0,189,134,29,12,0,6,9,177,14,0,0,0,16,25,82,5,5,1267
2022,Tamil Nadu,33,Vellore,595,Vellore,24,53,0,14,1,2,0,70,67,19,0,0,0,0,0,80,40,0,0,0,14,24,3,0,141
2022,Tamil Nadu,33,Villupuram,596,Villupuram,23,133,0,14,43,0,0,123,87,20,6,0,12,0,19,80,0,1,0,3,81,33,14,8,21
2022,Tamil Nadu,33,Virudhunagar,597,Virudhunagar,60,181,0,33,12,0,0,209,184,20,14,1,2,3,61,39,0,1,0,1,64,52,15,0,724
2022,Telangana,36,Adilabad,501,Adilabad,14,56,0,83,34,0,5,73,43,149,4,1,8,1,16,73,27,0,5,2,160,3,0,0,250
2022,Telangana,36,Bhadradri Kothagudem,690,Bhadradri Kothagudem,26,92,1,133,163,2,2,260,92,378,2,1,20,0,52,234,112,0,4,0,374,11,1,0,808
2022,Telangana,36,Hyderabad,507,Cyberabad Commissionerate,114,509,0,596,1019,5,296,1116,323,1206,11,2,64,0,103,0,0,0,0,3,5777,109,17,0,422
2022,Telangana,36,Hyderabad,507,Hyderabad Commissionerate,84,465,0,675,453,1,9,645,401,1577,11,2,22,4,322,8587,3719,79,366,66,6324,121,26,0,4504
2022,Telangana,36,Hyderabad,507,Railway Police Secunderabad,1,0,1,6,10,0,0,12,0,0,1,0,0,0,5,0,0,0,0,0,3,6,0,0,35
2022,Telangana,36,Jagitial,681,Jagitial,30,9,0,0,0,0,1,0,0,0,0,0,0,0,0,0,0,0,0,0,272,27,0,0,749
2022,Telangana,36,Jagitial,681,Jagityal,0,41,0,179,32,0,2,65,48,262,4,0,10,0,22,0,0,0,0,0,0,0,0,1,0
2022,Telangana,36,Jagityal,681,Jagityal,0,0,0,0,0,0,0,0,0,0,0,0,0,0,0,311,130,0,25,0,130,0,0,0,155
2022,Telangana,36,Jayashankar Bhupalapally,687,Jayashankar Bhupalpalli,13,16,0,74,42,0,0,18,8,86,2,0,6,0,0,32,0,0,0,0,129,2,0,0,485
2022,Telangana,36,Jogulamba Gadwal,695,Jogulamba Gadwal,21,74,0,48,17,0,0,84,66,47,1,0,10,0,29,65,32,0,0,2,132,4,0,0,75
2022,Telangana,36,Kamareddy,685,Kamareddy,43,48,0,104,4,1,0,64,44,196,4,0,5,0,81,588,291,1,2,0,434,13,0,0,463
2022,Telangana,36,Karimnagar,508,Karimnagar Commissionerate,24,59,0,191,37,0,0,92,23,236,4,0,14,0,71,172,66,0,17,0,599,4,0,1,495
2022,Telangana,36,Khammam,509,Khammam Commissionerate,27,73,4,179,168,0,0,321,100,278,4,0,23,0,35,473,222,0,5,0,409,9,12,8,1174
2022,Telangana,36,Kumuram Bheem Asifabad,699,Kumaram Bheem Asifabad,14,46,2,24,66,0,0,54,15,69,3,0,4,2,27,70,31,0,1,0,329,2,0,1,66
2022,Telangana,36,Mahabubabad,688,Mahabubabad,29,73,0,111,136,0,0,117,44,199,1,0,17,0,49,115,54,0,2,0,304,2,0,0,138
2022,Telangana,36,Mahabubnagar,512,Mahabubnagar,22,168,0,121,120,0,0,219,96,151,0,0,14,0,37,158,68,0,3,8,269,6,0,4,681
2022,Telangana,36,Medak,513,Medak,34,61,0,77,80,0,4,114,68,147,7,0,9,0,60,253,125,0,1,0,307,14,0,0,483
2022,Telangana,36,Mulugu,720,Mulug,7,35,1,41,33,0,0,49,26,65,3,0,7,0,13,52,21,0,2,0,80,1,9,0,143
2022,Telangana,36,Nagarkurnool,694,Nagarkurnool,29,86,2,131,96,0,0,128,70,121,2,0,13,0,34,148,71,0,1,2,172,4,0,0,308
2022,Telangana,36,Nalgonda,514,Nalgonda,36,123,8,258,96,0,0,147,92,273,6,0,23,0,30,189,68,0,1,2,463,2,26,0,1969
2022,Telangana,36,Narayanpet,721,Narayanpet,12,55,0,41,50,0,0,76,46,38,1,0,4,0,0,98,43,4,2,0,136,5,41,0,440
2022,Telangana,36,Nirmal,680,Nirmal,16,25,0,47,33,1,0,24,9,113,3,0,11,0,13,74,24,0,13,0,117,3,0,0,122
2022,Telangana,36,Nizamabad,516,Nizamabad Commissionerate,62,78,1,208,115,0,3,138,64,347,5,0,15,0,34,264,120,1,4,0,604,16,0,0,293
2022,Telangana,36,Peddapalli,682,Ramagundam Commissionerate,59,71,2,233,112,0,0,181,77,589,4,0,18,9,47,238,100,0,14,0,545,6,3,1,255
2022,Telangana,36,Rajanna Sircilla,683,Rajanna Siricilla,17,78,0,144,24,0,0,107,21,167,4,0,6,0,26,126,59,0,2,0,262,8,0,0,694
2022,Telangana,36,Ranga Reddy,518,Cyberabad Commissionerate,0,0,0,0,0,0,0,0,0,0,0,0,0,0,0,10819,5237,14,79,17,3852,0,9,0,5446
2022,Telangana,36,Sangareddy,691,Sangareddy,45,98,0,73,7,0,0,72,60,189,10,0,7,0,68,570,283,0,1,4,356,11,0,0,1063
2022,Telangana,36,Siddipet,692,Siddipet Commissionerate,24,104,0,117,46,0,0,89,80,291,7,0,8,0,0,492,233,2,11,0,286,6,0,0,445
2022,Telangana,36,Suryapet,696,Suryapet,27,95,4,270,68,0,0,108,81,352,5,0,4,0,22,238,116,0,3,0,500,0,0,1,1534
2022,Telangana,36,Vikarabad,698,Vikarabad,34,79,1,63,91,0,0,157,53,126,3,0,11,0,5,82,0,0,0,0,57,2,0,0,418
2022,Telangana,36,Wanaparthy,693,Wanaparthy,15,57,0,47,34,0,0,58,25,63,0,0,0,0,15,76,38,0,0,0,118,1,0,0,126
2022,Telangana,36,Warangal,522,Warangal Commissionerate,46,185,2,285,345,0,12,354,136,577,19,0,31,0,59,1261,630,0,0,1,1500,19,0,0,2876
2022,Telangana,36,Yadadri Bhuvanagiri,697,Rachakonda Commissionerate,64,607,0,1143,218,0,0,715,518,1704,12,0,1,112,69,4372,2128,0,31,0,4758,138,0,0,5286
2022,The Dadra And Nagar Haveli And Daman And Diu,38,Dadra And Nagar Haveli,465,Dadra And Nagar Haveli,13,53,0,7,28,0,0,75,45,3,1,0,0,0,40,4,0,0,0,8,10,11,2,0,26
2022,The Dadra And Nagar Haveli And Daman And Diu,38,Daman,463,Daman,6,9,0,4,51,0,0,29,9,6,0,0,0,0,5,1,0,0,0,1,14,4,3,0,6
2022,The Dadra And Nagar Haveli And Daman And Diu,38,Diu,464,Diu,0,0,0,0,2,0,0,3,1,1,0,0,0,0,1,0,0,0,0,0,6,0,1,0,1
2022,Tripura,16,Dhalai,269,Dhalai,21,23,1,9,8,0,0,17,9,30,1,0,1,0,2,0,0,0,0,0,2,0,1,0,0
2022,Tripura,16,Gomati,654,Gomati,9,38,0,8,11,0,0,35,23,69,2,0,1,0,0,1,0,0,0,0,12,0,2,0,21
2022,Tripura,16,Khowai,652,Kowai,13,23,0,3,5,0,0,17,11,8,3,0,2,0,0,2,0,0,0,1,7,1,4,0,14
2022,Tripura,16,North Tripura,270,North,22,37,1,23,12,0,2,32,18,40,5,0,1,0,0,0,0,0,0,0,24,2,0,0,44
2022,Tripura,16,Sepahijala,653,Sipahijala,0,0,0,0,12,0,0,16,3,0,0,0,1,0,0,0,0,0,0,0,0,0,0,0,0
2022,Tripura,16,South Tripura,271,South,15,22,1,14,9,0,0,23,10,37,2,0,2,0,5,2,0,1,0,0,9,0,3,0,6
2022,Tripura,16,Unakoti,655,Sipahijala,12,15,1,7,13,1,0,0,0,41,4,0,0,0,6,3,0,0,0,0,17,2,8,0,26
2022,Tripura,16,Unakoti,655,Unakoti,7,26,3,11,11,2,0,34,20,50,0,0,0,0,4,4,0,1,0,1,27,0,0,0,40
2022,Tripura,16,West Tripura,272,Grp,0,0,0,0,1,0,0,0,0,0,0,0,0,0,0,0,0,0,0,0,0,0,0,0,0
2022,Tripura,16,West Tripura,272,West,25,34,1,14,20,1,0,46,26,63,8,0,2,0,6,18,0,2,0,4,58,2,13,0,38
2022,Uttar Pradesh,9,Agra,118,Agra,80,274,0,332,222,2,0,80,80,775,95,2,0,0,0,160,0,19,0,52,427,75,32,8,62
2022,Uttar Pradesh,9,Aligarh,119,Aligarh,106,188,0,598,964,1,0,728,276,919,56,4,11,0,0,154,0,0,0,50,0,243,0,0,891
2022,Uttar Pradesh,9,Ambedkar Nagar,121,Ambedkar Nagar,43,247,20,158,193,0,0,184,20,21,196,0,0,0,0,54,0,2,0,26,65,19,45,1,700
2022,Uttar Pradesh,9,Amethi,640,Amethi,35,92,1,47,27,0,0,57,50,134,10,0,0,0,0,73,31,0,0,0,105,18,0,0,31
2022,Uttar Pradesh,9,Auraiya,122,Auraiya,29,83,0,92,131,3,0,145,138,263,25,0,5,0,0,71,0,30,0,24,86,15,0,0,96
2022,Uttar Pradesh,9,Ayodhya,140,Ayodhya,51,128,6,176,518,0,0,301,24,10,267,0,3,0,2,77,0,12,0,40,9,6,156,1,78
2022,Uttar Pradesh,9,Azamgarh,123,Azamgarh,55,248,0,373,315,0,0,391,184,353,23,0,4,0,0,130,0,14,0,125,21,19,62,0,4248
2022,Uttar Pradesh,9,Baghpat,124,Baghpat,54,206,20,123,275,0,0,268,107,82,12,0,0,0,0,261,0,10,1,65,0,16,0,0,864
2022,Uttar Pradesh,9,Bahraich,125,Bahraich,61,130,7,342,619,0,0,348,184,30,951,0,30,0,7,124,24,0,18,0,56,11,143,0,45
2022,Uttar Pradesh,9,Ballia,126,Ballia,41,88,4,97,259,0,0,172,84,167,16,0,6,0,0,71,0,0,0,86,65,8,52,0,53
2022,Uttar Pradesh,9,Balrampur,127,Balrampur,25,261,33,132,233,0,0,311,67,24,139,0,7,0,19,25,0,2,0,8,56,8,57,0,183
2022,Uttar Pradesh,9,Banda,128,Banda,62,102,3,150,365,0,0,352,141,198,32,0,16,0,0,77,6,7,0,43,71,20,0,0,1172
2022,Uttar Pradesh,9,Bara Banki,129,Barabanki,43,280,0,101,208,0,0,0,0,36,708,0,9,0,218,97,0,12,0,45,101,9,130,0,21
2022,Uttar Pradesh,9,Barabanki,129,Barabanki,2,0,0,0,307,0,0,485,176,0,0,0,0,0,0,0,0,0,0,0,0,0,0,0,0
2022,Uttar Pradesh,9,Bareilly,130,Bareilly,89,131,0,335,416,0,6,248,273,1155,57,1,0,0,0,161,0,0,0,0,415,29,0,2,3274
2022,Uttar Pradesh,9,Basti,131,Basti,37,338,29,71,211,2,0,289,89,0,355,0,13,0,0,81,0,1,0,40,130,16,0,0,0
2022,Uttar Pradesh,9,Bhadohi,179,Bhadohi,21,74,0,62,174,0,0,139,28,8,92,0,2,0,0,21,0,4,0,9,52,11,0,0,98
2022,Uttar Pradesh,9,Bijnor,132,Bijnor,54,113,15,114,17,0,0,130,125,527,562,0,16,0,0,79,0,6,0,29,0,18,0,0,97
2022,Uttar Pradesh,9,Budaun,133,Badaun,65,249,3,208,105,0,0,263,253,539,71,1,0,0,28,61,0,0,0,0,95,15,0,1,2496
2022,Uttar Pradesh,9,Bulandshahr,134,Bulandshahar,56,208,9,113,156,0,0,304,257,691,41,0,12,9,58,403,86,1,5,14,238,21,71,0,292
2022,Uttar Pradesh,9,Chandauli,135,Chandoli,26,98,0,48,37,1,0,86,72,99,11,0,8,0,0,33,0,4,0,15,49,6,15,0,247
2022,Uttar Pradesh,9,Chitrakoot,136,Chitrakoot,24,60,0,49,43,0,0,55,51,30,8,0,6,0,0,25,0,0,0,0,35,5,0,0,180
2022,Uttar Pradesh,9,Deoria,137,Deoria,27,46,0,26,0,1,0,54,41,19,23,0,0,0,0,65,0,0,0,0,0,5,107,0,0
2022,Uttar Pradesh,9,Etah,138,Etah,31,51,0,105,58,0,0,71,60,81,33,0,0,0,0,56,0,8,0,27,226,21,0,0,72
2022,Uttar Pradesh,9,Etawah,139,Etawah,50,83,0,31,120,0,0,124,65,98,31,0,6,0,213,27,0,0,0,8,114,14,0,0,11
2022,Uttar Pradesh,9,Farrukhabad,141,Fatehgarh,56,133,31,38,203,0,0,229,79,153,17,1,0,26,97,113,0,14,0,0,79,36,0,0,1509
2022,Uttar Pradesh,9,Fatehpur,142,Fatehpur,39,84,0,178,150,1,0,330,111,182,42,0,4,33,42,71,0,0,0,40,22,12,35,0,966
2022,Uttar Pradesh,9,Firozabad,143,Firozabad,92,558,40,531,762,0,5,696,149,419,55,2,16,0,70,133,33,8,5,11,16,34,0,0,2799
2022,Uttar Pradesh,9,Gautam Buddha Nagar,144,Gautambudh Nagar,55,140,2,81,450,2,0,145,75,293,32,1,0,0,52,1633,666,60,32,15,677,39,241,0,3131
2022,Uttar Pradesh,9,Ghaziabad,145,Ghaziabad,112,418,0,193,122,0,2,360,241,846,54,2,25,0,0,810,0,19,0,173,432,84,394,6,248
2022,Uttar Pradesh,9,Ghazipur,146,Ghazipur,42,222,0,332,152,4,0,323,116,247,29,1,3,0,153,147,0,3,0,43,101,22,0,0,511
2022,Uttar Pradesh,9,Gonda,147,Gonda,37,96,0,94,470,1,0,303,118,29,295,0,0,0,0,85,0,5,0,30,186,10,0,0,2828
2022,Uttar Pradesh,9,Gorakhpur,148,Gorakhpur,80,288,74,406,197,3,0,733,188,664,57,0,24,0,0,222,0,0,0,160,210,42,355,0,4831
2022,Uttar Pradesh,9,Hamirpur,149,Hamirpur,22,113,0,105,63,2,0,138,77,133,20,0,0,0,0,41,1,1,0,17,42,12,0,0,168
2022,Uttar Pradesh,9,Hapur,661,Hapur,33,60,0,101,241,0,0,54,32,289,23,0,0,0,8,51,0,3,3,28,108,11,0,0,89
2022,Uttar Pradesh,9,Hardoi,150,Hardoi,41,122,28,255,175,0,0,252,105,173,100,0,14,0,0,104,52,0,0,0,148,11,30,0,52
2022,Uttar Pradesh,9,Hathras,163,Hathras,40,197,18,211,275,1,0,321,73,123,26,1,0,0,0,44,0,1,0,30,22,26,30,0,1198
2022,Uttar Pradesh,9,Jalaun,151,Jalaun,19,61,0,52,234,0,0,214,73,97,25,0,6,0,14,54,0,3,0,15,35,10,7,0,85
2022,Uttar Pradesh,9,Jaunpur,152,Jaunpur,55,326,86,234,336,0,0,460,159,170,28,1,5,0,0,94,0,5,0,63,97,16,0,0,3530
2022,Uttar Pradesh,9,Jhansi,153,Jhansi,35,188,0,112,85,0,0,150,69,260,26,0,12,0,0,92,0,6,0,39,67,7,18,0,544
2022,Uttar Pradesh,9,Kannauj,155,Kannauj,60,114,0,133,467,0,0,228,82,471,24,1,9,0,55,37,0,0,0,0,8,7,15,0,1016
2022,Uttar Pradesh,9,Kanpur Dehat,156,Kanpur Dehat,35,42,0,88,130,0,0,96,96,312,18,0,5,0,0,79,18,0,0,13,63,16,20,0,600
2022,Uttar Pradesh,9,Kanpur Dehat,156,Kanpur Outer,0,0,0,0,0,0,0,0,0,0,0,0,0,0,0,0,0,0,0,0,0,0,0,0,0
2022,Uttar Pradesh,9,Kanpur Nagar,157,Kanpur Commissionarate,81,363,1,367,381,1,0,437,281,1075,43,2,0,0,35,541,0,139,0,91,451,18,0,5,4427
2022,Uttar Pradesh,9,Kasganj,633,Kasganj,42,117,26,199,295,0,0,216,59,114,28,0,1,0,0,51,0,0,0,51,37,12,42,0,1032
2022,Uttar Pradesh,9,Kaushambi,158,Kaushambi,34,256,0,48,143,2,0,211,67,68,13,1,0,0,0,55,0,11,0,24,33,16,0,0,1599
2022,Uttar Pradesh,9,Kheri,159,Khiri,79,405,0,96,240,0,0,360,99,274,53,0,0,0,0,71,0,0,0,0,59,25,104,0,6147
2022,Uttar Pradesh,9,Kushi Nagar,160,Kushi Nagar,5,0,0,0,223,0,0,325,97,0,0,0,0,0,0,0,0,0,0,0,0,0,0,0,0
2022,Uttar Pradesh,9,Kushinagar,160,Kushi Nagar,39,161,0,89,341,0,0,0,0,98,27,0,3,0,169,116,7,0,0,22,43,8,59,0,8
2022,Uttar Pradesh,9,Lalitpur,161,Lalitpur,13,72,3,52,42,0,0,48,40,38,13,0,0,0,0,36,0,3,0,15,0,4,0,0,384
2022,Uttar Pradesh,9,Lucknow,162,Grp,17,12,1,35,30,0,7,19,5,0,1,0,0,0,0,1,0,0,0,0,19,117,0,0,351
2022,Uttar Pradesh,9,Lucknow,162,Lucknow Commissionarate,136,530,0,387,293,0,0,398,277,1038,43,0,44,22,0,1134,0,52,0,107,1844,145,257,0,248
2022,Uttar Pradesh,9,Lucknow,162,Lucknow Grameen,0,0,0,0,0,0,0,0,0,0,0,0,0,0,0,0,0,0,0,0,0,0,0,0,0
2022,Uttar Pradesh,9,Maharajganj,164,Maharajganj,3,0,0,0,8,0,1,93,70,0,0,0,0,0,0,0,0,0,0,0,0,0,0,0,0
2022,Uttar Pradesh,9,Mahoba,165,Mahoba,9,68,0,61,85,0,0,141,61,12,8,0,7,7,15,20,0,5,0,11,31,8,0,0,5
2022,Uttar Pradesh,9,Mahrajganj,164,Maharajganj,21,71,0,24,3,0,2,0,0,176,23,0,4,0,12,52,0,2,0,36,19,6,55,0,710
2022,Uttar Pradesh,9,Mainpuri,166,Mainpuri,43,201,2,105,270,1,0,267,84,189,45,0,11,0,0,26,0,6,0,0,0,23,0,0,60
2022,Uttar Pradesh,9,Mathura,167,Mathura,101,269,0,356,396,2,0,214,173,373,34,0,0,0,0,166,0,0,0,0,0,120,0,0,3303
2022,Uttar Pradesh,9,Mau,168,Mau,28,153,0,83,142,0,0,111,107,20,301,0,0,0,0,125,1,14,0,71,52,27,53,0,13
2022,Uttar Pradesh,9,Meerut,169,Meerut,124,274,67,125,800,0,0,485,146,613,28,0,0,0,0,190,0,0,0,190,0,49,402,0,649
2022,Uttar Pradesh,9,Mirzapur,170,Mirzapur,31,116,0,33,54,0,0,132,64,106,26,0,5,0,45,62,0,0,0,8,18,4,30,0,337
2022,Uttar Pradesh,9,Moradabad,171,Moradabad,39,121,3,108,72,0,0,161,148,399,23,0,0,0,26,58,3,10,2,6,0,11,0,0,5
2022,Uttar Pradesh,9,Muzaffarnagar,172,Muzaffarnagar,56,194,50,55,49,0,0,202,71,314,23,0,0,0,0,104,17,0,14,20,45,27,24,0,1134
2022,Uttar Pradesh,9,Pilibhit,173,Pilibhit,68,548,2,171,524,0,2,356,91,353,33,0,4,0,0,93,0,2,0,34,258,33,0,0,265
2022,Uttar Pradesh,9,Pratapgarh,174,Pratapgarh,88,422,0,164,220,2,0,351,126,536,21,0,0,0,0,82,0,31,0,10,176,46,0,0,5999
2022,Uttar Pradesh,9,Prayagraj,120,Prayagraj,106,390,0,532,336,4,0,346,84,947,50,0,28,1,141,891,0,0,0,20,479,52,0,0,93
2022,Uttar Pradesh,9,Rae Bareli,175,Raibareilly,34,304,0,69,385,0,0,412,115,138,18,0,0,0,0,101,0,0,0,0,88,10,0,0,0
2022,Uttar Pradesh,9,Rampur,176,Rampur,36,316,4,80,173,0,0,143,68,16,470,0,7,0,3,46,0,0,4,28,0,20,163,0,117
2022,Uttar Pradesh,9,Saharanpur,177,Saharanpur,34,133,0,91,321,0,2,202,112,376,25,0,0,0,13,79,0,5,0,64,92,11,280,0,678
2022,Uttar Pradesh,9,Sambhal,659,Sambhal,58,263,6,113,151,1,3,198,125,229,63,2,3,1,0,75,20,1,8,10,107,29,12,0,75
2022,Uttar Pradesh,9,Sant Kabeer Nagar,178,Sant Kabirnagar,1,19,0,50,96,0,0,241,74,0,0,0,0,0,0,0,0,0,0,0,0,0,0,0,0
2022,Uttar Pradesh,9,Sant Kabir Nagar,178,Sant Kabirnagar,23,182,19,127,5,0,0,0,0,69,9,0,4,0,0,38,0,0,0,36,40,6,0,0,689
2022,Uttar Pradesh,9,Shahjahanpur,180,Shahjahanpur,57,91,0,130,173,0,0,159,90,303,68,1,0,0,0,68,0,0,0,70,53,1,46,0,148
2022,Uttar Pradesh,9,Shamli,660,Shamli,26,110,0,147,35,1,0,112,110,252,5,0,0,0,15,56,0,3,0,22,0,30,77,0,453
2022,Uttar Pradesh,9,Shravasti,181,Shrawasti,1,0,0,0,96,0,0,164,40,0,0,0,0,0,0,0,0,0,0,0,0,0,0,0,0
2022,Uttar Pradesh,9,Shrawasti,181,Shrawasti,12,167,0,50,30,0,1,0,0,7,176,0,8,0,0,17,0,5,0,6,39,13,73,0,9
2022,Uttar Pradesh,9,Siddharth Nagar,182,Sidharthnagar,4,20,0,0,50,0,0,241,167,0,0,0,0,0,0,0,0,0,0,0,0,0,0,0,0
2022,Uttar Pradesh,9,Siddharthnagar,182,Sidharthnagar,20,134,20,110,8,0,4,0,86,13,140,0,3,0,0,76,0,0,0,0,84,6,0,0,1741
2022,Uttar Pradesh,9,Sitapur,183,Sitapur,64,323,0,78,511,1,0,297,27,293,48,0,0,0,0,58,0,0,0,0,126,51,0,0,0
2022,Uttar Pradesh,9,Sonbhadra,184,Sonbhadra,42,205,0,51,50,0,2,122,122,79,102,0,0,0,0,60,0,0,0,0,81,8,0,0,43
2022,Uttar Pradesh,9,Sultanpur,185,Sultanpur,59,337,5,146,543,1,0,433,85,34,242,0,6,0,18,131,34,0,0,11,90,46,53,0,34
2022,Uttar Pradesh,9,Unnao,186,Unnao,50,117,0,147,352,0,0,227,149,217,30,0,5,0,45,76,3,1,0,57,39,23,59,0,3
2022,Uttar Pradesh,9,Varanasi,187,Varanasi Commissionarate,53,165,1,113,294,0,1,241,91,485,28,0,9,0,141,331,0,35,8,47,207,27,168,0,545
2022,Uttar Pradesh,9,Varanasi,187,Vasanasi Dehat,0,0,0,0,0,0,0,0,0,0,0,0,0,0,0,0,0,0,0,0,0,0,0,0,0
2022,Uttarakhand,5,Almora,45,Almora,2,47,0,12,2,0,0,36,19,6,0,0,0,0,0,13,0,0,1,0,0,4,0,0,34
2022,Uttarakhand,5,Bageshwar,46,Bageshwar,8,27,0,4,0,0,0,9,7,3,1,0,0,0,4,4,1,1,0,1,13,1,0,0,24
2022,Uttarakhand,5,Chamoli,47,Chamoli,1,12,1,8,29,0,0,23,13,9,7,0,0,0,2,6,0,0,0,0,11,1,1,0,5
2022,Uttarakhand,5,Champawat,48,Champawat,4,17,2,9,10,0,0,7,4,4,1,0,0,0,0,25,8,2,2,2,8,1,3,0,11
2022,Uttarakhand,5,Cyber Cell,9999,Cyber Cell,0,0,0,0,0,0,0,0,0,0,0,0,0,0,0,0,0,0,0,0,0,0,0,0,0
2022,Uttarakhand,5,Dehradun,49,Cyber Cell,0,0,0,0,0,0,0,0,0,0,0,0,0,0,0,30,0,10,0,0,0,0,0,0,0
2022,Uttarakhand,5,Dehradun,49,Dehradun,34,476,13,162,396,0,2,423,178,362,15,0,14,0,98,224,0,0,0,0,0,83,0,3,18
2022,Uttarakhand,5,Dehradun,49,Grp,0,3,0,0,0,0,0,1,1,0,0,0,0,0,0,0,0,0,0,0,0,4,0,0,11
2022,Uttarakhand,5,Haridwar,50,Haridwar,42,601,0,162,309,1,6,427,215,201,20,1,0,0,4,38,0,0,4,0,0,62,94,4,1214
2022,Uttarakhand,5,Nainital,51,Nainital,22,287,0,165,225,0,1,279,115,78,9,0,7,0,33,54,9,1,7,0,82,21,0,0,324
2022,Uttarakhand,5,Pauri Garhwal,52,Pauri Garhwal,14,57,0,27,35,0,0,31,18,23,18,0,2,0,10,12,0,1,0,3,46,0,5,0,6
2022,Uttarakhand,5,Pithoragarh,53,Pithoragarh,4,48,0,33,53,0,0,38,20,6,4,0,1,0,7,77,19,0,12,21,0,4,3,0,43
2022,Uttarakhand,5,Rudra Prayag,54,Rudra Prayag,4,2,0,5,17,0,0,7,0,0,0,0,0,0,0,3,0,2,0,0,0,0,0,0,17
2022,Uttarakhand,5,Tehri Garhwal,55,Tehri Garhwal,3,39,2,11,16,0,0,21,9,12,9,0,1,0,3,8,0,3,0,3,20,1,1,0,7
2022,Uttarakhand,5,Udam Singh Nagar,56,Udham Singh Nagar,0,0,0,0,0,0,0,0,0,0,0,0,0,0,0,123,0,5,1,15,0,0,0,0,1
2022,Uttarakhand,5,Udam Singh Nagar,56,Udhamsingh Nagar,53,724,0,154,144,3,7,374,238,246,24,0,0,0,0,0,0,0,0,11,92,55,80,2,1499
2022,Uttarakhand,5,Uttar Kashi,57,Uttarkashi,7,40,0,5,28,0,0,30,14,4,0,0,0,0,0,6,0,0,0,0,0,0,0,0,54
2022,West Bengal,19,24 Paraganas North,303,Bangaon,0,0,0,0,97,0,0,139,35,0,0,0,0,1,0,0,0,0,0,0,0,0,0,0,0
2022,West Bengal,19,24 Paraganas North,303,Barasat,0,0,0,0,156,0,1,260,87,0,0,0,6,0,0,0,0,0,0,0,0,0,0,0,0
2022,West Bengal,19,24 Paraganas North,303,Barrackpur Pc,1,0,0,0,209,0,3,348,71,0,0,0,1,7,0,0,0,0,0,0,0,0,0,0,0
2022,West Bengal,19,24 Paraganas North,303,Basirhat,0,0,0,0,210,0,2,295,64,0,0,0,0,0,0,0,0,0,0,0,0,0,0,0,0
2022,West Bengal,19,24 Paraganas North,303,Bidhannagar Pc,2,0,0,0,68,0,0,113,42,0,0,0,0,0,0,0,0,0,0,0,0,0,0,0,0
2022,West Bengal,19,24 Paraganas South,304,Baruipur Police,8,0,0,0,379,0,7,576,169,0,0,0,2,0,0,0,0,0,0,0,0,0,0,0,0
2022,West Bengal,19,24 Paraganas South,304,Diamond Harbour Police,0,0,0,0,81,2,0,150,61,0,0,0,1,0,0,0,0,0,0,0,0,0,0,1,0
2022,West Bengal,19,24 Paraganas South,304,Sundarban Police,0,0,0,0,161,0,2,275,99,0,0,0,1,0,0,0,0,0,0,0,0,0,0,2,0
2022,West Bengal,19,Alipurduar,664,Alipurduar,54,118,21,40,235,0,0,204,84,313,10,0,17,0,18,10,3,0,0,0,48,3,12,2,334
2022,West Bengal,19,Bankura,305,Bankura,45,76,14,104,170,0,0,138,45,294,18,1,10,0,62,3,0,0,0,4,78,6,36,0,661
2022,West Bengal,19,Birbhum,307,Birbhum,94,95,17,43,154,1,0,152,59,371,8,4,21,0,18,28,0,0,8,0,139,12,7,1,104
2022,West Bengal,19,Cooch Behar,308,Coochbehar,42,176,58,48,360,10,0,0,0,582,19,0,18,0,0,16,0,0,0,0,76,23,16,3,1643
2022,West Bengal,19,Coochbehar,308,Coochbehar,0,0,0,0,211,0,0,327,113,0,0,0,0,0,0,0,0,0,0,0,0,0,0,0,0
2022,West Bengal,19,Dakshin Dinajpur,310,Dakshin Dinajpur,40,68,16,22,193,4,1,0,1,163,11,0,11,0,0,18,1,0,0,0,60,1,16,0,90
2022,West Bengal,19,Darjeeling,309,Darjeeling,20,48,4,85,162,0,6,136,49,141,0,0,4,0,0,0,0,0,0,0,42,1,25,0,503
2022,West Bengal,19,Darjeeling,309,Siliguri Grp,8,0,1,2,6,0,5,7,1,0,1,0,3,0,0,0,0,0,0,0,1,3,0,0,16
2022,West Bengal,19,Darjeeling,309,Siliguri Pc,24,64,13,102,400,2,0,263,67,503,3,0,1,0,0,25,0,0,0,0,401,15,180,10,1901
2022,West Bengal,19,Dinajpur Dakshin,310,Dakshin Dinajpur,2,0,0,0,183,0,0,248,35,0,0,0,1,6,0,0,0,0,0,0,0,0,0,0,0
2022,West Bengal,19,Dinajpur Uttar,311,Islampur,2,0,0,1,55,0,0,90,27,0,0,0,0,1,0,0,0,0,0,0,0,0,0,1,0
2022,West Bengal,19,Dinajpur Uttar,311,Raiganj,1,0,0,0,91,0,1,147,50,0,0,0,2,0,0,0,0,0,0,0,0,0,0,0,0
2022,West Bengal,19,Hooghly,312,Chandannagar Pc,12,43,7,20,86,1,0,94,45,500,6,1,5,0,8,14,6,0,0,0,221,2,4,0,745
2022,West Bengal,19,Hooghly,312,Hooghly Rural Police,42,92,9,20,261,2,0,210,78,588,22,0,25,0,0,13,3,1,1,0,225,14,7,0,2888
2022,West Bengal,19,Howrah,313,Howrah Grp,5,0,0,2,1,0,3,6,2,0,0,0,2,0,0,0,0,0,0,0,4,0,0,0,13
2022,West Bengal,19,Howrah,313,Howrah Pc,32,63,12,40,174,4,3,201,91,563,8,0,16,0,0,28,0,0,0,0,329,15,63,0,2267
2022,West Bengal,19,Howrah,313,Howrah Rural,49,73,12,15,305,1,4,244,80,471,10,1,14,0,8,4,0,3,0,0,101,9,34,0,481
2022,West Bengal,19,Jalpaiguri,314,Jalpaiguri,37,137,21,23,286,1,3,250,104,291,19,0,6,0,4,22,0,0,0,0,119,3,51,0,1257
2022,West Bengal,19,Jhargram,703,Jhargram,27,62,9,26,120,0,3,92,22,96,3,0,2,0,8,12,3,0,0,0,32,5,3,0,340
2022,West Bengal,19,Kalimpong,702,Kalimpong,7,18,2,20,20,0,3,30,17,17,0,0,0,0,0,2,0,0,0,0,23,1,0,0,28
2022,West Bengal,19,Kolkata,315,Kolkata,35,142,0,491,663,11,4,602,191,860,4,3,16,0,3,139,29,12,6,7,1789,17,53,8,1694
2022,West Bengal,19,Kolkata,315,Sealdah Grp,11,0,0,15,6,0,0,8,0,0,1,0,3,1,0,0,0,0,0,0,10,3,0,0,2
2022,West Bengal,19,Malda,316,Malda,97,551,97,113,368,1,1,0,0,707,11,3,37,0,0,26,2,2,3,0,266,17,21,2,1186
2022,West Bengal,19,Maldah,316,Malda,3,0,0,0,292,0,0,581,275,0,0,0,5,0,0,0,0,0,0,0,0,0,0,0,0
2022,West Bengal,19,Medinipur East,317,Purab Medinipur,1,0,0,0,527,1,1,623,78,0,0,0,1,0,0,0,0,0,0,0,0,0,0,0,0
2022,West Bengal,19,Medinipur West,318,Kharagpur Grp,1,0,0,0,0,0,2,3,0,0,0,0,0,0,0,0,0,0,0,0,0,0,0,0,0
2022,West Bengal,19,Medinipur West,318,Paschim Medinipur,0,0,0,0,212,0,0,297,83,0,0,0,0,0,0,0,0,0,0,0,0,0,0,0,0
2022,West Bengal,19,Murshidabad,319,Jangipur Police District,25,48,13,15,140,1,0,86,38,608,10,0,0,0,0,4,0,0,0,0,41,4,3,1,461
2022,West Bengal,19,Murshidabad,319,Murshidabad Police District,131,323,98,91,832,3,0,616,183,1394,15,5,26,0,209,7,0,0,0,0,135,12,116,0,426
2022,West Bengal,19,Nadia,320,Krishnagar,75,194,84,41,383,5,0,304,45,682,14,4,15,0,15,0,0,0,0,0,230,5,9,0,1913
2022,West Bengal,19,Nadia,320,Ranaghat,36,98,44,37,330,0,0,217,67,707,21,1,2,0,0,0,0,0,0,0,118,4,0,1,1545
2022,West Bengal,19,North 24 Parganas,303,Bangaon,17,95,18,84,119,2,0,0,0,609,13,1,4,0,0,32,0,0,0,0,105,1,43,0,501
2022,West Bengal,19,North 24 Parganas,303,Barasat,42,119,21,60,134,2,2,0,0,754,12,1,23,0,0,22,2,0,5,6,183,3,63,0,1014
2022,West Bengal,19,North 24 Parganas,303,Barrackpur Pc,59,62,12,656,187,13,5,0,5,1352,13,3,17,0,60,50,0,0,2,0,906,21,105,0,1948
2022,West Bengal,19,North 24 Parganas,303,Basirhat,37,132,22,20,408,5,4,0,0,597,17,0,0,0,0,15,0,0,0,0,0,4,58,0,151
2022,West Bengal,19,North 24 Parganas,303,Bidhannagar Pc,20,49,4,75,55,1,0,0,0,351,6,2,4,0,36,10,0,0,0,0,746,1,37,1,1286
2022,West Bengal,19,Paschim Bardhaman,704,Asansol-Durgapur Pc,54,62,5,25,86,1,0,99,59,257,15,0,18,0,29,48,9,2,6,0,240,13,93,1,193
2022,West Bengal,19,Paschim Medinipur,318,Kharagpur Grp,8,0,0,4,0,0,2,0,0,0,0,0,1,0,0,0,0,0,0,0,5,0,0,0,2
2022,West Bengal,19,Paschim Medinipur,318,Paschim Medinipur,110,71,11,147,302,0,0,0,1,569,12,0,8,0,0,3,0,0,0,0,45,49,69,1,1782
2022,West Bengal,19,Purba Bardhaman,306,Purba Bardhaman,75,144,45,140,635,2,2,440,112,1074,13,3,40,0,3,33,0,4,1,2,327,7,0,2,2808
2022,West Bengal,19,Purba Medinipur,317,Purab Medinipur,80,368,32,55,431,7,4,0,1,847,25,2,13,0,27,65,13,0,6,3,87,22,94,2,2161
2022,West Bengal,19,Purulia,321,Purulia,52,52,7,34,68,1,0,79,39,220,8,1,5,0,17,0,0,0,0,0,15,6,3,0,916
2022,West Bengal,19,South 24 Parganas,304,Baruipur Police,96,254,42,35,412,4,14,0,0,1339,15,1,14,0,138,3,0,0,0,0,428,12,19,0,3898
2022,West Bengal,19,South 24 Parganas,304,Diamond Harbour Police,40,73,1,38,85,2,0,0,1,692,15,0,4,0,0,18,5,0,1,0,90,1,7,1,1217
2022,West Bengal,19,South 24 Parganas,304,Sundarban Police,51,133,12,69,203,0,6,0,0,794,5,1,10,0,0,17,0,0,5,5,132,9,5,2,634
2022,West Bengal,19,Uttar Dinajpur,311,Islampur,23,68,12,8,68,0,0,0,1,152,9,0,6,0,5,2,0,0,0,2,16,9,2,2,183
2022,West Bengal,19,Uttar Dinajpur,311,Raiganj,22,92,30,13,121,1,1,0,2,192,14,0,14,0,23,20,2,8,0,0,97,4,0,0,802
